axis,model,budget,score_pct,cohort_size,lower_pct,upper_pct
cost_usd,gemini,0.0,0.0,64,0.0,0.0
cost_usd,gemini,0.03570975,0.627204234375,64,0.0,0.627204234375
cost_usd,gemini,0.05134343,0.627204234375,64,0.627204234375,0.627204234375
cost_usd,gemini,0.06399072,0.633890265625,64,0.627204234375,0.633890265625
cost_usd,gemini,0.08744566,0.633890265625,64,0.633890265625,0.633890265625
cost_usd,gemini,0.091722,0.6454153593749999,64,0.633890265625,0.6454153593749999
cost_usd,gemini,0.11093095,0.6454153593749999,64,0.6454153593749999,0.6454153593749999
cost_usd,gemini,0.12159482,0.6573098437499999,64,0.6454153593749999,0.6573098437499999
cost_usd,gemini,0.13014359,0.6573098437499999,64,0.6573098437499999,0.6573098437499999
cost_usd,gemini,0.14725639,0.68615953125,64,0.6573098437499999,0.68615953125
cost_usd,gemini,0.15369111,0.68615953125,64,0.68615953125,0.68615953125
cost_usd,gemini,0.17936277,0.7082123593749999,64,0.68615953125,0.7082123593749999
cost_usd,gemini,0.19432288,0.7082123593749999,64,0.7082123593749999,0.7082123593749999
cost_usd,gemini,0.21148805,0.727051453125,64,0.7082123593749999,0.727051453125
cost_usd,gemini,0.21362192,0.727051453125,64,0.727051453125,0.727051453125
cost_usd,gemini,0.232901,0.7529459843749999,64,0.727051453125,0.7529459843749999
cost_usd,gemini,0.23932037,0.7529459843749999,64,0.7529459843749999,0.7529459843749999
cost_usd,gemini,0.247894,0.792471140625,64,0.7529459843749999,0.792471140625
cost_usd,gemini,0.2649607,0.792471140625,64,0.792471140625,0.792471140625
cost_usd,gemini,0.27570017,0.8025556093749999,64,0.792471140625,0.8025556093749999
cost_usd,gemini,0.28636057,0.8025556093749999,64,0.8025556093749999,0.8025556093749999
cost_usd,gemini,0.2949163,0.8333999999999999,64,0.8025556093749999,0.8333999999999999
cost_usd,gemini,0.29921907,0.8333999999999999,64,0.8333999999999999,0.8333999999999999
cost_usd,gemini,0.31630878,0.8399382812499999,64,0.8333999999999999,0.8399382812499999
cost_usd,gemini,0.32480738,0.86018446875,64,0.8333999999999999,0.86018446875
cost_usd,gemini,0.3267525,0.9892605624999999,64,0.8333999999999999,0.9892605624999999
cost_usd,gemini,0.32912152,0.9892605624999999,64,0.8399382812499999,0.9892605624999999
cost_usd,gemini,0.3336036,0.9892605624999999,64,0.86018446875,0.9892605624999999
cost_usd,gemini,0.33765032,1.00680678125,64,0.86018446875,1.00680678125
cost_usd,gemini,0.3437451,1.00680678125,64,0.9892605624999999,1.00680678125
cost_usd,gemini,0.35686608,1.009429484375,64,1.00680678125,1.009429484375
cost_usd,gemini,0.36756648,1.009429484375,64,1.009429484375,1.009429484375
cost_usd,gemini,0.38257498,1.0450390625,64,1.009429484375,1.0450390625
cost_usd,gemini,0.41461393,1.0450390625,64,1.0450390625,1.0450390625
cost_usd,gemini,0.42106641,1.0715985,64,1.0450390625,1.0715985
cost_usd,gemini,0.42746319,1.079134140625,64,1.0715985,1.079134140625
cost_usd,gemini,0.45307843,1.079134140625,64,1.079134140625,1.079134140625
cost_usd,gemini,0.46379809,1.093651328125,64,1.079134140625,1.093651328125
cost_usd,gemini,0.47659782,1.093651328125,64,1.093651328125,1.093651328125
cost_usd,gemini,0.48941582,1.1254561562499998,64,1.093651328125,1.1254561562499998
cost_usd,gemini,0.4958607,1.1254561562499998,64,1.1254561562499998,1.1254561562499998
cost_usd,gemini,0.50867493,1.1250498281249999,64,1.1250498281249999,1.1254561562499998
cost_usd,gemini,0.5182146,1.1250498281249999,64,1.1250498281249999,1.1250498281249999
cost_usd,gemini,0.53094045,1.133479109375,64,1.1250498281249999,1.133479109375
cost_usd,gemini,0.54106253,1.37322259375,64,1.3647933125,1.37322259375
cost_usd,gemini,0.54572557,1.37322259375,64,1.37322259375,1.37322259375
cost_usd,gemini,0.56156535,1.3873032031249999,64,1.37322259375,1.3873032031249999
cost_usd,gemini,0.5758335,1.3873032031249999,64,1.3873032031249999,1.3873032031249999
cost_usd,gemini,0.5759508,1.605218640625,64,1.3873032031249999,1.605218640625
cost_usd,gemini,0.58680908,1.605218640625,64,1.605218640625,1.605218640625
cost_usd,gemini,0.59507437,1.7951942031249999,64,1.605218640625,1.7951942031249999
cost_usd,gemini,0.6155142,1.7951942031249999,64,1.7951942031249999,1.7951942031249999
cost_usd,gemini,0.73649708,1.7951942031249999,64,1.7951942031249999,1.7951942031249999
cost_usd,gemini,0.7387311,1.7951942031249999,64,1.7951942031249999,1.7951942031249999
cost_usd,gemini,0.7461378,2.09314709375,64,1.7951942031249999,2.09314709375
cost_usd,gemini,0.74814053,2.09314709375,64,1.7951942031249999,2.09314709375
cost_usd,gemini,0.74927835,2.09314709375,64,1.7951942031249999,2.09314709375
cost_usd,gemini,0.75816683,2.09314709375,64,2.09314709375,2.09314709375
cost_usd,gemini,0.7767798,2.095258421875,64,2.09314709375,2.095258421875
cost_usd,gemini,0.782154,2.08964159375,64,2.087530265625,2.095258421875
cost_usd,gemini,0.79119982,2.08964159375,64,2.08964159375,2.095258421875
cost_usd,gemini,0.79550002,2.08964159375,64,2.08964159375,2.08964159375
cost_usd,gemini,0.82645598,2.09666884375,64,2.09666884375,2.09666884375
cost_usd,gemini,0.88354583,2.090089890625,64,2.090089890625,2.09666884375
cost_usd,gemini,0.90007103,2.090089890625,64,2.090089890625,2.090089890625
cost_usd,gemini,0.90340455,2.142241390625,64,2.090089890625,2.142241390625
cost_usd,gemini,0.92208045,2.142241390625,64,2.142241390625,2.142241390625
cost_usd,gemini,0.93155047,2.1551669375,64,2.142241390625,2.1551669375
cost_usd,gemini,0.93840075,2.1551669375,64,2.142241390625,2.1551669375
cost_usd,gemini,0.9471606,2.1551669375,64,2.1551669375,2.1551669375
cost_usd,gemini,0.9540963,2.1551669375,64,2.1551669375,2.1551669375
cost_usd,gemini,0.95838277,2.1551669375,64,2.1551669375,2.1551669375
cost_usd,gemini,0.96148627,2.22489834375,64,2.1551669375,2.22489834375
cost_usd,gemini,0.9706077,2.22489834375,64,2.1551669375,2.22489834375
cost_usd,gemini,0.97911832,2.22489834375,64,2.22489834375,2.22489834375
cost_usd,gemini,1.05734197,2.32440559375,64,2.22489834375,2.32440559375
cost_usd,gemini,1.06391235,2.36718421875,64,2.22489834375,2.36718421875
cost_usd,gemini,1.06883707,2.36718421875,64,2.32440559375,2.36718421875
cost_usd,gemini,1.06902907,2.368445921875,64,2.32440559375,2.368445921875
cost_usd,gemini,1.07920275,2.554206203125,64,2.32440559375,2.554206203125
cost_usd,gemini,1.07940938,2.554206203125,64,2.36718421875,2.554206203125
cost_usd,gemini,1.0809312,2.554206203125,64,2.368445921875,2.554206203125
cost_usd,gemini,1.12630448,2.43613003125,64,2.25036975,2.554206203125
cost_usd,gemini,1.12758368,2.440991421875,64,2.25036975,2.55906759375
cost_usd,gemini,1.12986292,2.60066946875,64,2.25036975,2.718745640625
cost_usd,gemini,1.13081805,2.61671653125,64,2.25036975,2.734792703125
cost_usd,gemini,1.136433,2.61671653125,64,2.43613003125,2.734792703125
cost_usd,gemini,1.1420223,2.61671653125,64,2.440991421875,2.734792703125
cost_usd,gemini,1.14383828,2.61671653125,64,2.440991421875,2.61671653125
cost_usd,gemini,1.15089577,2.61671653125,64,2.60066946875,2.61671653125
cost_usd,gemini,1.15246838,2.61671653125,64,2.61671653125,2.61671653125
cost_usd,gemini,1.1634591,2.96545721875,64,2.61671653125,2.96545721875
cost_usd,gemini,1.1644491,2.966436234375,64,2.61671653125,2.966436234375
cost_usd,gemini,1.17550927,2.966436234375,64,2.617695546875,2.966436234375
cost_usd,gemini,1.19311178,2.966436234375,64,2.966436234375,2.966436234375
cost_usd,gemini,1.22515635,3.225790921875,64,2.966436234375,3.225790921875
cost_usd,gemini,1.2371208,3.225790921875,64,3.225790921875,3.225790921875
cost_usd,gemini,1.2663441,3.2292709375,64,3.225790921875,3.2292709375
cost_usd,gemini,1.27800353,3.2292709375,64,3.2292709375,3.2292709375
cost_usd,gemini,1.29465433,3.236464046875,64,3.2292709375,3.236464046875
cost_usd,gemini,1.29639228,3.236464046875,64,3.236464046875,3.236464046875
cost_usd,gemini,1.36628618,3.252324515625,64,3.252324515625,3.252324515625
cost_usd,gemini,1.37868375,3.252324515625,64,3.252324515625,3.252324515625
cost_usd,gemini,1.39091348,3.252324515625,64,3.252324515625,3.252324515625
cost_usd,gemini,1.41681412,3.435836984375,64,3.252324515625,3.435836984375
cost_usd,gemini,1.42578127,4.12188534375,64,3.252324515625,4.12188534375
cost_usd,gemini,1.42837372,4.12188534375,64,3.435836984375,4.12188534375
cost_usd,gemini,1.43782537,4.12188534375,64,4.12188534375,4.12188534375
cost_usd,gemini,1.46403758,4.450302125,64,4.12188534375,4.450302125
cost_usd,gemini,1.46477692,4.84310478125,64,4.514688,4.84310478125
cost_usd,gemini,1.47086437,4.84310478125,64,4.514688,4.84310478125
cost_usd,gemini,1.47216097,4.988362609375,64,4.514688,4.988362609375
cost_usd,gemini,1.47567353,4.988362609375,64,4.84310478125,4.988362609375
cost_usd,gemini,1.4763408,4.988701875,64,4.84310478125,4.988701875
cost_usd,gemini,1.48454992,4.988701875,64,4.84310478125,4.988701875
cost_usd,gemini,1.48485525,4.988701875,64,4.84310478125,4.988701875
cost_usd,gemini,1.48987748,4.988701875,64,4.843444046875,4.988701875
cost_usd,gemini,1.4917098,4.988701875,64,4.988701875,4.988701875
cost_usd,gemini,1.4985231,4.9979568125,64,4.988701875,4.9979568125
cost_usd,gemini,1.51027102,4.9979568125,64,4.9979568125,4.9979568125
cost_usd,gemini,1.53327991,4.998718296875,64,4.9979568125,4.998718296875
cost_usd,gemini,1.53355734,4.998718296875,64,4.998718296875,4.998718296875
cost_usd,gemini,1.555737,4.998718296875,64,4.998718296875,4.998718296875
cost_usd,gemini,1.60157948,5.031859578125,64,4.998718296875,5.031859578125
cost_usd,gemini,1.61566725,5.031859578125,64,5.031859578125,5.031859578125
cost_usd,gemini,1.61741505,5.04455434375,64,5.031859578125,5.04455434375
cost_usd,gemini,1.6291722,5.04455434375,64,5.04455434375,5.04455434375
cost_usd,gemini,1.65778983,5.04416859375,64,5.04416859375,5.04455434375
cost_usd,gemini,1.65791161,5.04416859375,64,5.04416859375,5.04416859375
cost_usd,gemini,1.69304453,5.04416859375,64,5.04416859375,5.04416859375
cost_usd,gemini,1.70168955,5.137803703125,64,5.04416859375,5.137803703125
cost_usd,gemini,1.70496315,5.137803703125,64,5.04416859375,5.137803703125
cost_usd,gemini,1.715613,5.137803703125,64,5.137803703125,5.137803703125
cost_usd,gemini,1.75122615,5.137803703125,64,5.137803703125,5.137803703125
cost_usd,gemini,1.75135815,5.137803703125,64,5.137803703125,5.137803703125
cost_usd,gemini,1.75264616,5.137803703125,64,5.137803703125,5.137803703125
cost_usd,gemini,1.75303375,5.137803703125,64,5.137803703125,5.137803703125
cost_usd,gemini,1.75462125,5.179313484375,64,5.179313484375,5.179313484375
cost_usd,gemini,1.770384,5.37296165625,64,5.179313484375,5.37296165625
cost_usd,gemini,1.7707146,5.490110515625,64,5.179313484375,5.490110515625
cost_usd,gemini,1.77354225,5.496295296875,64,5.179313484375,5.496295296875
cost_usd,gemini,1.78286033,5.496295296875,64,5.29646234375,5.496295296875
cost_usd,gemini,1.7832777,5.51190675,64,5.29646234375,5.51190675
cost_usd,gemini,1.78580662,5.51190675,64,5.302647125,5.51190675
cost_usd,gemini,1.7953407,5.555117484375,64,5.302647125,5.555117484375
cost_usd,gemini,1.79542283,5.600799390625,64,5.302647125,5.600799390625
cost_usd,gemini,1.79872485,5.600799390625,64,5.318258578125,5.600799390625
cost_usd,gemini,1.8050784,6.7031726875,64,5.318258578125,6.7031726875
cost_usd,gemini,1.80802395,6.7031726875,64,5.363940484375,6.7031726875
cost_usd,gemini,1.814895,6.7031726875,64,5.40715121875,6.7031726875
cost_usd,gemini,1.81559865,6.7031726875,64,5.600799390625,6.7031726875
cost_usd,gemini,1.81705267,6.7031726875,64,6.7031726875,6.7031726875
cost_usd,gemini,1.8181731,6.71354984375,64,6.7031726875,6.71354984375
cost_usd,gemini,1.83041055,6.857930078125,64,6.7031726875,6.857930078125
cost_usd,gemini,1.8321102,6.857930078125,64,6.71354984375,6.857930078125
cost_usd,gemini,1.83870908,6.857930078125,64,6.71354984375,6.857930078125
cost_usd,gemini,1.85244367,7.434993734375,64,6.71354984375,7.434993734375
cost_usd,gemini,1.86059288,7.454439609375,64,6.71354984375,7.454439609375
cost_usd,gemini,1.86502695,7.454439609375,64,7.2906135,7.454439609375
cost_usd,gemini,1.86826298,7.454439609375,64,7.2906135,7.454439609375
cost_usd,gemini,1.86949665,7.454439609375,64,7.434993734375,7.454439609375
cost_usd,gemini,1.87814932,7.86345115625,64,7.434993734375,7.86345115625
cost_usd,gemini,1.88617455,7.86345115625,64,7.454439609375,7.86345115625
cost_usd,gemini,1.88901337,7.86565384375,64,7.454439609375,7.86565384375
cost_usd,gemini,1.9005969,7.86565384375,64,7.86345115625,7.86565384375
cost_usd,gemini,1.90142078,7.943456015625,64,7.86345115625,7.943456015625
cost_usd,gemini,1.9051143,7.96275553125,64,7.86345115625,7.96275553125
cost_usd,gemini,1.90897462,7.96275553125,64,7.86565384375,7.96275553125
cost_usd,gemini,1.91385015,7.96275553125,64,7.943456015625,7.96275553125
cost_usd,gemini,1.91891932,7.96275553125,64,7.96275553125,7.96275553125
cost_usd,gemini,1.92215392,7.265770171875,64,7.265770171875,7.96275553125
cost_usd,gemini,1.9364772,7.276154578125,64,7.265770171875,7.9731399375
cost_usd,gemini,1.93868827,7.276154578125,64,7.265770171875,7.276154578125
cost_usd,gemini,1.9452408,7.96795325,64,7.265770171875,7.96795325
cost_usd,gemini,1.95034305,7.96795325,64,7.276154578125,7.96795325
cost_usd,gemini,1.9581645,7.96795325,64,7.96795325,7.96795325
cost_usd,gemini,1.96096628,8.027369375,64,7.96795325,8.027369375
cost_usd,gemini,1.9769397,8.027369375,64,8.027369375,8.027369375
cost_usd,gemini,1.98126442,8.402346109375,64,8.027369375,8.402346109375
cost_usd,gemini,1.9957608,8.72797828125,64,8.027369375,8.72797828125
cost_usd,gemini,1.99957792,8.7378396875,64,8.027369375,8.7378396875
cost_usd,gemini,2.00262907,8.7378396875,64,8.402346109375,8.7378396875
cost_usd,gemini,2.02284405,8.75407090625,64,8.402346109375,8.75407090625
cost_usd,gemini,2.02682153,8.702941984375,64,8.3512171875,8.75407090625
cost_usd,gemini,2.03524957,8.702941984375,64,8.36744840625,8.75407090625
cost_usd,gemini,2.03664525,8.92351771875,64,8.36744840625,8.974646640625
cost_usd,gemini,2.0399229,8.92351771875,64,8.36744840625,8.92351771875
cost_usd,gemini,2.04105135,9.17965934375,64,8.36744840625,9.17965934375
cost_usd,gemini,2.04291278,9.17965934375,64,8.693080578125,9.17965934375
cost_usd,gemini,2.04798915,9.184382828125,64,8.693080578125,9.184382828125
cost_usd,gemini,2.05269187,9.184382828125,64,8.9136563125,9.184382828125
cost_usd,gemini,2.0562726,9.184382828125,64,9.1697979375,9.184382828125
cost_usd,gemini,2.0588727,9.184382828125,64,9.174521421875,9.184382828125
cost_usd,gemini,2.05894005,9.19878121875,64,9.174521421875,9.19878121875
cost_usd,gemini,2.06144933,9.2448413125,64,9.174521421875,9.2448413125
cost_usd,gemini,2.06979615,9.2448413125,64,9.184382828125,9.2448413125
cost_usd,gemini,2.07119093,9.2448413125,64,9.230442921875,9.2448413125
cost_usd,gemini,2.07326003,9.2526529375,64,9.230442921875,9.2526529375
cost_usd,gemini,2.0737164,9.2526529375,64,9.2448413125,9.2526529375
cost_usd,gemini,2.0859699,9.2526529375,64,9.2526529375,9.2526529375
cost_usd,gemini,2.08607662,9.272655484375,64,9.2526529375,9.272655484375
cost_usd,gemini,2.0872902,9.4334020625,64,9.2526529375,9.4334020625
cost_usd,gemini,2.10188692,9.4334020625,64,9.272655484375,9.4334020625
cost_usd,gemini,2.10485175,9.4334020625,64,9.4334020625,9.4334020625
cost_usd,gemini,2.10493695,9.433397453125,64,9.433397453125,9.4334020625
cost_usd,gemini,2.14375514,9.4334020625,64,9.433397453125,9.4334020625
cost_usd,gemini,2.1607326,9.4334020625,64,9.4334020625,9.4334020625
cost_usd,gemini,2.1996954,9.4334020625,64,9.4334020625,9.4334020625
cost_usd,gemini,2.21058428,9.4334020625,64,9.4334020625,9.4334020625
cost_usd,gemini,2.22409883,9.45415725,64,9.4334020625,9.45415725
cost_usd,gemini,2.22558113,9.480401296875,64,9.4334020625,9.480401296875
cost_usd,gemini,2.22611775,9.480401296875,64,9.4334020625,9.480401296875
cost_usd,gemini,2.23873193,9.480401296875,64,9.45415725,9.480401296875
cost_usd,gemini,2.2412358,9.480401296875,64,9.480401296875,9.480401296875
cost_usd,gemini,2.2471368,9.48240665625,64,9.480401296875,9.48240665625
cost_usd,gemini,2.26398795,9.501570859375,64,9.480401296875,9.501570859375
cost_usd,gemini,2.26512405,9.503995296875,64,9.480401296875,9.503995296875
cost_usd,gemini,2.2724457,9.503995296875,64,9.48240665625,9.503995296875
cost_usd,gemini,2.28453255,9.544737859375,64,9.48240665625,9.544737859375
cost_usd,gemini,2.2895682,9.544737859375,64,9.48240665625,9.544737859375
cost_usd,gemini,2.29584188,9.544737859375,64,9.48483109375,9.544737859375
cost_usd,gemini,2.2960221,9.550692421875,64,9.48483109375,9.550692421875
cost_usd,gemini,2.29918177,9.550692421875,64,9.52557365625,9.550692421875
cost_usd,gemini,2.30522528,9.554913375,64,9.52557365625,9.554913375
cost_usd,gemini,2.30861723,9.554913375,64,9.53152821875,9.554913375
cost_usd,gemini,2.33333453,9.554913375,64,9.550692421875,9.554913375
cost_usd,gemini,2.33613143,9.554913375,64,9.554913375,9.554913375
cost_usd,gemini,2.42779336,9.629828046875,64,9.554913375,9.629828046875
cost_usd,gemini,2.42786113,9.629828046875,64,9.629828046875,9.629828046875
cost_usd,gemini,2.43674505,9.71788053125,64,9.629828046875,9.71788053125
cost_usd,gemini,2.45458335,9.71788053125,64,9.71788053125,9.71788053125
cost_usd,gemini,2.46828052,9.720309421875,64,9.71788053125,9.720309421875
cost_usd,gemini,2.4820443,9.720309421875,64,9.720309421875,9.720309421875
cost_usd,gemini,2.48674343,9.773415046875,64,9.720309421875,9.773415046875
cost_usd,gemini,2.5040736,9.773415046875,64,9.773415046875,9.773415046875
cost_usd,gemini,2.52558277,9.802287328125,64,9.773415046875,9.802287328125
cost_usd,gemini,2.54267625,9.802287328125,64,9.802287328125,9.802287328125
cost_usd,gemini,2.58125805,9.837032390625,64,9.802287328125,9.837032390625
cost_usd,gemini,2.59892392,9.837032390625,64,9.837032390625,9.837032390625
cost_usd,gemini,2.6371665,9.853409171875,64,9.837032390625,9.853409171875
cost_usd,gemini,2.65192792,9.853409171875,64,9.853409171875,9.853409171875
cost_usd,gemini,2.68065368,9.900010046875,64,9.853409171875,9.900010046875
cost_usd,gemini,2.6898462,9.90191778125,64,9.853409171875,9.90191778125
cost_usd,gemini,2.69307292,9.943788828125,64,9.853409171875,9.943788828125
cost_usd,gemini,2.69474303,9.943788828125,64,9.900010046875,9.943788828125
cost_usd,gemini,2.70286717,9.943788828125,64,9.90191778125,9.943788828125
cost_usd,gemini,2.7154248,9.971827859375,64,9.90191778125,9.971827859375
cost_usd,gemini,2.71800128,9.984745437499999,64,9.90191778125,9.984745437499999
cost_usd,gemini,2.72888865,9.984745437499999,64,9.9299568125,9.984745437499999
cost_usd,gemini,2.73363488,9.984745437499999,64,9.942874390625,9.984745437499999
cost_usd,gemini,2.7369102,9.985646421875,64,9.942874390625,9.985646421875
cost_usd,gemini,2.7371895,9.985646421875,64,9.943775375,9.985646421875
cost_usd,gemini,2.75668642,9.985646421875,64,9.985646421875,9.985646421875
cost_usd,gemini,2.75701027,10.006246671875,64,9.985646421875,10.006246671875
cost_usd,gemini,2.76886395,10.006246671875,64,10.006246671875,10.006246671875
cost_usd,gemini,2.78562282,10.006246671875,64,10.006246671875,10.006246671875
cost_usd,gemini,2.78602639,10.006246671875,64,10.006246671875,10.006246671875
cost_usd,gemini,2.79642953,10.574428484375,64,10.006246671875,10.574428484375
cost_usd,gemini,2.80809908,10.574428484375,64,10.574428484375,10.574428484375
cost_usd,gemini,2.85496598,10.68189540625,64,10.574428484375,10.68189540625
cost_usd,gemini,2.85842955,10.721615343749999,64,10.574428484375,10.721615343749999
cost_usd,gemini,2.86621057,10.85573821875,64,10.574428484375,10.85573821875
cost_usd,gemini,2.86668315,10.85573821875,64,10.68189540625,10.85573821875
cost_usd,gemini,2.87993955,10.85573821875,64,10.81601828125,10.85573821875
cost_usd,gemini,2.88921517,10.85573821875,64,10.85573821875,10.85573821875
cost_usd,gemini,2.89037175,10.875495515625,64,10.85573821875,10.875495515625
cost_usd,gemini,2.9058462,10.875495515625,64,10.875495515625,10.875495515625
cost_usd,gemini,2.90689057,10.91060028125,64,10.875495515625,10.91060028125
cost_usd,gemini,2.92092,10.91060028125,64,10.91060028125,10.91060028125
cost_usd,gemini,2.9293707,10.908611734375,64,10.908611734375,10.91060028125
cost_usd,gemini,2.93795265,10.93700971875,64,10.908611734375,10.938998265624999
cost_usd,gemini,2.94604432,10.93700971875,64,10.908611734375,10.93700971875
cost_usd,gemini,2.94977647,10.93700971875,64,10.93700971875,10.93700971875
cost_usd,gemini,2.97002872,10.93700971875,64,10.93700971875,10.93700971875
cost_usd,gemini,2.97657195,11.015044390625,64,10.93700971875,11.015044390625
cost_usd,gemini,2.98220197,11.015044390625,64,10.93700971875,11.015044390625
cost_usd,gemini,2.98346145,11.28159771875,64,10.93700971875,11.28159771875
cost_usd,gemini,2.99355255,11.28159771875,64,11.015044390625,11.28159771875
cost_usd,gemini,2.9972676,11.28159771875,64,11.28159771875,11.28159771875
cost_usd,gemini,3.00571545,11.3984850625,64,11.3984850625,11.3984850625
cost_usd,gemini,3.01695285,11.411016171875,64,11.3984850625,11.411016171875
cost_usd,gemini,3.03025792,11.411016171875,64,11.411016171875,11.411016171875
cost_usd,gemini,3.03975548,11.439453359375,64,11.411016171875,11.439453359375
cost_usd,gemini,3.05258918,11.439453359375,64,11.439453359375,11.439453359375
cost_usd,gemini,3.07096635,11.6825829375,64,11.439453359375,11.6825829375
cost_usd,gemini,3.07997092,11.6825829375,64,11.439453359375,11.6825829375
cost_usd,gemini,3.08362448,11.6825829375,64,11.6825829375,11.6825829375
cost_usd,gemini,3.08659042,11.733686046875,64,11.6825829375,11.733686046875
cost_usd,gemini,3.08994592,11.733686046875,64,11.6825829375,11.733686046875
cost_usd,gemini,3.09920452,11.733686046875,64,11.733686046875,11.733686046875
cost_usd,gemini,3.1138176,11.742814796875,64,11.733686046875,11.742814796875
cost_usd,gemini,3.12418282,11.742814796875,64,11.742814796875,11.742814796875
cost_usd,gemini,3.12927307,11.77612071875,64,11.742814796875,11.77612071875
cost_usd,gemini,3.13966545,11.77612071875,64,11.77612071875,11.77612071875
cost_usd,gemini,3.20407777,11.886485015625,64,11.77612071875,11.886485015625
cost_usd,gemini,3.22362172,11.886485015625,64,11.886485015625,11.886485015625
cost_usd,gemini,3.22900981,11.886485015625,64,11.886485015625,11.886485015625
cost_usd,gemini,3.22944934,11.886485015625,64,11.886485015625,11.886485015625
cost_usd,gemini,3.23056725,11.888996421875,64,11.886485015625,11.888996421875
cost_usd,gemini,3.23392335,11.911815859375,64,11.886485015625,11.911815859375
cost_usd,gemini,3.24298567,11.911815859375,64,11.888996421875,11.911815859375
cost_usd,gemini,3.24625313,11.943193328125,64,11.920373890625,11.943193328125
cost_usd,gemini,3.24766575,11.951053703125,64,11.920373890625,11.951053703125
cost_usd,gemini,3.24941888,11.95549325,64,11.920373890625,11.95549325
cost_usd,gemini,3.24943785,11.95549325,64,11.943193328125,11.95549325
cost_usd,gemini,3.25952347,11.95549325,64,11.951053703125,11.95549325
cost_usd,gemini,3.2737461,11.95549325,64,11.95549325,11.95549325
cost_usd,gemini,3.29055113,12.020704421875,64,11.95549325,12.020704421875
cost_usd,gemini,3.305883,12.020704421875,64,12.020704421875,12.020704421875
cost_usd,gemini,3.35010307,12.020694515625,64,12.020694515625,12.020704421875
cost_usd,gemini,3.35451172,12.372120671875,64,12.020694515625,12.372130578125
cost_usd,gemini,3.36093263,12.372392796875,64,12.020694515625,12.372402703125
cost_usd,gemini,3.3626343,12.372392796875,64,12.020694515625,12.372392796875
cost_usd,gemini,3.37174718,12.372392796875,64,12.020966640625,12.372392796875
cost_usd,gemini,3.37976002,12.411708375,64,12.06028221875,12.411708375
cost_usd,gemini,3.38246085,12.411708375,64,12.411708375,12.411708375
cost_usd,gemini,3.42159406,12.469621125,64,12.411708375,12.469621125
cost_usd,gemini,3.42163278,12.469621125,64,12.469621125,12.469621125
cost_usd,gemini,3.4630572,12.471255421875,64,12.469621125,12.471255421875
cost_usd,gemini,3.47259615,12.510425640625,64,12.469621125,12.510425640625
cost_usd,gemini,3.47443912,12.510425640625,64,12.471255421875,12.510425640625
cost_usd,gemini,3.47459955,12.517798609375,64,12.471255421875,12.517798609375
cost_usd,gemini,3.48349545,12.517798609375,64,12.478628390625,12.517798609375
cost_usd,gemini,3.4900236,12.537234125,64,12.478628390625,12.537234125
cost_usd,gemini,3.4958991,12.537234125,64,12.517798609375,12.537234125
cost_usd,gemini,3.50260665,12.537234125,64,12.537234125,12.537234125
cost_usd,gemini,3.51157972,12.555067,64,12.537234125,12.555067
cost_usd,gemini,3.52578322,12.555067,64,12.555067,12.555067
cost_usd,gemini,3.53061098,12.5750858125,64,12.555067,12.5750858125
cost_usd,gemini,3.5486901,12.5750858125,64,12.5750858125,12.5750858125
cost_usd,gemini,3.55507755,12.58382,64,12.5750858125,12.58382
cost_usd,gemini,3.57161498,12.68015459375,64,12.5750858125,12.68015459375
cost_usd,gemini,3.57275572,12.68015459375,64,12.58382,12.68015459375
cost_usd,gemini,3.58544198,12.68015459375,64,12.68015459375,12.68015459375
cost_usd,gemini,3.59343537,12.698698265625,64,12.68015459375,12.698698265625
cost_usd,gemini,3.59852153,12.821459625,64,12.802915953125,12.821459625
cost_usd,gemini,3.63676245,12.85534184375,64,12.802915953125,12.85534184375
cost_usd,gemini,3.6493848,12.85534184375,64,12.836798171875,12.85534184375
cost_usd,gemini,3.66329318,12.8680149375,64,12.836798171875,12.8680149375
cost_usd,gemini,3.6740625,12.8680149375,64,12.849471265625,12.8680149375
cost_usd,gemini,3.71693962,12.876649796875,64,12.849471265625,12.876649796875
cost_usd,gemini,3.72542602,12.89019990625,64,12.849471265625,12.89019990625
cost_usd,gemini,3.72727597,12.89019990625,64,12.858106125,12.89019990625
cost_usd,gemini,3.74016217,12.89019990625,64,12.871656234375,12.89019990625
cost_usd,gemini,3.744417,12.926988015625,64,12.871656234375,12.926988015625
cost_usd,gemini,3.76848855,12.926988015625,64,12.90844434375,12.926988015625
cost_usd,gemini,3.77237997,12.926988015625,64,12.926988015625,12.926988015625
cost_usd,gemini,3.77709892,12.93823971875,64,12.926988015625,12.93823971875
cost_usd,gemini,3.77792415,12.971492,64,12.926988015625,12.971492
cost_usd,gemini,3.78769575,12.971492,64,12.93823971875,12.971492
cost_usd,gemini,3.788367,12.971492,64,12.971492,12.971492
cost_usd,gemini,3.79536728,13.036552296875,64,12.971492,13.036552296875
cost_usd,gemini,3.7990701,13.04134146875,64,12.971492,13.04134146875
cost_usd,gemini,3.80817225,13.04134146875,64,13.036552296875,13.04134146875
cost_usd,gemini,3.80926117,13.04134146875,64,13.04134146875,13.04134146875
cost_usd,gemini,3.81660225,13.06211078125,64,13.04134146875,13.06211078125
cost_usd,gemini,3.8292315,13.06211078125,64,13.06211078125,13.06211078125
cost_usd,gemini,3.83531497,13.07976746875,64,13.07976746875,13.07976746875
cost_usd,gemini,3.8392053,13.10601365625,64,13.07976746875,13.10601365625
cost_usd,gemini,3.84851925,13.1249123125,64,13.07976746875,13.1249123125
cost_usd,gemini,3.84972011,13.1249123125,64,13.098666125,13.1249123125
cost_usd,gemini,3.85548075,13.1249123125,64,13.1249123125,13.1249123125
cost_usd,gemini,3.88393192,13.14592821875,64,13.1249123125,13.14592821875
cost_usd,gemini,3.89344942,13.14592821875,64,13.14592821875,13.14592821875
cost_usd,gemini,3.90196148,13.146889484375,64,13.14592821875,13.146889484375
cost_usd,gemini,3.90479393,13.208260703125,64,13.14592821875,13.208260703125
cost_usd,gemini,3.91245379,13.208260703125,64,13.14592821875,13.208260703125
cost_usd,gemini,3.91409325,13.208260703125,64,13.146889484375,13.208260703125
cost_usd,gemini,3.91693103,13.208260703125,64,13.208260703125,13.208260703125
cost_usd,gemini,3.91735762,13.21067734375,64,13.208260703125,13.21067734375
cost_usd,gemini,3.93285075,13.21067734375,64,13.21067734375,13.21067734375
cost_usd,gemini,3.93488131,13.211446578125,64,13.21067734375,13.211446578125
cost_usd,gemini,3.93729367,13.2501435,64,13.21067734375,13.2501435
cost_usd,gemini,3.93789929,13.2501435,64,13.211446578125,13.2501435
cost_usd,gemini,3.9421842,13.2538065,64,13.211446578125,13.2538065
cost_usd,gemini,3.9462219,13.2538065,64,13.2501435,13.2538065
cost_usd,gemini,3.95031653,13.287587703125,64,13.2501435,13.287587703125
cost_usd,gemini,3.95251987,13.290911765625,64,13.2501435,13.290911765625
cost_usd,gemini,3.95379173,13.290911765625,64,13.2538065,13.290911765625
cost_usd,gemini,3.9625107,13.290911765625,64,13.287587703125,13.290911765625
cost_usd,gemini,3.97017825,13.290911765625,64,13.290911765625,13.290911765625
cost_usd,gemini,3.99459435,13.324599609375,64,13.290911765625,13.324599609375
cost_usd,gemini,4.00732875,13.324599609375,64,13.324599609375,13.324599609375
cost_usd,gemini,4.010154,13.324599609375,64,13.324599609375,13.324599609375
cost_usd,gemini,4.0583406,13.548653265625,64,13.324599609375,13.548653265625
cost_usd,gemini,4.0713267,13.548653265625,64,13.548653265625,13.548653265625
cost_usd,gemini,4.10400233,13.575791421875,64,13.548653265625,13.575791421875
cost_usd,gemini,4.1041713,13.578993359375,64,13.548653265625,13.578993359375
cost_usd,gemini,4.12260293,13.578993359375,64,13.575791421875,13.578993359375
cost_usd,gemini,4.13947552,13.578993359375,64,13.578993359375,13.578993359375
cost_usd,gemini,4.14878212,13.60793734375,64,13.578993359375,13.60793734375
cost_usd,gemini,4.15122172,13.609698625,64,13.578993359375,13.609698625
cost_usd,gemini,4.15129822,13.611772484374999,64,13.578993359375,13.611772484374999
cost_usd,gemini,4.15841917,13.612013671875,64,13.578993359375,13.612013671875
cost_usd,gemini,4.1601032,13.612013671875,64,13.580754640624999,13.612013671875
cost_usd,gemini,4.1644497,13.612013671875,64,13.5828285,13.612013671875
cost_usd,gemini,4.1720433,13.612013671875,64,13.5830696875,13.612013671875
cost_usd,gemini,4.1757921,13.612013671875,64,13.612013671875,13.612013671875
cost_usd,gemini,4.20390615,13.6304190625,64,13.612013671875,13.6304190625
cost_usd,gemini,4.21988797,13.6397038125,64,13.612013671875,13.6397038125
cost_usd,gemini,4.22048295,13.634789078125,64,13.6070989375,13.6397038125
cost_usd,gemini,4.2274062,13.66649340625,64,13.638803265625,13.671408140625
cost_usd,gemini,4.22831325,13.66649340625,64,13.657208656249999,13.671408140625
cost_usd,gemini,4.26141173,13.66649340625,64,13.657208656249999,13.671408140625
cost_usd,gemini,4.27770548,13.66649340625,64,13.657208656249999,13.671408140625
cost_usd,gemini,4.28840895,13.66649340625,64,13.657208656249999,13.66649340625
cost_usd,gemini,4.32064455,13.669695875,64,13.657208656249999,13.669695875
cost_usd,gemini,4.32969097,13.669695875,64,13.66649340625,13.669695875
cost_usd,gemini,4.33500158,13.669695875,64,13.669695875,13.669695875
cost_usd,gemini,4.34219523,13.684776890624999,64,13.669695875,13.684776890624999
cost_usd,gemini,4.34224607,13.684776890624999,64,13.684776890624999,13.684776890624999
cost_usd,gemini,4.36270792,13.69725171875,64,13.684776890624999,13.69725171875
cost_usd,gemini,4.36622385,13.70745353125,64,13.684776890624999,13.70745353125
cost_usd,gemini,4.37174235,13.73125421875,64,13.684776890624999,13.73125421875
cost_usd,gemini,4.37662567,13.73125421875,64,13.69725171875,13.73125421875
cost_usd,gemini,4.3800924,13.73125421875,64,13.70745353125,13.73125421875
cost_usd,gemini,4.38885503,13.73125421875,64,13.73125421875,13.73125421875
cost_usd,gemini,4.42643227,13.737397484375,64,13.73125421875,13.737397484375
cost_usd,gemini,4.44295635,13.737397484375,64,13.737397484375,13.737397484375
cost_usd,gemini,4.4732106,13.7969880625,64,13.737397484375,13.7969880625
cost_usd,gemini,4.47494757,13.852788499999999,64,13.737397484375,13.852788499999999
cost_usd,gemini,4.47509778,13.852788499999999,64,13.793197921875,13.852788499999999
cost_usd,gemini,4.4787951,14.04800028125,64,13.793197921875,14.04800028125
cost_usd,gemini,4.4918226,14.05013203125,64,13.793197921875,14.05013203125
cost_usd,gemini,4.49242778,14.0680289375,64,13.793197921875,14.0680289375
cost_usd,gemini,4.49557725,14.0680289375,64,13.988409703124999,14.0680289375
cost_usd,gemini,4.5027012,14.0680289375,64,13.990541453125,14.0680289375
cost_usd,gemini,4.50719453,14.0680289375,64,14.008438359374999,14.0680289375
cost_usd,gemini,4.52414655,14.081577484375,64,14.008438359374999,14.081577484375
cost_usd,gemini,4.53688358,14.081577484375,64,14.02198690625,14.081577484375
cost_usd,gemini,4.54122135,14.081577484375,64,14.081577484375,14.081577484375
cost_usd,gemini,4.5531687,14.10742334375,64,14.081577484375,14.10742334375
cost_usd,gemini,4.56094485,14.16199171875,64,14.081577484375,14.16199171875
cost_usd,gemini,4.56532418,14.16199171875,64,14.10742334375,14.16199171875
cost_usd,gemini,4.5727362,14.16199171875,64,14.16199171875,14.16199171875
cost_usd,gemini,4.5880275,14.178053203125,64,14.16199171875,14.178053203125
cost_usd,gemini,4.59787118,14.178053203125,64,14.178053203125,14.178053203125
cost_usd,gemini,4.6802031,14.181127734375,64,14.178053203125,14.181127734375
cost_usd,gemini,4.68219585,14.185033984375,64,14.178053203125,14.185033984375
cost_usd,gemini,4.69756568,14.185033984375,64,14.181959453125,14.185033984375
cost_usd,gemini,4.69978013,14.185033984375,64,14.185033984375,14.185033984375
cost_usd,gemini,4.70563119,14.197611671875,64,14.185033984375,14.197611671875
cost_usd,gemini,4.70610269,14.197611671875,64,14.197611671875,14.197611671875
cost_usd,gemini,4.71431865,14.225066953125,64,14.225066953125,14.225066953125
cost_usd,gemini,4.72473187,14.25484321875,64,14.225066953125,14.25484321875
cost_usd,gemini,4.7335038,14.26124815625,64,14.225066953125,14.26124815625
cost_usd,gemini,4.74599408,14.262253578125,64,14.225066953125,14.262253578125
cost_usd,gemini,4.75211962,14.262253578125,64,14.25484321875,14.262253578125
cost_usd,gemini,4.75223842,14.275359140625,64,14.25484321875,14.275359140625
cost_usd,gemini,4.75454145,14.275359140625,64,14.26124815625,14.275359140625
cost_usd,gemini,4.75933253,14.275359140625,64,14.262253578125,14.275359140625
cost_usd,gemini,4.7608833,14.379472,64,14.262253578125,14.379472
cost_usd,gemini,4.7630202,14.379472,64,14.275359140625,14.379472
cost_usd,gemini,4.77131032,14.387371875,64,14.275359140625,14.387371875
cost_usd,gemini,4.77483225,14.387371875,64,14.379472,14.387371875
cost_usd,gemini,4.78348012,14.387371875,64,14.387371875,14.387371875
cost_usd,gemini,4.8303114,14.392093265625,64,14.387371875,14.392093265625
cost_usd,gemini,4.8460296,14.5271595625,64,14.387371875,14.5271595625
cost_usd,gemini,4.8479922,14.545830015625,64,14.387371875,14.545830015625
cost_usd,gemini,4.84954043,14.563648,64,14.387371875,14.563648
cost_usd,gemini,4.85484225,14.580030296875,64,14.387371875,14.580030296875
cost_usd,gemini,4.85790413,14.61685059375,64,14.387371875,14.61685059375
cost_usd,gemini,4.85982727,14.61685059375,64,14.522438171874999,14.61685059375
cost_usd,gemini,4.86157875,14.61685059375,64,14.540256156249999,14.61685059375
cost_usd,gemini,4.86489855,14.61685059375,64,14.556638453125,14.61685059375
cost_usd,gemini,4.87458907,15.151323421875,64,14.556638453125,15.151323421875
cost_usd,gemini,4.88420115,15.151323421875,64,14.59345875,15.151323421875
cost_usd,gemini,4.88781135,15.151323421875,64,15.127931578125,15.151323421875
cost_usd,gemini,4.9007004,15.151323421875,64,15.13265296875,15.151323421875
cost_usd,gemini,4.90832693,15.15191096875,64,15.13265296875,15.15191096875
cost_usd,gemini,4.91940825,15.1589019375,64,15.13265296875,15.1589019375
cost_usd,gemini,4.93317023,15.1589019375,64,15.139643937499999,15.1589019375
cost_usd,gemini,4.9349352,15.1589019375,64,15.158314390625,15.1589019375
cost_usd,gemini,4.93757858,15.1589019375,64,15.1589019375,15.1589019375
cost_usd,gemini,4.94276587,15.161321421875,64,15.1589019375,15.161321421875
cost_usd,gemini,4.95516532,15.161321421875,64,15.161321421875,15.161321421875
cost_usd,gemini,4.96083683,15.202362578125,64,15.161321421875,15.202362578125
cost_usd,gemini,4.97615543,15.202362578125,64,15.202362578125,15.202362578125
cost_usd,gemini,4.99356075,15.204869453125,64,15.202362578125,15.204869453125
cost_usd,gemini,5.00269635,15.204869453125,64,15.204869453125,15.204869453125
cost_usd,gemini,5.06971335,15.22820325,64,15.204869453125,15.22820325
cost_usd,gemini,5.07392677,15.258231,64,15.204869453125,15.258231
cost_usd,gemini,5.07399195,15.258231,64,15.204869453125,15.258231
cost_usd,gemini,5.07738797,15.263993671875,64,15.204869453125,15.263993671875
cost_usd,gemini,5.08095826,15.263993671875,64,15.210632125,15.263993671875
cost_usd,gemini,5.08393912,15.263993671875,64,15.233965921874999,15.263993671875
cost_usd,gemini,5.08753635,15.263993671875,64,15.233965921874999,15.263993671875
cost_usd,gemini,5.08797622,15.263993671875,64,15.263993671875,15.263993671875
cost_usd,gemini,5.14936807,15.264345171875,64,15.263993671875,15.264345171875
cost_usd,gemini,5.14966414,15.264345171875,64,15.264345171875,15.264345171875
cost_usd,gemini,5.15686485,15.28677340625,64,15.28677340625,15.28677340625
cost_usd,gemini,5.19888525,15.28677340625,64,15.28677340625,15.28677340625
cost_usd,gemini,5.20636343,15.324191171875,64,15.28677340625,15.324191171875
cost_usd,gemini,5.21018693,15.324191171875,64,15.28677340625,15.324191171875
cost_usd,gemini,5.21289094,15.32937290625,64,15.28677340625,15.32937290625
cost_usd,gemini,5.21978183,15.32937290625,64,15.324191171875,15.32937290625
cost_usd,gemini,5.23402312,15.354046453125,64,15.324191171875,15.354046453125
cost_usd,gemini,5.2394238,15.369898609375,64,15.340043328125,15.369898609375
cost_usd,gemini,5.25806902,15.369898609375,64,15.364716875,15.369898609375
cost_usd,gemini,5.32722598,15.389552609375,64,15.364716875,15.389552609375
cost_usd,gemini,5.32741033,15.389552609375,64,15.384370875,15.389552609375
cost_usd,gemini,5.3420475,15.408119796874999,64,15.384370875,15.408119796874999
cost_usd,gemini,5.35622887,15.408119796874999,64,15.4029380625,15.408119796874999
cost_usd,gemini,5.35974653,15.41884284375,64,15.4029380625,15.41884284375
cost_usd,gemini,5.3713032,15.429691515625,64,15.4029380625,15.429691515625
cost_usd,gemini,5.3722863,15.429691515625,64,15.413661109375,15.429691515625
cost_usd,gemini,5.37254042,15.429691515625,64,15.41884284375,15.429691515625
cost_usd,gemini,5.37937162,15.45367115625,64,15.41884284375,15.45367115625
cost_usd,gemini,5.38702335,15.469828140625,64,15.41884284375,15.469828140625
cost_usd,gemini,5.39165257,15.469828140625,64,15.442822484375,15.469828140625
cost_usd,gemini,5.39332102,15.469828140625,64,15.45367115625,15.469828140625
cost_usd,gemini,5.40401295,15.469828140625,64,15.469828140625,15.469828140625
cost_usd,gemini,5.40770513,15.470605140625,64,15.469828140625,15.470605140625
cost_usd,gemini,5.42315168,15.470605140625,64,15.470605140625,15.470605140625
cost_usd,gemini,5.43205463,15.511281796875,64,15.470605140625,15.511281796875
cost_usd,gemini,5.4482025,15.511281796875,64,15.511281796875,15.511281796875
cost_usd,gemini,5.45727765,15.512781546874999,64,15.511281796875,15.512781546874999
cost_usd,gemini,5.47089577,15.512781546874999,64,15.512781546874999,15.512781546874999
cost_usd,gemini,5.476686,15.553296296875,64,15.512781546874999,15.553296296875
cost_usd,gemini,5.48622187,15.642147187499999,64,15.512781546874999,15.642147187499999
cost_usd,gemini,5.48637113,15.642147187499999,64,15.553296296875,15.642147187499999
cost_usd,gemini,5.4872217,15.667183218749999,64,15.553296296875,15.667183218749999
cost_usd,gemini,5.49412853,15.668674625,64,15.553296296875,15.668674625
cost_usd,gemini,5.49775387,15.668674625,64,15.553296296875,15.668674625
cost_usd,gemini,5.49972862,15.668674625,64,15.642147187499999,15.668674625
cost_usd,gemini,5.5022844,15.668997453125,64,15.642147187499999,15.668997453125
cost_usd,gemini,5.50398818,15.856622796875,64,15.642147187499999,15.856622796875
cost_usd,gemini,5.50459643,15.856622796875,64,15.667183218749999,15.856622796875
cost_usd,gemini,5.5082928,15.856622796875,64,15.668674625,15.856622796875
cost_usd,gemini,5.50835055,15.856622796875,64,15.668674625,15.856622796875
cost_usd,gemini,5.5147581,15.856622796875,64,15.85629996875,15.856622796875
cost_usd,gemini,5.51607465,15.856622796875,64,15.856622796875,15.856622796875
cost_usd,gemini,5.55283702,15.864525109375,64,15.856622796875,15.864525109375
cost_usd,gemini,5.55345165,15.90687709375,64,15.856622796875,15.90687709375
cost_usd,gemini,5.56732095,15.90687709375,64,15.898974781249999,15.90687709375
cost_usd,gemini,5.57213392,15.90687709375,64,15.90687709375,15.90687709375
cost_usd,gemini,5.58190531,15.9074138125,64,15.90687709375,15.9074138125
cost_usd,gemini,5.59731222,15.949652359375,64,15.90687709375,15.949652359375
cost_usd,gemini,5.59746243,15.949652359375,64,15.949115640625,15.949652359375
cost_usd,gemini,5.60754967,15.9644490625,64,15.949115640625,15.9644490625
cost_usd,gemini,5.61795442,15.9644490625,64,15.96391234375,15.9644490625
cost_usd,gemini,5.63937675,15.986063265624999,64,15.96391234375,15.986063265624999
cost_usd,gemini,5.65114035,15.986063265624999,64,15.985526546874999,15.986063265624999
cost_usd,gemini,5.7098679,15.986063265624999,64,15.985526546874999,15.986063265624999
cost_usd,gemini,5.71346347,15.999348421875,64,15.985526546874999,15.999348421875
cost_usd,gemini,5.71379265,16.002037203125,64,15.985526546874999,16.002037203125
cost_usd,gemini,5.7182466,16.0122375,64,15.985526546874999,16.0122375
cost_usd,gemini,5.72600587,16.0122375,64,15.988215328125,16.0122375
cost_usd,gemini,5.72923845,16.0122375,64,15.998415625,16.0122375
cost_usd,gemini,5.73461872,16.0122375,64,16.01170078125,16.0122375
cost_usd,gemini,5.73765285,16.0122375,64,16.01170078125,16.0122375
cost_usd,gemini,5.73911618,16.018400453125,64,16.01170078125,16.018400453125
cost_usd,gemini,5.7495927,16.018400453125,64,16.017863734375,16.018400453125
cost_usd,gemini,5.74995398,16.022174765625,64,16.017863734375,16.022174765625
cost_usd,gemini,5.75034138,16.038931453125,64,16.017863734375,16.038931453125
cost_usd,gemini,5.75084969,16.038931453125,64,16.034620421875,16.038931453125
cost_usd,gemini,5.76316268,16.038931453125,64,16.038394734375,16.038931453125
cost_usd,gemini,5.77876148,16.04580090625,64,16.038394734375,16.04580090625
cost_usd,gemini,5.7929577,16.06832171875,64,16.038394734375,16.06832171875
cost_usd,gemini,5.80446675,16.06832171875,64,16.060915546875,16.06832171875
cost_usd,gemini,5.80449645,16.06832171875,64,16.067785,16.06832171875
cost_usd,gemini,5.81196502,16.08379021875,64,16.067785,16.08379021875
cost_usd,gemini,5.82666892,16.08379021875,64,16.083253499999998,16.08379021875
cost_usd,gemini,5.82901298,16.084507703125,64,16.083253499999998,16.084507703125
cost_usd,gemini,5.83556768,16.08973728125,64,16.088483078124998,16.08973728125
cost_usd,gemini,5.8401027,16.08973728125,64,16.0892005625,16.08973728125
cost_usd,gemini,5.845155,16.093083890625,64,16.0892005625,16.093083890625
cost_usd,gemini,5.84755876,16.093083890625,64,16.08973728125,16.093083890625
cost_usd,gemini,5.848338,16.13129753125,64,16.08973728125,16.13129753125
cost_usd,gemini,5.85402292,16.13775125,64,16.08973728125,16.13775125
cost_usd,gemini,5.85725055,16.13775125,64,16.093083890625,16.13775125
cost_usd,gemini,5.8634844,16.13775125,64,16.13129753125,16.13775125
cost_usd,gemini,5.866653,16.13775125,64,16.13775125,16.13775125
cost_usd,gemini,5.87363895,16.138311031249998,64,16.13775125,16.138311031249998
cost_usd,gemini,5.88041602,16.141544390625,64,16.13775125,16.141544390625
cost_usd,gemini,5.88523838,16.141544390625,64,16.138311031249998,16.141544390625
cost_usd,gemini,5.8945851,16.141544390625,64,16.141544390625,16.141544390625
cost_usd,gemini,5.91896872,16.14443996875,64,16.141544390625,16.14443996875
cost_usd,gemini,5.93136277,16.14443996875,64,16.14443996875,16.14443996875
cost_usd,gemini,5.93959615,16.149895859375,64,16.14443996875,16.149895859375
cost_usd,gemini,5.9399892,16.149895859375,64,16.149895859375,16.149895859375
cost_usd,gemini,5.9991177,16.155768765624998,64,16.149895859375,16.155768765624998
cost_usd,gemini,6.01157625,16.155768765624998,64,16.155768765624998,16.155768765624998
cost_usd,gemini,6.03440392,16.191630140625,64,16.155768765624998,16.191630140625
cost_usd,gemini,6.0571857,16.191630140625,64,16.191630140625,16.191630140625
cost_usd,gemini,6.0624839,16.19193821875,64,16.191630140625,16.19193821875
cost_usd,gemini,6.10525088,16.205858046875,64,16.191630140625,16.205858046875
cost_usd,gemini,6.10719499,16.205858046875,64,16.19193821875,16.205858046875
cost_usd,gemini,6.11783423,16.205858046875,64,16.205858046875,16.205858046875
cost_usd,gemini,6.170961,16.073266859375,64,16.073266859375,16.205858046875
cost_usd,gemini,6.18610043,16.073266859375,64,16.073266859375,16.073266859375
cost_usd,gemini,6.2041167,16.103627375,64,16.073266859375,16.103627375
cost_usd,gemini,6.2179173,16.103627375,64,16.103627375,16.103627375
cost_usd,gemini,6.22858905,16.120136296875,64,16.103627375,16.120136296875
cost_usd,gemini,6.23941342,16.120136296875,64,16.120136296875,16.120136296875
cost_usd,gemini,6.2538525,16.130181171874998,64,16.120136296875,16.130181171874998
cost_usd,gemini,6.2666949,16.130181171874998,64,16.130181171874998,16.130181171874998
cost_usd,gemini,6.27535267,16.203394765625,64,16.130181171874998,16.203394765625
cost_usd,gemini,6.27693495,16.23290596875,64,16.130181171874998,16.23290596875
cost_usd,gemini,6.29113103,16.23290596875,64,16.159692375,16.23290596875
cost_usd,gemini,6.29246107,16.23290596875,64,16.23290596875,16.23290596875
cost_usd,gemini,6.3280554,16.235685781249998,64,16.23290596875,16.235685781249998
cost_usd,gemini,6.3383853,16.235685781249998,64,16.235685781249998,16.235685781249998
cost_usd,gemini,6.34498515,16.387078671875,64,16.235685781249998,16.387078671875
cost_usd,gemini,6.3560676,16.387078671875,64,16.387078671875,16.387078671875
cost_usd,gemini,6.3928155,16.423674062499998,64,16.387078671875,16.423674062499998
cost_usd,gemini,6.4075512,16.423674062499998,64,16.423674062499998,16.423674062499998
cost_usd,gemini,6.42238052,16.43338365625,64,16.423674062499998,16.43338365625
cost_usd,gemini,6.42357433,16.43338365625,64,16.43338365625,16.43338365625
cost_usd,gemini,6.4504701,16.4590389375,64,16.43338365625,16.4590389375
cost_usd,gemini,6.45879787,16.48907321875,64,16.43338365625,16.48907321875
cost_usd,gemini,6.46546988,16.48907321875,64,16.4590389375,16.48907321875
cost_usd,gemini,6.47506905,16.48907321875,64,16.48907321875,16.48907321875
cost_usd,gemini,6.47734059,16.517927421875,64,16.48907321875,16.517927421875
cost_usd,gemini,6.49987338,16.517927421875,64,16.517927421875,16.517927421875
cost_usd,gemini,6.54837135,16.521329390625,64,16.517927421875,16.521329390625
cost_usd,gemini,6.55276785,16.530946640625,64,16.517927421875,16.530946640625
cost_usd,gemini,6.55391603,16.59962871875,64,16.586609499999998,16.59962871875
cost_usd,gemini,6.56450798,16.59962871875,64,16.59001146875,16.59962871875
cost_usd,gemini,6.56793668,16.59962871875,64,16.59962871875,16.59962871875
cost_usd,gemini,6.59881935,16.603507203124998,64,16.59962871875,16.603507203124998
cost_usd,gemini,6.60410378,16.6110021875,64,16.59962871875,16.6110021875
cost_usd,gemini,6.6096393,16.6110021875,64,16.603507203124998,16.6110021875
cost_usd,gemini,6.62548485,16.6110021875,64,16.6110021875,16.6110021875
cost_usd,gemini,6.64419106,16.6110835625,64,16.6110021875,16.6110835625
cost_usd,gemini,6.64460908,16.6110835625,64,16.6110835625,16.6110835625
cost_usd,gemini,6.64594703,16.6110835625,64,16.6110835625,16.6110835625
cost_usd,gemini,6.66007073,16.6110835625,64,16.6110835625,16.6110835625
cost_usd,gemini,6.67306597,16.63398871875,64,16.6110835625,16.63398871875
cost_usd,gemini,6.68521117,16.63398871875,64,16.63398871875,16.63398871875
cost_usd,gemini,6.69161707,16.65820121875,64,16.63398871875,16.65820121875
cost_usd,gemini,6.70526895,16.65820121875,64,16.65820121875,16.65820121875
cost_usd,gemini,6.71478937,16.660165125,64,16.65820121875,16.660165125
cost_usd,gemini,6.72026287,16.6673990625,64,16.65820121875,16.6673990625
cost_usd,gemini,6.7291854,16.6673990625,64,16.660165125,16.6673990625
cost_usd,gemini,6.7313592,16.6673990625,64,16.6673990625,16.6673990625
cost_usd,gemini,6.75670298,16.669434171875,64,16.6673990625,16.669434171875
cost_usd,gemini,6.7859019,16.70370959375,64,16.6673990625,16.70370959375
cost_usd,gemini,6.7889757,16.717537015625,64,16.6673990625,16.717537015625
cost_usd,gemini,6.79852605,16.717537015625,64,16.701674484375,16.717537015625
cost_usd,gemini,6.80061637,16.717537015625,64,16.71550190625,16.717537015625
cost_usd,gemini,6.8045913,16.7584113125,64,16.71550190625,16.7584113125
cost_usd,gemini,6.81573172,16.7584113125,64,16.756376203125,16.7584113125
cost_usd,gemini,6.82540185,16.76071078125,64,16.756376203125,16.76071078125
cost_usd,gemini,6.82571498,16.76071078125,64,16.7584113125,16.76071078125
cost_usd,gemini,6.84839918,16.76071078125,64,16.76071078125,16.76071078125
cost_usd,gemini,6.85429155,16.7984865,64,16.76071078125,16.7984865
cost_usd,gemini,6.85549866,16.80724334375,64,16.76071078125,16.80724334375
cost_usd,gemini,6.87322125,16.80724334375,64,16.7984865,16.80724334375
cost_usd,gemini,6.87581077,16.82099959375,64,16.7984865,16.82099959375
cost_usd,gemini,6.88023269,16.82149175,64,16.7984865,16.82149175
cost_usd,gemini,6.90026025,16.82149175,64,16.81224275,16.82149175
cost_usd,gemini,6.93585349,16.82149175,64,16.81273490625,16.82149175
cost_usd,gemini,6.9670083,16.83282228125,64,16.81273490625,16.83282228125
cost_usd,gemini,6.97771178,16.83282228125,64,16.8240654375,16.83282228125
cost_usd,gemini,6.98458672,16.878280765625,64,16.8240654375,16.878280765625
cost_usd,gemini,7.00586295,16.878897546875,64,16.8240654375,16.878897546875
cost_usd,gemini,7.00751227,16.887724984375,64,16.8240654375,16.887724984375
cost_usd,gemini,7.01521005,16.887724984375,64,16.869523921875,16.887724984375
cost_usd,gemini,7.0173003,16.887724984375,64,16.870140703125,16.887724984375
cost_usd,gemini,7.027356,16.887724984375,64,16.878968140625,16.887724984375
cost_usd,gemini,7.05603693,16.918217328125,64,16.878968140625,16.918217328125
cost_usd,gemini,7.05649438,16.918217328125,64,16.909460484375,16.918217328125
cost_usd,gemini,7.0640147,16.918217328125,64,16.918217328125,16.918217328125
cost_usd,gemini,7.09012282,16.92990065625,64,16.918217328125,16.92990065625
cost_usd,gemini,7.10671598,16.939768703125,64,16.918217328125,16.939768703125
cost_usd,gemini,7.11143212,16.939768703125,64,16.92990065625,16.939768703125
cost_usd,gemini,7.11855555,16.939768703125,64,16.939768703125,16.939768703125
cost_usd,gemini,7.15988505,16.943910140625,64,16.939768703125,16.943910140625
cost_usd,gemini,7.17116505,16.943910140625,64,16.943910140625,16.943910140625
cost_usd,gemini,7.17413933,16.949554078125,64,16.943910140625,16.949554078125
cost_usd,gemini,7.18305367,16.95261103125,64,16.943910140625,16.95261103125
cost_usd,gemini,7.1843112,16.95261103125,64,16.949554078125,16.95261103125
cost_usd,gemini,7.19582385,16.95261103125,64,16.95261103125,16.95261103125
cost_usd,gemini,7.2207341,16.970839046875,64,16.95261103125,16.970839046875
cost_usd,gemini,7.22121337,16.970839046875,64,16.970839046875,16.970839046875
cost_usd,gemini,7.29805433,16.97125021875,64,16.970839046875,16.97125021875
cost_usd,gemini,7.31072543,16.97125021875,64,16.97125021875,16.97125021875
cost_usd,gemini,7.31773605,16.97352621875,64,16.97125021875,16.97352621875
cost_usd,gemini,7.33087703,16.97352621875,64,16.97352621875,16.97352621875
cost_usd,gemini,7.34484442,16.976884484375,64,16.97352621875,16.976884484375
cost_usd,gemini,7.35662108,16.980010625,64,16.97352621875,16.980010625
cost_usd,gemini,7.36094212,16.980010625,64,16.976884484375,16.980010625
cost_usd,gemini,7.36736835,16.980010625,64,16.980010625,16.980010625
cost_usd,gemini,7.3788342,17.00124496875,64,16.980010625,17.00124496875
cost_usd,gemini,7.39386645,17.00124496875,64,17.00124496875,17.00124496875
cost_usd,gemini,7.39475783,17.098931109375,64,17.00124496875,17.098931109375
cost_usd,gemini,7.39983765,17.0994511875,64,17.00124496875,17.0994511875
cost_usd,gemini,7.40891873,17.0994511875,64,17.098931109375,17.0994511875
cost_usd,gemini,7.41390578,17.0994511875,64,17.0994511875,17.0994511875
cost_usd,gemini,7.54187122,17.1106350625,64,17.0994511875,17.1106350625
cost_usd,gemini,7.55621122,17.1106350625,64,17.1106350625,17.1106350625
cost_usd,gemini,7.56243495,17.124228515625,64,17.1106350625,17.124228515625
cost_usd,gemini,7.57565798,17.124228515625,64,17.124228515625,17.124228515625
cost_usd,gemini,7.64158093,17.13004284375,64,17.124228515625,17.13004284375
cost_usd,gemini,7.64277826,17.13004284375,64,17.13004284375,17.13004284375
cost_usd,gemini,7.67726168,17.15446175,64,17.13004284375,17.15446175
cost_usd,gemini,7.69175205,17.15446175,64,17.15446175,17.15446175
cost_usd,gemini,7.7396919,17.156971234375,64,17.15446175,17.156971234375
cost_usd,gemini,7.74663323,17.165484546875,64,17.15446175,17.165484546875
cost_usd,gemini,7.7588919,17.165484546875,64,17.1629750625,17.165484546875
cost_usd,gemini,7.76744828,17.165484546875,64,17.165484546875,17.165484546875
cost_usd,gemini,7.84079648,17.17473665625,64,17.165484546875,17.17473665625
cost_usd,gemini,7.85356118,17.17473665625,64,17.17473665625,17.17473665625
cost_usd,gemini,7.8622083,17.175703515625,64,17.17473665625,17.175703515625
cost_usd,gemini,7.8780777,17.205105671875,64,17.17473665625,17.205105671875
cost_usd,gemini,7.8808644,17.21308796875,64,17.17473665625,17.21308796875
cost_usd,gemini,7.89305452,17.21308796875,64,17.2041388125,17.21308796875
cost_usd,gemini,7.90241867,17.21308796875,64,17.205105671875,17.21308796875
cost_usd,gemini,7.90429402,17.21308796875,64,17.21308796875,17.21308796875
cost_usd,gemini,7.91052855,17.21308796875,64,17.21308796875,17.21308796875
cost_usd,gemini,7.92296077,17.21308796875,64,17.21308796875,17.21308796875
cost_usd,gemini,7.96769595,17.281141234375,64,17.281141234375,17.281141234375
cost_usd,gemini,7.98820011,17.2816565,64,17.281141234375,17.2816565
cost_usd,gemini,8.0631045,17.296513296875,64,17.281141234375,17.296513296875
cost_usd,gemini,8.07559425,17.296513296875,64,17.29599803125,17.296513296875
cost_usd,gemini,8.09394977,17.296513296875,64,17.296513296875,17.296513296875
cost_usd,gemini,8.1196629,17.308546734375,64,17.296513296875,17.308546734375
cost_usd,gemini,8.1197364,17.316949125,64,17.296513296875,17.316949125
cost_usd,gemini,8.1310362,17.316949125,64,17.308546734375,17.316949125
cost_usd,gemini,8.134296,17.316949125,64,17.316949125,17.316949125
cost_usd,gemini,8.13830535,17.325496859375,64,17.316949125,17.325496859375
cost_usd,gemini,8.16169897,17.298171234375,64,17.2896235,17.325496859375
cost_usd,gemini,8.18500582,17.298171234375,64,17.2896235,17.298171234375
cost_usd,gemini,8.18774671,17.298234859375,64,17.2896235,17.298234859375
cost_usd,gemini,8.18824624,17.298234859375,64,17.289687125,17.298234859375
cost_usd,gemini,8.20249567,17.29918234375,64,17.289687125,17.29918234375
cost_usd,gemini,8.21132797,17.303007703125,64,17.289687125,17.303007703125
cost_usd,gemini,8.2175706,17.303007703125,64,17.298234859375,17.303007703125
cost_usd,gemini,8.2193799,17.303007703125,64,17.29918234375,17.303007703125
cost_usd,gemini,8.22369157,17.303007703125,64,17.303007703125,17.303007703125
cost_usd,gemini,8.2445028,17.316637625,64,17.303007703125,17.316637625
cost_usd,gemini,8.2604814,17.316637625,64,17.316637625,17.316637625
cost_usd,gemini,8.27562142,17.346488375,64,17.316637625,17.346488375
cost_usd,gemini,8.29300395,17.346488375,64,17.346488375,17.346488375
cost_usd,gemini,8.34352965,17.370455640625,64,17.346488375,17.370455640625
cost_usd,gemini,8.35549072,17.370455640625,64,17.370455640625,17.370455640625
cost_usd,gemini,8.36923507,17.3810283125,64,17.370455640625,17.3810283125
cost_usd,gemini,8.38692323,17.38930221875,64,17.370455640625,17.38930221875
cost_usd,gemini,8.39851785,17.424726125,64,17.370455640625,17.424726125
cost_usd,gemini,8.40898965,17.424726125,64,17.378729546875,17.424726125
cost_usd,gemini,8.41158315,17.424726125,64,17.38930221875,17.424726125
cost_usd,gemini,8.41551105,17.427198921875,64,17.38930221875,17.427198921875
cost_usd,gemini,8.42485072,17.427198921875,64,17.424726125,17.427198921875
cost_usd,gemini,8.42765558,17.427198921875,64,17.427198921875,17.427198921875
cost_usd,gemini,8.46612622,17.442684109375,64,17.427198921875,17.442684109375
cost_usd,gemini,8.47891342,17.442684109375,64,17.442684109375,17.442684109375
cost_usd,gemini,8.50119338,17.455393,64,17.442684109375,17.455393
cost_usd,gemini,8.51526221,17.45653990625,64,17.442684109375,17.45653990625
cost_usd,gemini,8.51577966,17.45653990625,64,17.443831015625,17.45653990625
cost_usd,gemini,8.51687828,17.45653990625,64,17.45653990625,17.45653990625
cost_usd,gemini,8.5399788,17.459312703125,64,17.45653990625,17.459312703125
cost_usd,gemini,8.54753093,17.486287875,64,17.45653990625,17.486287875
cost_usd,gemini,8.55141375,17.486287875,64,17.459312703125,17.486287875
cost_usd,gemini,8.5598796,17.486287875,64,17.486287875,17.486287875
cost_usd,gemini,8.59691415,17.486287875,64,17.486287875,17.486287875
cost_usd,gemini,8.60997593,17.486287875,64,17.486287875,17.486287875
cost_usd,gemini,8.67273413,17.496591625,64,17.486287875,17.496591625
cost_usd,gemini,8.68526498,17.496591625,64,17.496591625,17.496591625
cost_usd,gemini,8.70419774,17.527121484375,64,17.496591625,17.527121484375
cost_usd,gemini,8.72457626,17.527121484375,64,17.527121484375,17.527121484375
cost_usd,gemini,8.75464838,17.5419181875,64,17.527121484375,17.5419181875
cost_usd,gemini,8.7690345,17.5419181875,64,17.5419181875,17.5419181875
cost_usd,gemini,8.7694146,17.5435425,64,17.5419181875,17.5435425
cost_usd,gemini,8.79631028,17.5435425,64,17.5435425,17.5435425
cost_usd,gemini,8.80763177,17.56533071875,64,17.5435425,17.56533071875
cost_usd,gemini,8.81960452,17.598594984375,64,17.5435425,17.598594984375
cost_usd,gemini,8.8217764,17.598594984375,64,17.56533071875,17.598594984375
cost_usd,gemini,8.8374999,17.598594984375,64,17.598594984375,17.598594984375
cost_usd,gemini,8.8384041,17.618577765624998,64,17.598594984375,17.618577765624998
cost_usd,gemini,8.84996153,17.618577765624998,64,17.618577765624998,17.618577765624998
cost_usd,gemini,8.85747548,17.620777515625,64,17.618577765624998,17.620777515625
cost_usd,gemini,8.86157487,17.630480828125,64,17.618577765624998,17.630480828125
cost_usd,gemini,8.87141325,17.630480828125,64,17.620777515625,17.630480828125
cost_usd,gemini,8.8944135,17.650567015625,64,17.620777515625,17.650567015625
cost_usd,gemini,8.90933813,17.650567015625,64,17.640863703125,17.650567015625
cost_usd,gemini,8.91885632,17.650567015625,64,17.650567015625,17.650567015625
cost_usd,gemini,8.9558916,17.66455415625,64,17.650567015625,17.66455415625
cost_usd,gemini,8.97006075,17.66455415625,64,17.66455415625,17.66455415625
cost_usd,gemini,8.98172865,17.673828078125,64,17.66455415625,17.673828078125
cost_usd,gemini,8.9836502,17.67410321875,64,17.66455415625,17.67410321875
cost_usd,gemini,8.99343145,17.67410321875,64,17.664829296875,17.67410321875
cost_usd,gemini,9.02146357,17.67410321875,64,17.67410321875,17.67410321875
cost_usd,gemini,9.05255693,17.68023515625,64,17.67410321875,17.68023515625
cost_usd,gemini,9.06080775,17.698603421875,64,17.67410321875,17.698603421875
cost_usd,gemini,9.06455707,17.709100453125,64,17.67410321875,17.709100453125
cost_usd,gemini,9.07519545,17.709100453125,64,17.68460025,17.709100453125
cost_usd,gemini,9.07695007,17.709100453125,64,17.702968515625,17.709100453125
cost_usd,gemini,9.07932473,17.709100453125,64,17.709100453125,17.709100453125
cost_usd,gemini,9.0935451,17.719863421875,64,17.709100453125,17.719863421875
cost_usd,gemini,9.10512127,17.719863421875,64,17.719863421875,17.719863421875
cost_usd,gemini,9.12626198,17.726276156249998,64,17.719863421875,17.726276156249998
cost_usd,gemini,9.14787758,17.726276156249998,64,17.719863421875,17.726276156249998
cost_usd,gemini,9.15111353,17.726276156249998,64,17.726276156249998,17.726276156249998
cost_usd,gemini,9.15606285,17.727179359375,64,17.726276156249998,17.727179359375
cost_usd,gemini,9.16134615,17.727179359375,64,17.726276156249998,17.727179359375
cost_usd,gemini,9.16918598,17.727179359375,64,17.727179359375,17.727179359375
cost_usd,gemini,9.22920825,17.736944984375,64,17.727179359375,17.736944984375
cost_usd,gemini,9.23926933,17.737375140625,64,17.727179359375,17.737375140625
cost_usd,gemini,9.24140992,17.737375140625,64,17.736944984375,17.737375140625
cost_usd,gemini,9.27760455,17.748401828125,64,17.736944984375,17.748401828125
cost_usd,gemini,9.29737358,17.748401828125,64,17.747971671875,17.748401828125
cost_usd,gemini,9.31217697,17.748401828125,64,17.748401828125,17.748401828125
cost_usd,gemini,9.34088325,17.769405359375,64,17.748401828125,17.769405359375
cost_usd,gemini,9.35730578,17.769405359375,64,17.769405359375,17.769405359375
cost_usd,gemini,9.41918139,17.77541325,64,17.769405359375,17.77541325
cost_usd,gemini,9.4251577,17.77541325,64,17.77541325,17.77541325
cost_usd,gemini,9.42955515,17.784087859375,64,17.77541325,17.784087859375
cost_usd,gemini,9.4557717,17.784087859375,64,17.784087859375,17.784087859375
cost_usd,gemini,9.51510407,17.791098921875,64,17.784087859375,17.791098921875
cost_usd,gemini,9.53479116,17.791098921875,64,17.791098921875,17.791098921875
cost_usd,gemini,9.53912207,17.794762140625,64,17.791098921875,17.794762140625
cost_usd,gemini,9.55000308,17.794762140625,64,17.794762140625,17.794762140625
cost_usd,gemini,9.55167375,17.794762140625,64,17.794762140625,17.794762140625
cost_usd,gemini,9.55433209,17.801771390625,64,17.794762140625,17.801771390625
cost_usd,gemini,9.55551886,17.801771390625,64,17.801771390625,17.801771390625
cost_usd,gemini,9.56253765,17.801771390625,64,17.801771390625,17.801771390625
cost_usd,gemini,9.58134285,17.820283078125,64,17.801771390625,17.820283078125
cost_usd,gemini,9.59488057,17.820283078125,64,17.820283078125,17.820283078125
cost_usd,gemini,9.5996736,17.833763703125,64,17.820283078125,17.833763703125
cost_usd,gemini,9.60912052,17.836400265625,64,17.820283078125,17.836400265625
cost_usd,gemini,9.61305817,17.836400265625,64,17.833763703125,17.836400265625
cost_usd,gemini,9.62287042,17.836400265625,64,17.836400265625,17.836400265625
cost_usd,gemini,9.63231585,17.852629546875,64,17.836400265625,17.852629546875
cost_usd,gemini,9.64181197,17.852629546875,64,17.852629546875,17.852629546875
cost_usd,gemini,9.67651282,17.8669620625,64,17.852629546875,17.8669620625
cost_usd,gemini,9.69676215,17.8857961875,64,17.852629546875,17.8857961875
cost_usd,gemini,9.70003405,17.886966828125,64,17.852629546875,17.886966828125
cost_usd,gemini,9.7003413,17.886966828125,64,17.8538001875,17.886966828125
cost_usd,gemini,9.71002372,17.886966828125,64,17.8726343125,17.886966828125
cost_usd,gemini,9.73197907,17.88910478125,64,17.8726343125,17.88910478125
cost_usd,gemini,9.7487676,17.88910478125,64,17.874772265625,17.88910478125
cost_usd,gemini,9.74882805,17.897984703125,64,17.874772265625,17.897984703125
cost_usd,gemini,9.75393825,17.907814156249998,64,17.874772265625,17.907814156249998
cost_usd,gemini,9.76655528,17.907814156249998,64,17.884601718749998,17.907814156249998
cost_usd,gemini,9.7668066,17.907814156249998,64,17.893481640625,17.907814156249998
cost_usd,gemini,9.80754007,17.907814156249998,64,17.907814156249998,17.907814156249998
cost_usd,gemini,9.80887988,17.91560596875,64,17.907814156249998,17.91560596875
cost_usd,gemini,9.82116623,17.91560596875,64,17.91560596875,17.91560596875
cost_usd,gemini,9.91164143,17.972467734374998,64,17.91560596875,17.972467734374998
cost_usd,gemini,9.91377825,17.977030234375,64,17.91560596875,17.977030234375
cost_usd,gemini,9.92352555,17.977030234375,64,17.972467734374998,17.977030234375
cost_usd,gemini,9.9278118,17.977030234375,64,17.977030234375,17.977030234375
cost_usd,gemini,9.96708292,18.055205296875,64,17.977030234375,18.055205296875
cost_usd,gemini,9.9793383,18.055205296875,64,18.055205296875,18.055205296875
cost_usd,gemini,10.00735642,18.055850515625,64,18.055205296875,18.055850515625
cost_usd,gemini,10.07167388,18.05887428125,64,18.055205296875,18.05887428125
cost_usd,gemini,10.08514673,18.05887428125,64,18.0582290625,18.05887428125
cost_usd,gemini,10.14182625,18.05991378125,64,18.0582290625,18.05991378125
cost_usd,gemini,10.16281088,18.05991378125,64,18.059268562499998,18.05991378125
cost_usd,gemini,10.18805719,18.06203803125,64,18.059268562499998,18.06203803125
cost_usd,gemini,10.19366355,18.066952765625,64,18.059268562499998,18.066952765625
cost_usd,gemini,10.2052344,18.066952765625,64,18.064183296875,18.066952765625
cost_usd,gemini,10.23186817,18.082850937499998,64,18.064183296875,18.082850937499998
cost_usd,gemini,10.24180327,18.082850937499998,64,18.08008146875,18.082850937499998
cost_usd,gemini,10.24692066,18.082850937499998,64,18.08220571875,18.082850937499998
cost_usd,gemini,10.33319527,18.09286475,64,18.08220571875,18.09286475
cost_usd,gemini,10.34956057,18.09286475,64,18.09221953125,18.09286475
cost_usd,gemini,10.35855045,18.09355871875,64,18.09221953125,18.09355871875
cost_usd,gemini,10.37325675,18.09355871875,64,18.092913499999998,18.09355871875
cost_usd,gemini,10.49730345,18.11873334375,64,18.092913499999998,18.11873334375
cost_usd,gemini,10.5096882,18.11873334375,64,18.118088125,18.11873334375
cost_usd,gemini,10.5320427,18.124369140625,64,18.118088125,18.124369140625
cost_usd,gemini,10.54482375,18.124369140625,64,18.123723921875,18.124369140625
cost_usd,gemini,10.57476915,18.12480528125,64,18.123723921875,18.12480528125
cost_usd,gemini,10.59834262,18.12480528125,64,18.1241600625,18.12480528125
cost_usd,gemini,10.60201042,18.145051765625,64,18.1241600625,18.145051765625
cost_usd,gemini,10.61105872,18.145051765625,64,18.144406546875,18.145051765625
cost_usd,gemini,10.67638395,18.14536759375,64,18.144406546875,18.14536759375
cost_usd,gemini,10.69414485,18.14536759375,64,18.144722375,18.14536759375
cost_usd,gemini,10.70812117,18.161642578125,64,18.144722375,18.161642578125
cost_usd,gemini,10.71069799,18.165269453125,64,18.144722375,18.165269453125
cost_usd,gemini,10.72339005,18.1708906875,64,18.144722375,18.1708906875
cost_usd,gemini,10.73609423,18.1708906875,64,18.150343609375,18.1708906875
cost_usd,gemini,10.73756858,18.222532734375,64,18.150343609375,18.222532734375
cost_usd,gemini,10.7535007,18.231444671875,64,18.150343609375,18.231444671875
cost_usd,gemini,10.76784877,18.24191846875,64,18.150343609375,18.24191846875
cost_usd,gemini,10.77322238,18.2441024375,64,18.150343609375,18.2441024375
cost_usd,gemini,10.77817655,18.2441024375,64,18.150988828125,18.2441024375
cost_usd,gemini,10.78089967,18.2441024375,64,18.1672638125,18.2441024375
cost_usd,gemini,10.78239128,18.258685421875,64,18.1672638125,18.258685421875
cost_usd,gemini,10.78749405,18.258685421875,64,18.177737609375,18.258685421875
cost_usd,gemini,10.79669378,18.258685421875,64,18.179921578125,18.258685421875
cost_usd,gemini,10.7988816,18.258685421875,64,18.1945045625,18.258685421875
cost_usd,gemini,10.80404408,18.258685421875,64,18.246146609375,18.258685421875
cost_usd,gemini,10.811247,18.269580171875,64,18.246146609375,18.269580171875
cost_usd,gemini,10.82388652,18.28887671875,64,18.246146609375,18.28887671875
cost_usd,gemini,10.83133897,18.28887671875,64,18.257041359375,18.28887671875
cost_usd,gemini,10.8393915,18.30922996875,64,18.257041359375,18.30922996875
cost_usd,gemini,10.83954642,18.30922996875,64,18.277394609375,18.30922996875
cost_usd,gemini,10.8425604,18.30922996875,64,18.29669115625,18.30922996875
cost_usd,gemini,10.87455375,18.310370890625,64,18.29669115625,18.310370890625
cost_usd,gemini,10.88903745,18.310370890625,64,18.297832078125,18.310370890625
cost_usd,gemini,10.89369158,18.320040765625,64,18.297832078125,18.320040765625
cost_usd,gemini,10.90579433,18.320040765625,64,18.307501953125,18.320040765625
cost_usd,gemini,11.00346098,18.320040765625,64,18.311128828125,18.320040765625
cost_usd,gemini,11.03544704,18.320040765625,64,18.320040765625,18.320040765625
cost_usd,gemini,11.0805366,18.324913187499998,64,18.320040765625,18.324913187499998
cost_usd,gemini,11.09220938,18.326374265625,64,18.320040765625,18.326374265625
cost_usd,gemini,11.09281503,18.330448265624998,64,18.320040765625,18.330448265624998
cost_usd,gemini,11.09393136,18.330448265624998,64,18.324114765625,18.330448265624998
cost_usd,gemini,11.10527955,18.330448265624998,64,18.32557584375,18.330448265624998
cost_usd,gemini,11.10766178,18.333333140625,64,18.32557584375,18.333333140625
cost_usd,gemini,11.12382593,18.333333140625,64,18.32846071875,18.333333140625
cost_usd,gemini,11.1459501,18.333333140625,64,18.333333140625,18.333333140625
cost_usd,gemini,11.16416423,18.335702359375,64,18.333333140625,18.335702359375
cost_usd,gemini,11.1820869,18.335702359375,64,18.335702359375,18.335702359375
cost_usd,gemini,11.24155492,18.344795359375,64,18.335702359375,18.344795359375
cost_usd,gemini,11.2565226,18.344795359375,64,18.344795359375,18.344795359375
cost_usd,gemini,11.2966755,18.34598546875,64,18.344795359375,18.34598546875
cost_usd,gemini,11.3037195,18.34785346875,64,18.344795359375,18.34785346875
cost_usd,gemini,11.30683875,18.361890984375,64,18.344795359375,18.361890984375
cost_usd,gemini,11.31658913,18.361890984375,64,18.358832875,18.361890984375
cost_usd,gemini,11.32007085,18.361890984375,64,18.360700875,18.361890984375
cost_usd,gemini,11.32943738,18.363150984375,64,18.360700875,18.363150984375
cost_usd,gemini,11.33351966,18.366955484375,64,18.360700875,18.366955484375
cost_usd,gemini,11.33381912,18.366955484375,64,18.364505375,18.366955484375
cost_usd,gemini,11.3429415,18.366955484375,64,18.365765375,18.366955484375
cost_usd,gemini,11.38418756,18.369209171875,64,18.365765375,18.369209171875
cost_usd,gemini,11.39317099,18.369209171875,64,18.366955484375,18.369209171875
cost_usd,gemini,11.40654359,18.369209171875,64,18.369209171875,18.369209171875
cost_usd,gemini,11.5236387,18.380391265625,64,18.369209171875,18.380391265625
cost_usd,gemini,11.52412554,18.380912484375,64,18.369209171875,18.380912484375
cost_usd,gemini,11.53973722,18.380912484375,64,18.380391265625,18.380912484375
cost_usd,gemini,11.58246309,18.414221515624998,64,18.380391265625,18.414221515624998
cost_usd,gemini,11.58541615,18.414221515624998,64,18.413700296875,18.414221515624998
cost_usd,gemini,11.58602077,18.42514146875,64,18.413700296875,18.42514146875
cost_usd,gemini,11.58951822,18.42514146875,64,18.414221515624998,18.42514146875
cost_usd,gemini,11.59897702,18.42514146875,64,18.42514146875,18.42514146875
cost_usd,gemini,11.63588872,18.426021265625,64,18.42514146875,18.426021265625
cost_usd,gemini,11.65486507,18.426021265625,64,18.426021265625,18.426021265625
cost_usd,gemini,11.77195688,18.42618925,64,18.426021265625,18.42618925
cost_usd,gemini,11.80084515,18.42618925,64,18.42618925,18.42618925
cost_usd,gemini,11.8127325,18.4451460625,64,18.42618925,18.4451460625
cost_usd,gemini,11.81644027,18.47167503125,64,18.42618925,18.47167503125
cost_usd,gemini,11.83049392,18.47167503125,64,18.45271821875,18.47167503125
cost_usd,gemini,11.84248628,18.473956109375,64,18.45271821875,18.473956109375
cost_usd,gemini,11.85139425,18.48262175,64,18.45271821875,18.48262175
cost_usd,gemini,11.8540956,18.48262175,64,18.454999296875,18.48262175
cost_usd,gemini,11.85611594,18.483914203125,64,18.454999296875,18.483914203125
cost_usd,gemini,11.85739155,18.4896388125,64,18.454999296875,18.4896388125
cost_usd,gemini,11.85847785,18.4919511875,64,18.454999296875,18.4919511875
cost_usd,gemini,11.86516448,18.4919511875,64,18.4636649375,18.4919511875
cost_usd,gemini,11.86957083,18.4919511875,64,18.464957390625,18.4919511875
cost_usd,gemini,11.87216753,18.4919511875,64,18.470682,18.4919511875
cost_usd,gemini,11.87262413,18.4919511875,64,18.472994375,18.4919511875
cost_usd,gemini,11.881962,18.4919511875,64,18.4919511875,18.4919511875
cost_usd,gemini,11.8846389,18.536101640625,64,18.4919511875,18.536101640625
cost_usd,gemini,11.88823509,18.54380084375,64,18.4919511875,18.54380084375
cost_usd,gemini,11.89693282,18.54380084375,64,18.536101640625,18.54380084375
cost_usd,gemini,11.9334071,18.54380084375,64,18.54380084375,18.54380084375
cost_usd,gemini,11.94172282,18.561986859375,64,18.54380084375,18.561986859375
cost_usd,gemini,11.9560104,18.593359640625,64,18.54380084375,18.593359640625
cost_usd,gemini,11.9561907,18.593359640625,64,18.561986859375,18.593359640625
cost_usd,gemini,11.97344946,18.597650734375,64,18.561986859375,18.597650734375
cost_usd,gemini,11.97634957,18.597650734375,64,18.593359640625,18.597650734375
cost_usd,gemini,11.97842454,18.619270953125,64,18.593359640625,18.619270953125
cost_usd,gemini,11.98772085,18.618336953125,64,18.592425640625,18.619270953125
cost_usd,gemini,11.9919844,18.618336953125,64,18.614045859375,18.619270953125
cost_usd,gemini,11.9949345,18.618336953125,64,18.618336953125,18.619270953125
cost_usd,gemini,12.00133823,18.618336953125,64,18.618336953125,18.618336953125
cost_usd,gemini,12.0564096,18.619649453125,64,18.618336953125,18.619649453125
cost_usd,gemini,12.07157348,18.619649453125,64,18.619649453125,18.619649453125
cost_usd,gemini,12.09652493,18.631422734375,64,18.619649453125,18.631422734375
cost_usd,gemini,12.10643138,18.631422734375,64,18.631422734375,18.631422734375
cost_usd,gemini,12.11929507,18.637352,64,18.631422734375,18.637352
cost_usd,gemini,12.13201335,18.637352,64,18.637352,18.637352
cost_usd,gemini,12.13778953,18.637778265625,64,18.637352,18.637778265625
cost_usd,gemini,12.16894215,18.64301878125,64,18.637352,18.64301878125
cost_usd,gemini,12.17032185,18.64301878125,64,18.637778265625,18.64301878125
cost_usd,gemini,12.1828785,18.64301878125,64,18.64301878125,18.64301878125
cost_usd,gemini,12.23127952,18.644007609375,64,18.64301878125,18.644007609375
cost_usd,gemini,12.2414502,18.644007609375,64,18.644007609375,18.644007609375
cost_usd,gemini,12.25942958,18.65585275,64,18.644007609375,18.65585275
cost_usd,gemini,12.26063565,18.665554546875,64,18.644007609375,18.665554546875
cost_usd,gemini,12.272004,18.665554546875,64,18.65585275,18.665554546875
cost_usd,gemini,12.27307335,18.665554546875,64,18.665554546875,18.665554546875
cost_usd,gemini,12.27759123,18.666024390625,64,18.665554546875,18.666024390625
cost_usd,gemini,12.27779379,18.666024390625,64,18.666024390625,18.666024390625
cost_usd,gemini,12.33440025,18.66817503125,64,18.666024390625,18.66817503125
cost_usd,gemini,12.35058225,18.66817503125,64,18.66817503125,18.66817503125
cost_usd,gemini,12.3648651,18.681328875,64,18.66817503125,18.681328875
cost_usd,gemini,12.36979509,18.6856715,64,18.66817503125,18.6856715
cost_usd,gemini,12.36995663,18.6856715,64,18.67251765625,18.6856715
cost_usd,gemini,12.37684935,18.6856715,64,18.6856715,18.6856715
cost_usd,gemini,12.4015116,18.685985078125,64,18.6856715,18.685985078125
cost_usd,gemini,12.40812517,18.688565937499998,64,18.6856715,18.688565937499998
cost_usd,gemini,12.41546265,18.688565937499998,64,18.685985078125,18.688565937499998
cost_usd,gemini,12.42065002,18.688565937499998,64,18.688565937499998,18.688565937499998
cost_usd,gemini,12.428855,18.68944953125,64,18.688565937499998,18.68944953125
cost_usd,gemini,12.44352547,18.68944953125,64,18.68944953125,18.68944953125
cost_usd,gemini,12.44545313,18.69318825,64,18.68944953125,18.69318825
cost_usd,gemini,12.4571724,18.69318825,64,18.69318825,18.69318825
cost_usd,gemini,12.4798287,18.699164265625,64,18.69318825,18.699164265625
cost_usd,gemini,12.48954045,18.699164265625,64,18.699164265625,18.699164265625
cost_usd,gemini,12.52916813,18.718822359375,64,18.699164265625,18.718822359375
cost_usd,gemini,12.54628508,18.718822359375,64,18.718822359375,18.718822359375
cost_usd,gemini,12.55659825,18.721603671875,64,18.718822359375,18.721603671875
cost_usd,gemini,12.57308047,18.721603671875,64,18.721603671875,18.721603671875
cost_usd,gemini,12.59238822,18.722112234375,64,18.721603671875,18.722112234375
cost_usd,gemini,12.59354329,18.722112234375,64,18.722112234375,18.722112234375
cost_usd,gemini,12.63249038,18.72373503125,64,18.722112234375,18.72373503125
cost_usd,gemini,12.66995115,18.731082546875,64,18.722112234375,18.731082546875
cost_usd,gemini,12.6842664,18.731082546875,64,18.72945975,18.731082546875
cost_usd,gemini,12.69442905,18.731082546875,64,18.731082546875,18.731082546875
cost_usd,gemini,12.7305561,18.73626109375,64,18.731082546875,18.73626109375
cost_usd,gemini,12.73884188,18.74238853125,64,18.731082546875,18.74238853125
cost_usd,gemini,12.74309745,18.74238853125,64,18.73626109375,18.74238853125
cost_usd,gemini,12.751239,18.74238853125,64,18.74238853125,18.74238853125
cost_usd,gemini,12.75159435,18.743274375,64,18.74238853125,18.743274375
cost_usd,gemini,12.7665516,18.743274375,64,18.743274375,18.743274375
cost_usd,gemini,12.7757823,18.74980703125,64,18.743274375,18.74980703125
cost_usd,gemini,12.78364545,18.751056515625,64,18.743274375,18.751056515625
cost_usd,gemini,12.78824692,18.751056515625,64,18.74980703125,18.751056515625
cost_usd,gemini,12.80595285,18.751056515625,64,18.751056515625,18.751056515625
cost_usd,gemini,12.80603707,18.75796259375,64,18.751056515625,18.75796259375
cost_usd,gemini,12.8248791,18.75796259375,64,18.75796259375,18.75796259375
cost_usd,gemini,12.94788068,18.762095671875,64,18.75796259375,18.762095671875
cost_usd,gemini,12.96156559,18.762095671875,64,18.762095671875,18.762095671875
cost_usd,gemini,12.97666612,18.767678953125,64,18.762095671875,18.767678953125
cost_usd,gemini,12.9909498,18.76848078125,64,18.762095671875,18.76848078125
cost_usd,gemini,12.99313927,18.76848078125,64,18.767678953125,18.76848078125
cost_usd,gemini,13.01266567,18.76848078125,64,18.76848078125,18.76848078125
cost_usd,gemini,13.04986553,18.7781244375,64,18.76848078125,18.7781244375
cost_usd,gemini,13.0604916,18.7781244375,64,18.7781244375,18.7781244375
cost_usd,gemini,13.11845018,18.780405515625,64,18.7781244375,18.780405515625
cost_usd,gemini,13.1328414,18.780405515625,64,18.780405515625,18.780405515625
cost_usd,gemini,13.14662655,18.784323265624998,64,18.780405515625,18.784323265624998
cost_usd,gemini,13.16264385,18.784323265624998,64,18.784323265624998,18.784323265624998
cost_usd,gemini,13.21209008,18.794550796875,64,18.784323265624998,18.794550796875
cost_usd,gemini,13.22583068,18.794550796875,64,18.794550796875,18.794550796875
cost_usd,gemini,13.22744655,18.79544840625,64,18.794550796875,18.79544840625
cost_usd,gemini,13.23144382,18.81981775,64,18.794550796875,18.81981775
cost_usd,gemini,13.24600778,18.81981775,64,18.79544840625,18.81981775
cost_usd,gemini,13.24701435,18.81981775,64,18.81981775,18.81981775
cost_usd,gemini,13.33545112,18.848497703125,64,18.81981775,18.848497703125
cost_usd,gemini,13.34737672,18.848497703125,64,18.848497703125,18.848497703125
cost_usd,gemini,13.3493877,18.852347796875,64,18.848497703125,18.852347796875
cost_usd,gemini,13.35994485,18.852347796875,64,18.852347796875,18.852347796875
cost_usd,gemini,13.39462349,18.854251078125,64,18.852347796875,18.854251078125
cost_usd,gemini,13.40957606,18.854251078125,64,18.854251078125,18.854251078125
cost_usd,gemini,13.41369203,18.85809696875,64,18.854251078125,18.85809696875
cost_usd,gemini,13.4160825,18.871406640625,64,18.854251078125,18.871406640625
cost_usd,gemini,13.4263179,18.871406640625,64,18.85809696875,18.871406640625
cost_usd,gemini,13.43260477,18.871406640625,64,18.871406640625,18.871406640625
cost_usd,gemini,13.49402363,18.872656125,64,18.871406640625,18.872656125
cost_usd,gemini,13.49470076,18.872984109375,64,18.871406640625,18.872984109375
cost_usd,gemini,13.49541742,18.873420953125,64,18.871406640625,18.873420953125
cost_usd,gemini,13.50541095,18.893218375,64,18.871406640625,18.893218375
cost_usd,gemini,13.5083013,18.893218375,64,18.872656125,18.893218375
cost_usd,gemini,13.51835662,18.893218375,64,18.892453546875,18.893218375
cost_usd,gemini,13.52094472,18.9033504375,64,18.892453546875,18.9033504375
cost_usd,gemini,13.52744777,18.9033504375,64,18.892781531249998,18.9033504375
cost_usd,gemini,13.53132187,18.9033504375,64,18.893218375,18.9033504375
cost_usd,gemini,13.53914017,18.9033504375,64,18.9033504375,18.9033504375
cost_usd,gemini,13.5592953,18.92752625,64,18.9033504375,18.92752625
cost_usd,gemini,13.57007752,18.92752625,64,18.92752625,18.92752625
cost_usd,gemini,13.57184677,18.94525396875,64,18.92752625,18.94525396875
cost_usd,gemini,13.58434755,18.94525396875,64,18.94525396875,18.94525396875
cost_usd,gemini,13.62315781,18.947214515625,64,18.94525396875,18.947214515625
cost_usd,gemini,13.62348834,18.947214515625,64,18.947214515625,18.947214515625
cost_usd,gemini,13.64414918,18.94875528125,64,18.947214515625,18.94875528125
cost_usd,gemini,13.65899685,18.94875528125,64,18.94875528125,18.94875528125
cost_usd,gemini,13.72380045,18.96506325,64,18.94875528125,18.96506325
cost_usd,gemini,13.73521807,18.96506325,64,18.96506325,18.96506325
cost_usd,gemini,13.83246142,18.969799015625,64,18.96506325,18.969799015625
cost_usd,gemini,13.84241917,18.969799015625,64,18.969799015625,18.969799015625
cost_usd,gemini,13.88306283,18.96986878125,64,18.969799015625,18.96986878125
cost_usd,gemini,13.88677626,18.96986878125,64,18.96986878125,18.96986878125
cost_usd,gemini,13.97170073,18.97982603125,64,18.96986878125,18.97982603125
cost_usd,gemini,13.98437565,18.97982603125,64,18.97982603125,18.97982603125
cost_usd,gemini,13.9866504,18.98012003125,64,18.97982603125,18.98012003125
cost_usd,gemini,14.0071866,18.98012003125,64,18.98012003125,18.98012003125
cost_usd,gemini,14.02528335,18.982158265625,64,18.98012003125,18.982158265625
cost_usd,gemini,14.03889413,18.982158265625,64,18.982158265625,18.982158265625
cost_usd,gemini,14.04740625,18.983690125,64,18.982158265625,18.983690125
cost_usd,gemini,14.05065412,18.9844045,64,18.982158265625,18.9844045
cost_usd,gemini,14.0618229,18.9844045,64,18.982872640625,18.9844045
cost_usd,gemini,14.06693002,18.9844045,64,18.9844045,18.9844045
cost_usd,gemini,14.14333973,18.986563390625,64,18.9844045,18.986563390625
cost_usd,gemini,14.15077043,18.99268446875,64,18.9844045,18.99268446875
cost_usd,gemini,14.15557665,18.99268446875,64,18.986563390625,18.99268446875
cost_usd,gemini,14.16796208,18.99268446875,64,18.99268446875,18.99268446875
cost_usd,gemini,14.1904824,19.0086141875,64,18.99268446875,19.0086141875
cost_usd,gemini,14.20745025,19.022024,64,18.99268446875,19.022024
cost_usd,gemini,14.218116,19.02661975,64,18.99268446875,19.02661975
cost_usd,gemini,14.21819378,19.02661975,64,19.00609428125,19.02661975
cost_usd,gemini,14.22217995,19.02661975,64,19.022024,19.02661975
cost_usd,gemini,14.2295553,19.02661975,64,19.02661975,19.02661975
cost_usd,gemini,14.23193379,19.026912328125,64,19.02661975,19.026912328125
cost_usd,gemini,14.2425717,19.028940109375,64,19.02661975,19.028940109375
cost_usd,gemini,14.24938725,19.028940109375,64,19.02661975,19.028940109375
cost_usd,gemini,14.25406365,19.028940109375,64,19.028647531249998,19.028940109375
cost_usd,gemini,14.2578399,19.028940109375,64,19.028647531249998,19.028940109375
cost_usd,gemini,14.28489465,19.028940109375,64,19.028940109375,19.028940109375
cost_usd,gemini,14.3300226,19.032498171874998,64,19.028940109375,19.032498171874998
cost_usd,gemini,14.35455217,19.09113275,64,19.028940109375,19.09113275
cost_usd,gemini,14.36690925,19.09113275,64,19.0875746875,19.09113275
cost_usd,gemini,14.36704013,19.092140109375,64,19.0875746875,19.092140109375
cost_usd,gemini,14.38205385,19.092140109375,64,19.088582046875,19.092140109375
cost_usd,gemini,14.40915953,19.103540515625,64,19.088582046875,19.103540515625
cost_usd,gemini,14.42140095,19.103540515625,64,19.099982453125,19.103540515625
cost_usd,gemini,14.43087109,19.071498453125,64,19.067940390625,19.103540515625
cost_usd,gemini,14.43094612,19.071498453125,64,19.067940390625,19.071498453125
cost_usd,gemini,14.4640902,19.076503453125,64,19.067940390625,19.076503453125
cost_usd,gemini,14.4759207,19.076503453125,64,19.072945390625,19.076503453125
cost_usd,gemini,14.58679549,19.080690984375,64,19.072945390625,19.080690984375
cost_usd,gemini,14.59397678,19.084193328125,64,19.072945390625,19.084193328125
cost_usd,gemini,14.60636985,19.084193328125,64,19.076447734374998,19.084193328125
cost_usd,gemini,14.65646887,19.095358140625,64,19.076447734374998,19.095358140625
cost_usd,gemini,14.66307225,19.099580796875,64,19.076447734374998,19.099580796875
cost_usd,gemini,14.66660235,19.10409684375,64,19.076447734374998,19.10409684375
cost_usd,gemini,14.67179572,19.10409684375,64,19.087612546875,19.10409684375
cost_usd,gemini,14.6774574,19.10409684375,64,19.09212859375,19.10409684375
cost_usd,gemini,14.68130265,19.111331265625,64,19.09212859375,19.111331265625
cost_usd,gemini,14.68271888,19.1118751875,64,19.09212859375,19.1118751875
cost_usd,gemini,14.69358608,19.113553171875,64,19.09212859375,19.113553171875
cost_usd,gemini,14.70434565,19.14979603125,64,19.09212859375,19.14979603125
cost_usd,gemini,14.71234118,19.14979603125,64,19.092672515625,19.14979603125
cost_usd,gemini,14.71688715,19.14979603125,64,19.0999069375,19.14979603125
cost_usd,gemini,14.7179013,19.14979603125,64,19.136149796875,19.14979603125
cost_usd,gemini,14.72527132,19.15158571875,64,19.136149796875,19.15158571875
cost_usd,gemini,14.73165825,19.15158571875,64,19.140372453125,19.15158571875
cost_usd,gemini,14.7390474,19.15158571875,64,19.142162140625,19.15158571875
cost_usd,gemini,14.74071795,19.154868171875,64,19.142162140625,19.154868171875
cost_usd,gemini,14.7491913,19.154868171875,64,19.14544459375,19.154868171875
cost_usd,gemini,14.75906783,19.154868171875,64,19.147122578125,19.154868171875
cost_usd,gemini,14.80655459,19.154868171875,64,19.151310109375,19.154868171875
cost_usd,gemini,14.85047745,19.162754171875,64,19.151310109375,19.162754171875
cost_usd,gemini,14.86737788,19.162754171875,64,19.159196109375,19.162754171875
cost_usd,gemini,14.89213065,19.168343765625,64,19.159196109375,19.168343765625
cost_usd,gemini,14.90569163,19.168343765625,64,19.164785703125,19.168343765625
cost_usd,gemini,14.9434062,19.172651203125,64,19.164785703125,19.172651203125
cost_usd,gemini,14.9600271,19.172651203125,64,19.169093140625,19.172651203125
cost_usd,gemini,14.9600958,19.172651203125,64,19.169093140625,19.172651203125
cost_usd,gemini,14.98344743,19.17884084375,64,19.169093140625,19.17884084375
cost_usd,gemini,14.98784357,19.17884084375,64,19.172651203125,19.17884084375
cost_usd,gemini,14.99242532,19.181014875,64,19.172651203125,19.181014875
cost_usd,gemini,14.998617,19.181014875,64,19.17884084375,19.181014875
cost_usd,gemini,15.00566642,19.181014875,64,19.181014875,19.181014875
cost_usd,gemini,15.02983861,19.18134934375,64,19.181014875,19.18134934375
cost_usd,gemini,15.03558195,19.189482203125,64,19.181014875,19.189482203125
cost_usd,gemini,15.037683,19.189482203125,64,19.181014875,19.189482203125
cost_usd,gemini,15.04762694,19.189482203125,64,19.18134934375,19.189482203125
cost_usd,gemini,15.05214637,19.189482203125,64,19.189482203125,19.189482203125
cost_usd,gemini,15.06114083,19.19121671875,64,19.189482203125,19.19121671875
cost_usd,gemini,15.0784905,19.198939859375,64,19.189482203125,19.198939859375
cost_usd,gemini,15.09589343,19.198939859375,64,19.19720534375,19.198939859375
cost_usd,gemini,15.10794218,19.198939859375,64,19.198939859375,19.198939859375
cost_usd,gemini,15.13365075,19.206536546875,64,19.198939859375,19.206536546875
cost_usd,gemini,15.14316353,19.209970359375,64,19.198939859375,19.209970359375
cost_usd,gemini,15.14762422,19.209970359375,64,19.206536546875,19.209970359375
cost_usd,gemini,15.16948238,19.209970359375,64,19.209970359375,19.209970359375
cost_usd,gemini,15.1930674,19.211038140625,64,19.209970359375,19.211038140625
cost_usd,gemini,15.2247885,19.211038140625,64,19.211038140625,19.211038140625
cost_usd,gemini,15.27359002,19.225856125,64,19.211038140625,19.225856125
cost_usd,gemini,15.28695855,19.225856125,64,19.225856125,19.225856125
cost_usd,gemini,15.35480175,19.239319031249998,64,19.225856125,19.239319031249998
cost_usd,gemini,15.35508045,19.245696234375,64,19.225856125,19.245696234375
cost_usd,gemini,15.35631868,19.2471475,64,19.225856125,19.2471475
cost_usd,gemini,15.3567702,19.2499288125,64,19.225856125,19.2499288125
cost_usd,gemini,15.36505283,19.2499288125,64,19.232233328124998,19.2499288125
cost_usd,gemini,15.36934222,19.2499288125,64,19.235014640625,19.2499288125
cost_usd,gemini,15.3732426,19.2499288125,64,19.248477546874998,19.2499288125
cost_usd,gemini,15.38902721,19.2499288125,64,19.2499288125,19.2499288125
cost_usd,gemini,15.3949113,19.2564910625,64,19.2499288125,19.2564910625
cost_usd,gemini,15.40766378,19.2564910625,64,19.2564910625,19.2564910625
cost_usd,gemini,15.4376825,19.258756609375,64,19.2564910625,19.258756609375
cost_usd,gemini,15.44003047,19.26546428125,64,19.2564910625,19.26546428125
cost_usd,gemini,15.45188842,19.26546428125,64,19.263198734375,19.26546428125
cost_usd,gemini,15.46813415,19.26546428125,64,19.26546428125,19.26546428125
cost_usd,gemini,15.5523213,19.269667078125,64,19.26546428125,19.269667078125
cost_usd,gemini,15.57076815,19.269667078125,64,19.269667078125,19.269667078125
cost_usd,gemini,15.58878128,19.270019109375,64,19.269667078125,19.270019109375
cost_usd,gemini,15.61040498,19.270019109375,64,19.270019109375,19.270019109375
cost_usd,gemini,15.64974705,19.270630109375,64,19.270019109375,19.270630109375
cost_usd,gemini,15.6612384,19.270630109375,64,19.270630109375,19.270630109375
cost_usd,gemini,15.7642092,19.27892503125,64,19.270630109375,19.27892503125
cost_usd,gemini,15.7971873,19.27892503125,64,19.27892503125,19.27892503125
cost_usd,gemini,15.8759952,19.28565884375,64,19.27892503125,19.28565884375
cost_usd,gemini,15.89099205,19.28565884375,64,19.28565884375,19.28565884375
cost_usd,gemini,15.89443365,19.289571953124998,64,19.28565884375,19.289571953124998
cost_usd,gemini,15.91434165,19.289571953124998,64,19.289571953124998,19.289571953124998
cost_usd,gemini,15.92097555,19.28984434375,64,19.289571953124998,19.28984434375
cost_usd,gemini,15.9341067,19.28984434375,64,19.28984434375,19.28984434375
cost_usd,gemini,15.96876033,19.290811734375,64,19.28984434375,19.290811734375
cost_usd,gemini,15.97473412,19.293568,64,19.28984434375,19.293568
cost_usd,gemini,15.98950575,19.293568,64,19.292600609375,19.293568
cost_usd,gemini,16.0084113,19.305918234375,64,19.292600609375,19.305918234375
cost_usd,gemini,16.01802472,19.3081891875,64,19.292600609375,19.3081891875
cost_usd,gemini,16.0188045,19.3081891875,64,19.30495084375,19.3081891875
cost_usd,gemini,16.03037302,19.3081891875,64,19.307221796874998,19.3081891875
cost_usd,gemini,16.0588786,19.3081891875,64,19.3081891875,19.3081891875
cost_usd,gemini,16.12276223,19.321746234375,64,19.3081891875,19.321746234375
cost_usd,gemini,16.1353785,19.330839234375,64,19.3081891875,19.330839234375
cost_usd,gemini,16.1375037,19.330839234375,64,19.321746234375,19.330839234375
cost_usd,gemini,16.14847027,19.330839234375,64,19.330839234375,19.330839234375
cost_usd,gemini,16.1810868,19.33500484375,64,19.330839234375,19.33500484375
cost_usd,gemini,16.18713308,19.337725328125,64,19.330839234375,19.337725328125
cost_usd,gemini,16.1907288,19.337725328125,64,19.33500484375,19.337725328125
cost_usd,gemini,16.20370043,19.337725328125,64,19.337725328125,19.337725328125
cost_usd,gemini,16.2144822,19.34621065625,64,19.337725328125,19.34621065625
cost_usd,gemini,16.22188718,19.3535219375,64,19.337725328125,19.3535219375
cost_usd,gemini,16.2258897,19.3535219375,64,19.34621065625,19.3535219375
cost_usd,gemini,16.23611835,19.3535219375,64,19.3535219375,19.3535219375
cost_usd,gemini,16.2555219,19.356939796875,64,19.3535219375,19.356939796875
cost_usd,gemini,16.26313793,19.361359734375,64,19.3535219375,19.361359734375
cost_usd,gemini,16.26871155,19.361359734375,64,19.356939796875,19.361359734375
cost_usd,gemini,16.27567463,19.361359734375,64,19.361359734375,19.361359734375
cost_usd,gemini,16.28903745,19.36165525,64,19.361359734375,19.36165525
cost_usd,gemini,16.29326798,19.362744890625,64,19.361359734375,19.362744890625
cost_usd,gemini,16.3024641,19.36420221875,64,19.361359734375,19.36420221875
cost_usd,gemini,16.30292155,19.36420221875,64,19.3628170625,19.36420221875
cost_usd,gemini,16.30605548,19.36420221875,64,19.363112578125,19.36420221875
cost_usd,gemini,16.3396566,19.365525203125,64,19.363112578125,19.365525203125
cost_usd,gemini,16.35555215,19.365525203125,64,19.36420221875,19.365525203125
cost_usd,gemini,16.35915878,19.365525203125,64,19.365525203125,19.365525203125
cost_usd,gemini,16.37411783,19.367222421875,64,19.365525203125,19.367222421875
cost_usd,gemini,16.39636913,19.367222421875,64,19.367222421875,19.367222421875
cost_usd,gemini,16.48219283,19.3677926875,64,19.367222421875,19.3677926875
cost_usd,gemini,16.4945553,19.3677926875,64,19.3677926875,19.3677926875
cost_usd,gemini,16.55097847,19.3677926875,64,19.3677926875,19.3677926875
cost_usd,gemini,16.5625575,19.3677926875,64,19.3677926875,19.3677926875
cost_usd,gemini,16.59937268,19.371559515625,64,19.3677926875,19.371559515625
cost_usd,gemini,16.61253255,19.371559515625,64,19.371559515625,19.371559515625
cost_usd,gemini,16.61291752,19.375343109375,64,19.371559515625,19.375343109375
cost_usd,gemini,16.62469222,19.375343109375,64,19.375343109375,19.375343109375
cost_usd,gemini,16.69806319,19.375765171875,64,19.375343109375,19.375765171875
cost_usd,gemini,16.7062137,19.37741365625,64,19.375343109375,19.37741365625
cost_usd,gemini,16.71357791,19.37741365625,64,19.375765171875,19.37741365625
cost_usd,gemini,16.72298295,19.37741365625,64,19.37741365625,19.37741365625
cost_usd,gemini,16.74030794,19.377684921875,64,19.37741365625,19.377684921875
cost_usd,gemini,16.74797333,19.378805734375,64,19.37741365625,19.378805734375
cost_usd,gemini,16.75956443,19.389273125,64,19.37741365625,19.389273125
cost_usd,gemini,16.76164988,19.389273125,64,19.37853446875,19.389273125
cost_usd,gemini,16.77376065,19.389273125,64,19.378805734375,19.389273125
cost_usd,gemini,16.8334314,19.389273125,64,19.389273125,19.389273125
cost_usd,gemini,16.84357275,19.3974430625,64,19.389273125,19.3974430625
cost_usd,gemini,16.85895863,19.3974430625,64,19.3974430625,19.3974430625
cost_usd,gemini,16.88558565,19.3986934375,64,19.3974430625,19.3986934375
cost_usd,gemini,16.89881385,19.3986934375,64,19.3986934375,19.3986934375
cost_usd,gemini,16.90086323,19.411190234375,64,19.3986934375,19.411190234375
cost_usd,gemini,16.91261213,19.411190234375,64,19.411190234375,19.411190234375
cost_usd,gemini,16.92050329,19.411710484375,64,19.411190234375,19.411710484375
cost_usd,gemini,16.94363871,19.411710484375,64,19.411710484375,19.411710484375
cost_usd,gemini,16.9494237,19.42419603125,64,19.411710484375,19.42419603125
cost_usd,gemini,16.96114755,19.42419603125,64,19.42419603125,19.42419603125
cost_usd,gemini,16.99829082,19.501808109375,64,19.42419603125,19.501808109375
cost_usd,gemini,16.99874346,19.501808109375,64,19.501808109375,19.501808109375
cost_usd,gemini,17.00518065,19.50383103125,64,19.501808109375,19.50383103125
cost_usd,gemini,17.01831548,19.50383103125,64,19.50383103125,19.50383103125
cost_usd,gemini,17.04277275,19.5040863125,64,19.50383103125,19.5040863125
cost_usd,gemini,17.0529228,19.504587453125,64,19.50383103125,19.504587453125
cost_usd,gemini,17.0543676,19.504587453125,64,19.5040863125,19.504587453125
cost_usd,gemini,17.05847707,19.5072638125,64,19.5040863125,19.5072638125
cost_usd,gemini,17.05959044,19.5072638125,64,19.506762671875,19.5072638125
cost_usd,gemini,17.06291167,19.5072638125,64,19.5072638125,19.5072638125
cost_usd,gemini,17.1011238,19.513081546875,64,19.5072638125,19.513081546875
cost_usd,gemini,17.11941503,19.513081546875,64,19.513081546875,19.513081546875
cost_usd,gemini,17.12901442,19.52321046875,64,19.513081546875,19.52321046875
cost_usd,gemini,17.14129395,19.531869171874998,64,19.513081546875,19.531869171874998
cost_usd,gemini,17.1445992,19.531869171874998,64,19.52321046875,19.531869171874998
cost_usd,gemini,17.15660318,19.531869171874998,64,19.531869171874998,19.531869171874998
cost_usd,gemini,17.16243517,19.532220281249998,64,19.531869171874998,19.532220281249998
cost_usd,gemini,17.17509847,19.532220281249998,64,19.532220281249998,19.532220281249998
cost_usd,gemini,17.2593564,19.53287671875,64,19.532220281249998,19.53287671875
cost_usd,gemini,17.27157442,19.53287671875,64,19.53287671875,19.53287671875
cost_usd,gemini,17.27219985,19.54000140625,64,19.53287671875,19.54000140625
cost_usd,gemini,17.28248235,19.541075390625,64,19.53287671875,19.541075390625
cost_usd,gemini,17.28876128,19.541075390625,64,19.54000140625,19.541075390625
cost_usd,gemini,17.29680953,19.54238590625,64,19.54000140625,19.54238590625
cost_usd,gemini,17.29823693,19.54238590625,64,19.541075390625,19.54238590625
cost_usd,gemini,17.30527013,19.5580001875,64,19.541075390625,19.5580001875
cost_usd,gemini,17.31537638,19.5580001875,64,19.556689671875,19.5580001875
cost_usd,gemini,17.3167185,19.5580001875,64,19.5580001875,19.5580001875
cost_usd,gemini,17.3478672,19.564173609375,64,19.5580001875,19.564173609375
cost_usd,gemini,17.36047523,19.564173609375,64,19.564173609375,19.564173609375
cost_usd,gemini,17.40577215,19.564173609375,64,19.564173609375,19.564173609375
cost_usd,gemini,17.41811063,19.564173609375,64,19.564173609375,19.564173609375
cost_usd,gemini,17.4273147,19.629713453125,64,19.564173609375,19.629713453125
cost_usd,gemini,17.43768547,19.629713453125,64,19.629713453125,19.629713453125
cost_usd,gemini,17.44831763,19.63494240625,64,19.629713453125,19.63494240625
cost_usd,gemini,17.49442455,19.63494240625,64,19.63494240625,19.63494240625
cost_usd,gemini,17.52413726,19.635250484375,64,19.63494240625,19.635250484375
cost_usd,gemini,17.52452528,19.635250484375,64,19.635250484375,19.635250484375
cost_usd,gemini,17.59726095,19.63594803125,64,19.635250484375,19.63594803125
cost_usd,gemini,17.62632817,19.648052390625,64,19.635250484375,19.648052390625
cost_usd,gemini,17.63182575,19.648052390625,64,19.63594803125,19.648052390625
cost_usd,gemini,17.64007207,19.648052390625,64,19.648052390625,19.648052390625
cost_usd,gemini,17.67402375,19.650755484375,64,19.648052390625,19.650755484375
cost_usd,gemini,17.68085115,19.66203540625,64,19.648052390625,19.66203540625
cost_usd,gemini,17.6924217,19.66203540625,64,19.6593323125,19.66203540625
cost_usd,gemini,17.70771585,19.66203540625,64,19.66203540625,19.66203540625
cost_usd,gemini,17.71820655,19.66227203125,64,19.66203540625,19.66227203125
cost_usd,gemini,17.72686965,19.6706334375,64,19.66203540625,19.6706334375
cost_usd,gemini,17.7296103,19.6706334375,64,19.66227203125,19.6706334375
cost_usd,gemini,17.73738045,19.6706334375,64,19.6706334375,19.6706334375
cost_usd,gemini,17.76500182,19.672792328125,64,19.6706334375,19.672792328125
cost_usd,gemini,17.78000888,19.672792328125,64,19.672792328125,19.672792328125
cost_usd,gemini,17.79887602,19.676156859375,64,19.672792328125,19.676156859375
cost_usd,gemini,17.81502045,19.676156859375,64,19.676156859375,19.676156859375
cost_usd,gemini,17.8517366,19.676808859375,64,19.676156859375,19.676808859375
cost_usd,gemini,17.85206669,19.676808859375,64,19.676808859375,19.676808859375
cost_usd,gemini,17.89871844,19.685592546875,64,19.676808859375,19.685592546875
cost_usd,gemini,17.89998268,19.685592546875,64,19.685592546875,19.685592546875
cost_usd,gemini,17.9005743,19.686780203125,64,19.685592546875,19.686780203125
cost_usd,gemini,17.90375295,19.6916161875,64,19.685592546875,19.6916161875
cost_usd,gemini,17.91241455,19.6916161875,64,19.686780203125,19.6916161875
cost_usd,gemini,17.92021207,19.6916161875,64,19.6916161875,19.6916161875
cost_usd,gemini,17.9233494,19.69727453125,64,19.6916161875,19.69727453125
cost_usd,gemini,17.95409198,19.69907253125,64,19.6916161875,19.69907253125
cost_usd,gemini,17.97186043,19.699995046875,64,19.6916161875,19.699995046875
cost_usd,gemini,17.97236789,19.699995046875,64,19.692538703125,19.699995046875
cost_usd,gemini,17.97779753,19.699995046875,64,19.694336703125,19.699995046875
cost_usd,gemini,17.97998535,19.699995046875,64,19.699995046875,19.699995046875
cost_usd,gemini,17.9817399,19.70139153125,64,19.699995046875,19.70139153125
cost_usd,gemini,17.9920026,19.70139153125,64,19.70139153125,19.70139153125
cost_usd,gemini,18.01929195,19.702640375,64,19.70139153125,19.702640375
cost_usd,gemini,18.0314826,19.702640375,64,19.702640375,19.702640375
cost_usd,gemini,18.0561648,19.704044593749998,64,19.702640375,19.704044593749998
cost_usd,gemini,18.07529527,19.704044593749998,64,19.704044593749998,19.704044593749998
cost_usd,gemini,18.07923712,19.7168771875,64,19.704044593749998,19.7168771875
cost_usd,gemini,18.0924846,19.7168771875,64,19.7168771875,19.7168771875
cost_usd,gemini,18.14496757,19.7175435625,64,19.7168771875,19.7175435625
cost_usd,gemini,18.15854775,19.7175435625,64,19.7175435625,19.7175435625
cost_usd,gemini,18.23271,19.7175435625,64,19.7175435625,19.7175435625
cost_usd,gemini,18.2432862,19.7175435625,64,19.7175435625,19.7175435625
cost_usd,gemini,18.27449903,19.71808075,64,19.7175435625,19.71808075
cost_usd,gemini,18.28897418,19.71808075,64,19.71808075,19.71808075
cost_usd,gemini,18.32016742,19.719017609375,64,19.71808075,19.719017609375
cost_usd,gemini,18.3258537,19.72546328125,64,19.71808075,19.72546328125
cost_usd,gemini,18.32859705,19.72546328125,64,19.719017609375,19.72546328125
cost_usd,gemini,18.3418365,19.72546328125,64,19.72546328125,19.72546328125
cost_usd,gemini,18.34401398,19.726521921875,64,19.72546328125,19.726521921875
cost_usd,gemini,18.34433217,19.726521921875,64,19.726521921875,19.726521921875
cost_usd,gemini,18.37969118,19.728783578125,64,19.726521921875,19.728783578125
cost_usd,gemini,18.39216008,19.728783578125,64,19.728783578125,19.728783578125
cost_usd,gemini,18.44257575,19.729613328125,64,19.728783578125,19.729613328125
cost_usd,gemini,18.46248277,19.729613328125,64,19.729613328125,19.729613328125
cost_usd,gemini,18.47057767,19.731321953125,64,19.729613328125,19.731321953125
cost_usd,gemini,18.48183082,19.731321953125,64,19.731321953125,19.731321953125
cost_usd,gemini,18.500079,19.730880953125,64,19.730880953125,19.731321953125
cost_usd,gemini,18.5278728,19.730880953125,64,19.730880953125,19.730880953125
cost_usd,gemini,18.54552396,19.7328829375,64,19.730880953125,19.7328829375
cost_usd,gemini,18.54679172,19.7328829375,64,19.7328829375,19.7328829375
cost_usd,gemini,18.55584206,19.733687421875,64,19.7328829375,19.733687421875
cost_usd,gemini,18.59789085,19.755426546875,64,19.7328829375,19.755426546875
cost_usd,gemini,18.61442737,19.755426546875,64,19.7546220625,19.755426546875
cost_usd,gemini,18.63269295,19.75806596875,64,19.7546220625,19.75806596875
cost_usd,gemini,18.66933668,19.75806596875,64,19.757261484375,19.75806596875
cost_usd,gemini,18.70745318,19.75853621875,64,19.757261484375,19.75853621875
cost_usd,gemini,18.7236546,19.75853621875,64,19.757731734375,19.75853621875
cost_usd,gemini,18.75075495,19.7595966875,64,19.757731734375,19.7595966875
cost_usd,gemini,18.75840142,19.76051590625,64,19.757731734375,19.76051590625
cost_usd,gemini,18.7650237,19.76051590625,64,19.758792203125,19.76051590625
cost_usd,gemini,18.77300693,19.76124496875,64,19.758792203125,19.76124496875
cost_usd,gemini,18.78967567,19.76124496875,64,19.759711421875,19.76124496875
cost_usd,gemini,18.79149953,19.76124496875,64,19.760440484375,19.76124496875
cost_usd,gemini,18.82684828,19.785766953125,64,19.760440484375,19.785766953125
cost_usd,gemini,18.82696931,19.785766953125,64,19.78496246875,19.785766953125
cost_usd,gemini,18.87038804,19.78631834375,64,19.78496246875,19.78631834375
cost_usd,gemini,18.8704902,19.791144578125,64,19.78496246875,19.791144578125
cost_usd,gemini,18.87071473,19.791144578125,64,19.785513859375,19.791144578125
cost_usd,gemini,18.8819964,19.791144578125,64,19.79034009375,19.791144578125
cost_usd,gemini,18.91819605,19.79926303125,64,19.79034009375,19.79926303125
cost_usd,gemini,18.93230932,19.79926303125,64,19.798458546875,19.79926303125
cost_usd,gemini,18.99065415,19.80790909375,64,19.798458546875,19.80790909375
cost_usd,gemini,19.00466805,19.80790909375,64,19.807104609375,19.80790909375
cost_usd,gemini,19.00726342,19.82027865625,64,19.807104609375,19.82027865625
cost_usd,gemini,19.00982645,19.838682375,64,19.807104609375,19.838682375
cost_usd,gemini,19.01010866,19.838682375,64,19.825508328125,19.838682375
cost_usd,gemini,19.01618782,19.8473629375,64,19.825508328125,19.8473629375
cost_usd,gemini,19.01764402,19.8473629375,64,19.837877890625,19.8473629375
cost_usd,gemini,19.02335055,19.847888171875,64,19.837877890625,19.847888171875
cost_usd,gemini,19.02956062,19.847888171875,64,19.846558453125,19.847888171875
cost_usd,gemini,19.0373427,19.847888171875,64,19.8470836875,19.847888171875
cost_usd,gemini,19.05719573,19.860246546875,64,19.8470836875,19.860246546875
cost_usd,gemini,19.07939093,19.860246546875,64,19.8594420625,19.860246546875
cost_usd,gemini,19.10237985,19.864284171875,64,19.8594420625,19.864284171875
cost_usd,gemini,19.10623533,19.86626053125,64,19.8594420625,19.86626053125
cost_usd,gemini,19.11839258,19.86626053125,64,19.8634796875,19.86626053125
cost_usd,gemini,19.11863342,19.86626053125,64,19.865456046875,19.86626053125
cost_usd,gemini,19.15323268,19.8680773125,64,19.865456046875,19.8680773125
cost_usd,gemini,19.15490093,19.87421584375,64,19.865456046875,19.87421584375
cost_usd,gemini,19.16536357,19.88176465625,64,19.865456046875,19.88176465625
cost_usd,gemini,19.16687373,19.88176465625,64,19.867272828125,19.88176465625
cost_usd,gemini,19.16889533,19.88176465625,64,19.873411359374998,19.88176465625
cost_usd,gemini,19.19126475,19.88176465625,64,19.880960171875,19.88176465625
cost_usd,gemini,19.2127476,19.881925359375,64,19.880960171875,19.881925359375
cost_usd,gemini,19.22480175,19.881925359375,64,19.881120875,19.881925359375
cost_usd,gemini,19.31232061,19.883078625,64,19.881120875,19.883078625
cost_usd,gemini,19.34508326,19.89027175,64,19.881120875,19.89027175
cost_usd,gemini,19.36885779,19.89027175,64,19.888314,19.89027175
cost_usd,gemini,19.41664363,19.89027175,64,19.889118484375,19.89027175
cost_usd,gemini,19.4442384,19.891250796875,64,19.889118484375,19.891250796875
cost_usd,gemini,19.45690433,19.891250796875,64,19.89009753125,19.891250796875
cost_usd,gemini,19.45877288,19.892332875,64,19.89009753125,19.892332875
cost_usd,gemini,19.45938623,19.892332875,64,19.891179609375,19.892332875
cost_usd,gemini,19.47519435,19.892712640625,64,19.891179609375,19.892712640625
cost_usd,gemini,19.48141958,19.893948828125,64,19.891179609375,19.893948828125
cost_usd,gemini,19.4875449,19.893948828125,64,19.891559375,19.893948828125
cost_usd,gemini,19.49080793,19.893948828125,64,19.892712640625,19.893948828125
cost_usd,gemini,19.49869095,19.893948828125,64,19.893948828125,19.893948828125
cost_usd,gemini,19.5038172,19.904007734375,64,19.893948828125,19.904007734375
cost_usd,gemini,19.5361596,19.915057453125,64,19.893948828125,19.915057453125
cost_usd,gemini,19.54792283,19.915057453125,64,19.904998546875,19.915057453125
cost_usd,gemini,19.56376155,19.915113984375,64,19.904998546875,19.915113984375
cost_usd,gemini,19.57714373,19.915113984375,64,19.905055078125,19.915113984375
cost_usd,gemini,19.58038328,19.915870484375,64,19.905055078125,19.915870484375
cost_usd,gemini,19.5887766,19.9213676875,64,19.905055078125,19.9213676875
cost_usd,gemini,19.5911016,19.92530890625,64,19.905055078125,19.92530890625
cost_usd,gemini,19.5996909,19.92530890625,64,19.905811578125,19.92530890625
cost_usd,gemini,19.60081695,19.92530890625,64,19.91130878125,19.92530890625
cost_usd,gemini,19.60268362,19.92547553125,64,19.91130878125,19.92547553125
cost_usd,gemini,19.60732433,19.92547553125,64,19.91525,19.92547553125
cost_usd,gemini,19.60758195,19.92547553125,64,19.92530890625,19.92547553125
cost_usd,gemini,19.63612508,19.92547553125,64,19.92547553125,19.92547553125
cost_usd,gemini,19.75474935,19.9266578125,64,19.92547553125,19.9266578125
cost_usd,gemini,19.76836837,19.9266578125,64,19.9266578125,19.9266578125
cost_usd,gemini,19.79772254,19.926466203125,64,19.926466203125,19.9266578125
cost_usd,gemini,19.79804753,19.926466203125,64,19.926466203125,19.926466203125
cost_usd,gemini,19.82365222,19.92652046875,64,19.926466203125,19.92652046875
cost_usd,gemini,19.85068845,19.92652046875,64,19.92652046875,19.92652046875
cost_usd,gemini,19.89290641,19.927455015625,64,19.92652046875,19.927455015625
cost_usd,gemini,19.9440174,19.9281605625,64,19.92652046875,19.9281605625
cost_usd,gemini,19.96099747,19.93169359375,64,19.92652046875,19.93169359375
cost_usd,gemini,19.9637844,19.93169359375,64,19.927226015625,19.93169359375
cost_usd,gemini,19.96427753,19.933215453125,64,19.927226015625,19.933215453125
cost_usd,gemini,19.9818282,19.933215453125,64,19.930759046875,19.933215453125
cost_usd,gemini,20.00469052,19.94046403125,64,19.930759046875,19.94046403125
cost_usd,gemini,20.01535057,19.94046403125,64,19.938007625,19.94046403125
cost_usd,gemini,20.0296434,19.94046403125,64,19.939529484375,19.94046403125
cost_usd,gemini,20.0336802,19.94184171875,64,19.939529484375,19.94184171875
cost_usd,gemini,20.04555105,19.94184171875,64,19.940907171875,19.94184171875
cost_usd,gemini,20.05263345,19.95269240625,64,19.940907171875,19.95269240625
cost_usd,gemini,20.06555229,19.95304146875,64,19.940907171875,19.95304146875
cost_usd,gemini,20.06614167,19.95304146875,64,19.941256234375,19.95304146875
cost_usd,gemini,20.0804115,19.95304146875,64,19.952106921875,19.95304146875
cost_usd,gemini,20.09920068,19.95304146875,64,19.95304146875,19.95304146875
cost_usd,gemini,20.20855597,19.954172,64,19.95304146875,19.954172
cost_usd,gemini,20.22045697,19.954172,64,19.954172,19.954172
cost_usd,gemini,20.2915083,19.97132209375,64,19.954172,19.97132209375
cost_usd,gemini,20.29993327,19.9717689375,64,19.954172,19.9717689375
cost_usd,gemini,20.3050014,19.9717689375,64,19.97132209375,19.9717689375
cost_usd,gemini,20.3145924,19.9717689375,64,19.9717689375,19.9717689375
cost_usd,gemini,20.3181909,19.9755944375,64,19.9717689375,19.9755944375
cost_usd,gemini,20.33676862,19.9755944375,64,19.9755944375,19.9755944375
cost_usd,gemini,20.38205192,19.98287953125,64,19.9755944375,19.98287953125
cost_usd,gemini,20.38239903,19.98287953125,64,19.98287953125,19.98287953125
cost_usd,gemini,20.38924537,19.997081484375,64,19.98287953125,19.997081484375
cost_usd,gemini,20.39950102,19.997081484375,64,19.997081484375,19.997081484375
cost_usd,gemini,20.41527495,20.006006390625,64,19.997081484375,20.006006390625
cost_usd,gemini,20.42665688,20.006006390625,64,20.006006390625,20.006006390625
cost_usd,gemini,20.44612912,20.018278187499998,64,20.006006390625,20.018278187499998
cost_usd,gemini,20.46027376,20.018278187499998,64,20.018278187499998,20.018278187499998
cost_usd,gemini,20.52831975,20.01951634375,64,20.018278187499998,20.01951634375
cost_usd,gemini,20.54453213,20.01951634375,64,20.01951634375,20.01951634375
cost_usd,gemini,20.55487912,20.021270328125,64,20.01951634375,20.021270328125
cost_usd,gemini,20.56870132,20.021270328125,64,20.021270328125,20.021270328125
cost_usd,gemini,20.57073622,20.02384984375,64,20.021270328125,20.02384984375
cost_usd,gemini,20.5833936,20.02384984375,64,20.02384984375,20.02384984375
cost_usd,gemini,20.60053342,20.026842484375,64,20.02384984375,20.026842484375
cost_usd,gemini,20.61537622,20.03913784375,64,20.02384984375,20.03913784375
cost_usd,gemini,20.61586785,20.03913784375,64,20.026842484375,20.03913784375
cost_usd,gemini,20.62746397,20.03913784375,64,20.03913784375,20.03913784375
cost_usd,gemini,20.64088613,20.040534328125,64,20.03913784375,20.040534328125
cost_usd,gemini,20.65896908,20.040534328125,64,20.040534328125,20.040534328125
cost_usd,gemini,20.69533388,20.0438289375,64,20.040534328125,20.0438289375
cost_usd,gemini,20.7162111,20.0438289375,64,20.0438289375,20.0438289375
cost_usd,gemini,20.7669786,20.044275640625,64,20.0438289375,20.044275640625
cost_usd,gemini,20.77581405,20.043464265625,64,20.0430175625,20.044275640625
cost_usd,gemini,20.77991963,20.043464265625,64,20.043464265625,20.044275640625
cost_usd,gemini,20.78880412,20.043464265625,64,20.043464265625,20.043464265625
cost_usd,gemini,20.87858912,20.004883,64,20.004883,20.043464265625
cost_usd,gemini,20.87873919,20.004883,64,20.004883,20.004883
cost_usd,gemini,20.88257962,20.005297890625,64,20.004883,20.005297890625
cost_usd,gemini,20.89434952,20.005297890625,64,20.005297890625,20.005297890625
cost_usd,gemini,20.89698308,20.029870515625,64,20.005297890625,20.029870515625
cost_usd,gemini,20.91030923,20.029870515625,64,20.029870515625,20.029870515625
cost_usd,gemini,20.97009525,20.030568281249998,64,20.029870515625,20.030568281249998
cost_usd,gemini,20.97095486,20.032719515625,64,20.029870515625,20.032719515625
cost_usd,gemini,20.9723987,20.032719515625,64,20.03202175,20.032719515625
cost_usd,gemini,20.9817795,20.032719515625,64,20.032719515625,20.032719515625
cost_usd,gemini,21.07545022,20.032882265625,64,20.032719515625,20.032882265625
cost_usd,gemini,21.07560323,20.032882265625,64,20.032719515625,20.032882265625
cost_usd,gemini,21.08811278,20.032882265625,64,20.032719515625,20.032882265625
cost_usd,gemini,21.10142547,20.032882265625,64,20.032882265625,20.032882265625
cost_usd,gemini,21.1202796,20.033858859374998,64,20.032882265625,20.033858859374998
cost_usd,gemini,21.15162322,20.036998109375,64,20.032882265625,20.036998109375
cost_usd,gemini,21.1661916,20.036998109375,64,20.036021515625,20.036998109375
cost_usd,gemini,21.16981207,20.038230546875,64,20.036021515625,20.038230546875
cost_usd,gemini,21.18337657,20.038230546875,64,20.037253953125,20.038230546875
cost_usd,gemini,21.20708783,20.038582171875,64,20.037253953125,20.038582171875
cost_usd,gemini,21.22261995,20.038582171875,64,20.037605578125,20.038582171875
cost_usd,gemini,21.22518435,20.038582171875,64,20.038582171875,20.038582171875
cost_usd,gemini,21.5113833,20.042860859375,64,20.038582171875,20.042860859375
cost_usd,gemini,21.5306976,20.051371125,64,20.038582171875,20.051371125
cost_usd,gemini,21.53151848,20.051371125,64,20.042860859375,20.051371125
cost_usd,gemini,21.54116272,20.064262468749998,64,20.042860859375,20.064262468749998
cost_usd,gemini,21.542913,20.064262468749998,64,20.051371125,20.064262468749998
cost_usd,gemini,21.55543162,20.064262468749998,64,20.064262468749998,20.064262468749998
cost_usd,gemini,21.56566312,20.069624640625,64,20.064262468749998,20.069624640625
cost_usd,gemini,21.5705007,20.071854421875,64,20.064262468749998,20.071854421875
cost_usd,gemini,21.58019092,20.071854421875,64,20.069624640625,20.071854421875
cost_usd,gemini,21.6319092,20.0727045,64,20.069624640625,20.0727045
cost_usd,gemini,21.6355911,20.0727045,64,20.071854421875,20.0727045
cost_usd,gemini,21.64397865,20.0727045,64,20.0727045,20.0727045
cost_usd,gemini,21.65521942,20.07739775,64,20.0727045,20.07739775
cost_usd,gemini,21.66525555,20.07873125,64,20.0727045,20.07873125
cost_usd,gemini,21.6658158,20.07873125,64,20.07739775,20.07873125
cost_usd,gemini,21.68724653,20.07873125,64,20.07873125,20.07873125
cost_usd,gemini,21.71008193,20.079728265625,64,20.07873125,20.079728265625
cost_usd,gemini,21.72002955,20.079728265625,64,20.079728265625,20.079728265625
cost_usd,gemini,21.74048888,20.079728265625,64,20.079728265625,20.079728265625
cost_usd,gemini,21.74677594,20.1404201875,64,20.079728265625,20.1404201875
cost_usd,gemini,21.74692602,20.1404201875,64,20.1404201875,20.1404201875
cost_usd,gemini,21.75455625,20.1404201875,64,20.1404201875,20.1404201875
cost_usd,gemini,21.84633624,20.155710171875,64,20.1404201875,20.155710171875
cost_usd,gemini,21.85411657,20.155917953124998,64,20.1404201875,20.155917953124998
cost_usd,gemini,21.88275417,20.156720125,64,20.1404201875,20.156720125
cost_usd,gemini,21.91618626,20.156720125,64,20.141222359375,20.156720125
cost_usd,gemini,21.93570007,20.156720125,64,20.141430140625,20.156720125
cost_usd,gemini,22.00694235,20.157507515625,64,20.141430140625,20.157507515625
cost_usd,gemini,22.00843844,20.157507515625,64,20.14221753125,20.157507515625
cost_usd,gemini,22.02587752,20.166246078125,64,20.14221753125,20.166246078125
cost_usd,gemini,22.02866182,20.168548109375,64,20.14221753125,20.168548109375
cost_usd,gemini,22.03911735,20.168548109375,64,20.1445195625,20.168548109375
cost_usd,gemini,22.04433698,20.170295234375,64,20.1445195625,20.170295234375
cost_usd,gemini,22.06095165,20.170295234375,64,20.1462666875,20.170295234375
cost_usd,gemini,22.09939402,20.170295234375,64,20.15500525,20.170295234375
cost_usd,gemini,22.10169008,20.170437109375,64,20.15500525,20.170437109375
cost_usd,gemini,22.10292967,20.170437109375,64,20.155147125,20.170437109375
cost_usd,gemini,22.26256448,20.170614421875,64,20.155147125,20.170614421875
cost_usd,gemini,22.28016743,20.170614421875,64,20.1553244375,20.170614421875
cost_usd,gemini,22.28653275,20.17138615625,64,20.1553244375,20.17138615625
cost_usd,gemini,22.29937478,20.17138615625,64,20.156096171875,20.17138615625
cost_usd,gemini,22.33884947,20.173715734375,64,20.156096171875,20.173715734375
cost_usd,gemini,22.33898502,20.173715734375,64,20.15842575,20.173715734375
cost_usd,gemini,22.37006183,20.18080859375,64,20.15842575,20.18080859375
cost_usd,gemini,22.38250973,20.18080859375,64,20.165518609375,20.18080859375
cost_usd,gemini,22.4395077,20.197952828125,64,20.165518609375,20.197952828125
cost_usd,gemini,22.45148062,20.197952828125,64,20.18266284375,20.197952828125
cost_usd,gemini,22.46277323,20.20689903125,64,20.18266284375,20.20689903125
cost_usd,gemini,22.4729475,20.20689903125,64,20.191609046875,20.20689903125
cost_usd,gemini,22.5291021,20.217995921875,64,20.191609046875,20.217995921875
cost_usd,gemini,22.54110083,20.220767890624998,64,20.191609046875,20.220767890624998
cost_usd,gemini,22.5450522,20.220767890624998,64,20.2027059375,20.220767890624998
cost_usd,gemini,22.5548862,20.220767890624998,64,20.20547790625,20.220767890624998
cost_usd,gemini,22.59104303,20.22132828125,64,20.20547790625,20.22132828125
cost_usd,gemini,22.60701945,20.22132828125,64,20.206038296875,20.22132828125
cost_usd,gemini,22.62249127,20.22159340625,64,20.206038296875,20.22159340625
cost_usd,gemini,22.63506195,20.22159340625,64,20.206303421875,20.22159340625
cost_usd,gemini,22.6431141,20.228819859375,64,20.206303421875,20.228819859375
cost_usd,gemini,22.661445,20.228819859375,64,20.213529875,20.228819859375
cost_usd,gemini,22.68542134,20.228819859375,64,20.228819859375,20.228819859375
cost_usd,gemini,22.69700617,20.23584103125,64,20.228819859375,20.23584103125
cost_usd,gemini,22.70342122,20.23652696875,64,20.228819859375,20.23652696875
cost_usd,gemini,22.7081883,20.23652696875,64,20.23584103125,20.23652696875
cost_usd,gemini,22.71639772,20.23652696875,64,20.23652696875,20.23652696875
cost_usd,gemini,22.75042748,20.23652696875,64,20.23652696875,20.23652696875
cost_usd,gemini,22.7634039,20.23652696875,64,20.23652696875,20.23652696875
cost_usd,gemini,22.92897172,20.2381055625,64,20.23652696875,20.2381055625
cost_usd,gemini,22.93239814,20.239620765625,64,20.23652696875,20.239620765625
cost_usd,gemini,22.95084255,20.239620765625,64,20.2381055625,20.239620765625
cost_usd,gemini,22.9812463,20.239620765625,64,20.239620765625,20.239620765625
cost_usd,gemini,22.9942179,20.244923109375,64,20.239620765625,20.244923109375
cost_usd,gemini,23.00750535,20.244923109375,64,20.244923109375,20.244923109375
cost_usd,gemini,23.0489175,20.24517396875,64,20.244923109375,20.24517396875
cost_usd,gemini,23.06487053,20.24517396875,64,20.24517396875,20.24517396875
cost_usd,gemini,23.06804782,20.251111359375,64,20.24517396875,20.251111359375
cost_usd,gemini,23.07999645,20.251111359375,64,20.251111359375,20.251111359375
cost_usd,gemini,23.0893566,20.2518565625,64,20.251111359375,20.2518565625
cost_usd,gemini,23.10275363,20.2518565625,64,20.2518565625,20.2518565625
cost_usd,gemini,23.35298647,20.2521321875,64,20.2518565625,20.2521321875
cost_usd,gemini,23.365869,20.2521321875,64,20.2521321875,20.2521321875
cost_usd,gemini,23.39875462,20.2637589375,64,20.2521321875,20.2637589375
cost_usd,gemini,23.39918932,20.2637589375,64,20.2637589375,20.2637589375
cost_usd,gemini,23.40933807,20.264928078125,64,20.2637589375,20.264928078125
cost_usd,gemini,23.41060231,20.264928078125,64,20.264928078125,20.264928078125
cost_usd,gemini,23.4562907,20.27483421875,64,20.264928078125,20.27483421875
cost_usd,gemini,23.4930828,20.281844703125,64,20.264928078125,20.281844703125
cost_usd,gemini,23.51423678,20.281844703125,64,20.2719385625,20.281844703125
cost_usd,gemini,23.56514685,20.28635821875,64,20.2719385625,20.28635821875
cost_usd,gemini,23.57742967,20.28635821875,64,20.276452078125,20.28635821875
cost_usd,gemini,23.57882557,20.300374234375,64,20.276452078125,20.300374234375
cost_usd,gemini,23.60937907,20.300374234375,64,20.29046809375,20.300374234375
cost_usd,gemini,23.64610806,20.300374234375,64,20.300374234375,20.300374234375
cost_usd,gemini,23.66822212,20.31252240625,64,20.300374234375,20.31252240625
cost_usd,gemini,23.67987652,20.31252240625,64,20.31252240625,20.31252240625
cost_usd,gemini,23.73571597,20.31581271875,64,20.31252240625,20.31581271875
cost_usd,gemini,23.7497982,20.31581271875,64,20.31581271875,20.31581271875
cost_usd,gemini,23.75134028,20.32682509375,64,20.31581271875,20.32682509375
cost_usd,gemini,23.76212385,20.32682509375,64,20.32682509375,20.32682509375
cost_usd,gemini,23.81565662,20.3464426875,64,20.32682509375,20.3464426875
cost_usd,gemini,23.84334068,20.34847003125,64,20.32682509375,20.34847003125
cost_usd,gemini,23.84379539,20.34847003125,64,20.3464426875,20.34847003125
cost_usd,gemini,23.856864,20.34847003125,64,20.34847003125,20.34847003125
cost_usd,gemini,23.89388655,20.352123984374998,64,20.34847003125,20.352123984374998
cost_usd,gemini,23.90563327,20.352123984374998,64,20.352123984374998,20.352123984374998
cost_usd,gemini,23.94863128,20.353071421875,64,20.352123984374998,20.353071421875
cost_usd,gemini,23.94931855,20.353071421875,64,20.353071421875,20.353071421875
cost_usd,gemini,24.01295955,20.355586453125,64,20.353071421875,20.355586453125
cost_usd,gemini,24.02582467,20.355586453125,64,20.355586453125,20.355586453125
cost_usd,gemini,24.1053483,20.357213125,64,20.355586453125,20.357213125
cost_usd,gemini,24.11752808,20.357213125,64,20.357213125,20.357213125
cost_usd,gemini,24.11935481,20.380012703125,64,20.357213125,20.380012703125
cost_usd,gemini,24.11981227,20.380012703125,64,20.380012703125,20.380012703125
cost_usd,gemini,24.1216395,20.38089365625,64,20.380012703125,20.38089365625
cost_usd,gemini,24.12244065,20.38089365625,64,20.38089365625,20.38089365625
cost_usd,gemini,24.19031249,20.38085278125,64,20.38085278125,20.38089365625
cost_usd,gemini,24.19074092,20.38085278125,64,20.38085278125,20.38085278125
cost_usd,gemini,24.23015145,20.388645609375,64,20.38085278125,20.388645609375
cost_usd,gemini,24.24181027,20.388645609375,64,20.388645609375,20.388645609375
cost_usd,gemini,24.24693983,20.40280475,64,20.388645609375,20.40280475
cost_usd,gemini,24.25912808,20.40280475,64,20.40280475,20.40280475
cost_usd,gemini,24.34749413,20.4047781875,64,20.40280475,20.4047781875
cost_usd,gemini,24.36127875,20.4047781875,64,20.4047781875,20.4047781875
cost_usd,gemini,24.39439455,20.410939875,64,20.4047781875,20.410939875
cost_usd,gemini,24.41244195,20.4193840625,64,20.4047781875,20.4193840625
cost_usd,gemini,24.4137396,20.4193840625,64,20.410939875,20.4193840625
cost_usd,gemini,24.4245414,20.4193840625,64,20.4193840625,20.4193840625
cost_usd,gemini,24.46898933,20.42630734375,64,20.4193840625,20.42630734375
cost_usd,gemini,24.4790967,20.42630734375,64,20.42630734375,20.42630734375
cost_usd,gemini,24.63813757,20.427495453125,64,20.42630734375,20.427495453125
cost_usd,gemini,24.65191372,20.427495453125,64,20.427495453125,20.427495453125
cost_usd,gemini,24.6587517,20.428807953125,64,20.427495453125,20.428807953125
cost_usd,gemini,24.67435027,20.428807953125,64,20.428807953125,20.428807953125
cost_usd,gemini,24.70381897,20.432642140625,64,20.428807953125,20.432642140625
cost_usd,gemini,24.70540507,20.43820959375,64,20.428807953125,20.43820959375
cost_usd,gemini,24.7167891,20.43820959375,64,20.432642140625,20.43820959375
cost_usd,gemini,24.71909115,20.43820959375,64,20.43820959375,20.43820959375
cost_usd,gemini,24.74200868,20.4388759375,64,20.43820959375,20.4388759375
cost_usd,gemini,24.7429839,20.44793046875,64,20.43820959375,20.44793046875
cost_usd,gemini,24.75150585,20.44793046875,64,20.447264125,20.44793046875
cost_usd,gemini,24.75448073,20.44793046875,64,20.44793046875,20.44793046875
cost_usd,gemini,24.77257132,20.4476560625,64,20.4476560625,20.44793046875
cost_usd,gemini,24.77275771,20.4476560625,64,20.4476560625,20.4476560625
cost_usd,gemini,24.84507743,20.450603265625,64,20.4476560625,20.450603265625
cost_usd,gemini,24.85846898,20.450603265625,64,20.450603265625,20.450603265625
cost_usd,gemini,24.90824535,20.454180546875,64,20.450603265625,20.454180546875
cost_usd,gemini,24.9187779,20.454180546875,64,20.454180546875,20.454180546875
cost_usd,gemini,24.94655093,20.462548515625,64,20.454180546875,20.462548515625
cost_usd,gemini,24.98096625,20.474225046875,64,20.454180546875,20.474225046875
cost_usd,gemini,24.99144052,20.474225046875,64,20.465857078125,20.474225046875
cost_usd,gemini,25.00277468,20.474330328125,64,20.465857078125,20.474330328125
cost_usd,gemini,25.01412593,20.474330328125,64,20.474225046875,20.474330328125
cost_usd,gemini,25.0142859,20.474330328125,64,20.474330328125,20.474330328125
cost_usd,gemini,25.0894779,20.4753170625,64,20.474330328125,20.4753170625
cost_usd,gemini,25.10358405,20.4753170625,64,20.4753170625,20.4753170625
cost_usd,gemini,25.1681571,20.47649934375,64,20.4753170625,20.47649934375
cost_usd,gemini,25.1799222,20.47649934375,64,20.47649934375,20.47649934375
cost_usd,gemini,25.26922357,20.48134821875,64,20.47649934375,20.48134821875
cost_usd,gemini,25.2712449,20.4816660625,64,20.47649934375,20.4816660625
cost_usd,gemini,25.27293525,20.4816660625,64,20.4768171875,20.4816660625
cost_usd,gemini,25.28201692,20.4816660625,64,20.4816660625,20.4816660625
cost_usd,gemini,25.29932242,20.486383390625,64,20.4816660625,20.486383390625
cost_usd,gemini,25.31036797,20.486383390625,64,20.486383390625,20.486383390625
cost_usd,gemini,25.31553784,20.499483390625,64,20.486383390625,20.499483390625
cost_usd,gemini,25.31595432,20.499483390625,64,20.499483390625,20.499483390625
cost_usd,gemini,25.37807213,20.500047828125,64,20.499483390625,20.500047828125
cost_usd,gemini,25.38906563,20.500047828125,64,20.500047828125,20.500047828125
cost_usd,gemini,25.40681971,20.500517875,64,20.500047828125,20.500517875
cost_usd,gemini,25.40717362,20.500517875,64,20.500517875,20.500517875
cost_usd,gemini,25.48107375,20.5086095625,64,20.500517875,20.5086095625
cost_usd,gemini,25.49497043,20.5086095625,64,20.5086095625,20.5086095625
cost_usd,gemini,25.50784185,20.518493375,64,20.5086095625,20.518493375
cost_usd,gemini,25.51870508,20.518493375,64,20.518493375,20.518493375
cost_usd,gemini,25.6091367,20.5229759375,64,20.518493375,20.5229759375
cost_usd,gemini,25.61450295,20.5236344375,64,20.518493375,20.5236344375
cost_usd,gemini,25.6239237,20.5236344375,64,20.5229759375,20.5236344375
cost_usd,gemini,25.63057028,20.5236344375,64,20.5236344375,20.5236344375
cost_usd,gemini,25.66775873,20.526331625,64,20.5236344375,20.526331625
cost_usd,gemini,25.66861463,20.52947065625,64,20.5236344375,20.52947065625
cost_usd,gemini,25.67927655,20.52947065625,64,20.526331625,20.52947065625
cost_usd,gemini,25.6828467,20.52947065625,64,20.52947065625,20.52947065625
cost_usd,gemini,25.71370853,20.533136625,64,20.52947065625,20.533136625
cost_usd,gemini,25.7229348,20.533136625,64,20.533136625,20.533136625
cost_usd,gemini,25.7306871,20.5372736875,64,20.533136625,20.5372736875
cost_usd,gemini,25.74791468,20.5372736875,64,20.5372736875,20.5372736875
cost_usd,gemini,25.78993733,20.537312890625,64,20.5372736875,20.537312890625
cost_usd,gemini,25.8125472,20.537312890625,64,20.537312890625,20.537312890625
cost_usd,gemini,25.81391883,20.543186578125,64,20.537312890625,20.543186578125
cost_usd,gemini,25.85668305,20.54431453125,64,20.537312890625,20.54431453125
cost_usd,gemini,25.86926602,20.54431453125,64,20.53844084375,20.54431453125
cost_usd,gemini,25.90928747,20.543873421875,64,20.537999734375,20.54431453125
cost_usd,gemini,25.90966861,20.543873421875,64,20.537999734375,20.543873421875
cost_usd,gemini,25.95903772,20.54805434375,64,20.537999734375,20.54805434375
cost_usd,gemini,25.97046217,20.54805434375,64,20.54218065625,20.54805434375
cost_usd,gemini,26.06386575,20.54943725,64,20.54218065625,20.54943725
cost_usd,gemini,26.07614985,20.55338534375,64,20.5435635625,20.55338534375
cost_usd,gemini,26.08566682,20.55338534375,64,20.54751165625,20.55338534375
cost_usd,gemini,26.09112341,20.55338534375,64,20.55338534375,20.55338534375
cost_usd,gemini,26.14244918,20.555164109375,64,20.55338534375,20.555164109375
cost_usd,gemini,26.1564561,20.555164109375,64,20.555164109375,20.555164109375
cost_usd,gemini,26.21837873,20.556598625,64,20.555164109375,20.556598625
cost_usd,gemini,26.23123148,20.556598625,64,20.556598625,20.556598625
cost_usd,gemini,26.23744718,20.571611359375,64,20.556598625,20.571611359375
cost_usd,gemini,26.2423547,20.57198909375,64,20.556598625,20.57198909375
cost_usd,gemini,26.24364359,20.57198909375,64,20.556976359375,20.57198909375
cost_usd,gemini,26.24864708,20.57198909375,64,20.57198909375,20.57198909375
cost_usd,gemini,26.39461514,20.579243875,64,20.57198909375,20.579243875
cost_usd,gemini,26.4148622,20.580513421875,64,20.57198909375,20.580513421875
cost_usd,gemini,26.43566322,20.580513421875,64,20.573258640625,20.580513421875
cost_usd,gemini,26.46432757,20.6040403125,64,20.573258640625,20.6040403125
cost_usd,gemini,26.4809487,20.6040403125,64,20.59678553125,20.6040403125
cost_usd,gemini,26.53583745,20.605288578125,64,20.59678553125,20.605288578125
cost_usd,gemini,26.5492065,20.605288578125,64,20.598033796875,20.605288578125
cost_usd,gemini,26.60169652,20.608183046875,64,20.598033796875,20.608183046875
cost_usd,gemini,26.61147675,20.608183046875,64,20.600928265625,20.608183046875
cost_usd,gemini,26.62546055,20.608183046875,64,20.608183046875,20.608183046875
cost_usd,gemini,26.63359298,20.60864815625,64,20.608183046875,20.60864815625
cost_usd,gemini,26.64555593,20.60864815625,64,20.60864815625,20.60864815625
cost_usd,gemini,26.69555257,20.6096264375,64,20.60864815625,20.6096264375
cost_usd,gemini,26.70951502,20.6096264375,64,20.6096264375,20.6096264375
cost_usd,gemini,26.84216348,20.612032859375,64,20.6096264375,20.612032859375
cost_usd,gemini,26.85153435,20.612032859375,64,20.612032859375,20.612032859375
cost_usd,gemini,26.87461035,20.61644265625,64,20.612032859375,20.61644265625
cost_usd,gemini,26.88610988,20.61644265625,64,20.61644265625,20.61644265625
cost_usd,gemini,26.9627314,20.616698625,64,20.61644265625,20.616698625
cost_usd,gemini,26.9633867,20.616698625,64,20.616698625,20.616698625
cost_usd,gemini,27.02002125,20.61844253125,64,20.616698625,20.61844253125
cost_usd,gemini,27.04235985,20.61844253125,64,20.61844253125,20.61844253125
cost_usd,gemini,27.10811229,20.62477353125,64,20.61844253125,20.62477353125
cost_usd,gemini,27.14150293,20.6267364375,64,20.61844253125,20.6267364375
cost_usd,gemini,27.24875287,20.629408265625,64,20.61844253125,20.629408265625
cost_usd,gemini,27.26028135,20.629408265625,64,20.621114359375,20.629408265625
cost_usd,gemini,27.3146601,20.632233390625,64,20.621114359375,20.632233390625
cost_usd,gemini,27.32980163,20.632233390625,64,20.623939484375,20.632233390625
cost_usd,gemini,27.40611039,20.632522609375,64,20.623939484375,20.632522609375
cost_usd,gemini,27.44256367,20.632522609375,64,20.624228703125,20.632522609375
cost_usd,gemini,27.4755756,20.632522609375,64,20.624228703125,20.632522609375
cost_usd,gemini,27.48916913,20.632522609375,64,20.624228703125,20.632522609375
cost_usd,gemini,27.49586981,20.63553303125,64,20.624228703125,20.63553303125
cost_usd,gemini,27.49606863,20.63553303125,64,20.627239125,20.63553303125
cost_usd,gemini,27.50995207,20.64374240625,64,20.627239125,20.64374240625
cost_usd,gemini,27.5212356,20.64374240625,64,20.6354485,20.64374240625
cost_usd,gemini,27.56344448,20.643845203125,64,20.6354485,20.643845203125
cost_usd,gemini,27.57479868,20.643845203125,64,20.6417795,20.643845203125
cost_usd,gemini,27.57783705,20.643845203125,64,20.641882296875,20.643845203125
cost_usd,gemini,27.90198683,20.646847046875,64,20.641882296875,20.646847046875
cost_usd,gemini,27.91558118,20.646847046875,64,20.644884140625,20.646847046875
cost_usd,gemini,28.11755205,20.648479828125,64,20.644884140625,20.648479828125
cost_usd,gemini,28.12965105,20.648479828125,64,20.646516921875,20.648479828125
cost_usd,gemini,28.16399385,20.65717140625,64,20.646516921875,20.65717140625
cost_usd,gemini,28.22769885,20.65717140625,64,20.6552085,20.65717140625
cost_usd,gemini,28.26647529,20.6586943125,64,20.6552085,20.6586943125
cost_usd,gemini,28.267898,20.6586943125,64,20.65673140625,20.6586943125
cost_usd,gemini,28.33328985,20.66152171875,64,20.65673140625,20.66152171875
cost_usd,gemini,28.34808728,20.66152171875,64,20.6595588125,20.66152171875
cost_usd,gemini,28.36705185,20.66156025,64,20.6595588125,20.66156025
cost_usd,gemini,28.37623778,20.66156025,64,20.65959734375,20.66156025
cost_usd,gemini,28.39778558,20.671639984375,64,20.65959734375,20.671639984375
cost_usd,gemini,28.4161401,20.671639984375,64,20.669677078124998,20.671639984375
cost_usd,gemini,28.44456413,20.68176721875,64,20.669677078124998,20.68176721875
cost_usd,gemini,28.4969694,20.683918984375,64,20.669677078124998,20.683918984375
cost_usd,gemini,28.5100959,20.683918984375,64,20.67182884375,20.683918984375
cost_usd,gemini,28.51536038,20.683918984375,64,20.681956078125,20.683918984375
cost_usd,gemini,28.61287283,20.68819015625,64,20.681956078125,20.68819015625
cost_usd,gemini,28.62673208,20.68819015625,64,20.686227249999998,20.68819015625
cost_usd,gemini,28.67740789,20.688974703124998,64,20.686227249999998,20.688974703124998
cost_usd,gemini,28.71466032,20.688974703124998,64,20.687011796875,20.688974703124998
cost_usd,gemini,28.83199257,20.68934415625,64,20.687011796875,20.68934415625
cost_usd,gemini,28.85697806,20.68934415625,64,20.68738125,20.68934415625
cost_usd,gemini,29.01969255,20.689721875,64,20.68738125,20.689721875
cost_usd,gemini,29.0342355,20.689721875,64,20.68775896875,20.689721875
cost_usd,gemini,29.06751893,20.6910995625,64,20.68775896875,20.6910995625
cost_usd,gemini,29.08137998,20.6910995625,64,20.68913665625,20.6910995625
cost_usd,gemini,29.11478926,20.691202625,64,20.68913665625,20.691202625
cost_usd,gemini,29.12675378,20.691804203125,64,20.68913665625,20.691804203125
cost_usd,gemini,29.1390303,20.691804203125,64,20.689738234375,20.691804203125
cost_usd,gemini,29.15726414,20.691804203125,64,20.689841296875,20.691804203125
cost_usd,gemini,29.20060017,20.69735178125,64,20.689841296875,20.69735178125
cost_usd,gemini,29.20093071,20.69735178125,64,20.695388875,20.69735178125
cost_usd,gemini,29.21685068,20.697962140625,64,20.695388875,20.697962140625
cost_usd,gemini,29.23356615,20.697962140625,64,20.695999234374998,20.697962140625
cost_usd,gemini,29.3335503,20.702717265625,64,20.695999234374998,20.702717265625
cost_usd,gemini,29.35009095,20.702717265625,64,20.700754359375,20.702717265625
cost_usd,gemini,29.51298105,20.714576046875,64,20.700754359375,20.714576046875
cost_usd,gemini,29.52567608,20.714576046875,64,20.712613140625,20.714576046875
cost_usd,gemini,29.53405268,20.71740003125,64,20.712613140625,20.71740003125
cost_usd,gemini,29.5414809,20.721776625,64,20.712613140625,20.721776625
cost_usd,gemini,29.54672805,20.721776625,64,20.715437125,20.721776625
cost_usd,gemini,29.56882463,20.721776625,64,20.71981371875,20.721776625
cost_usd,gemini,29.57554403,20.722059296875,64,20.71981371875,20.722059296875
cost_usd,gemini,29.58620993,20.722059296875,64,20.720096390625,20.722059296875
cost_usd,gemini,29.70078562,20.73037165625,64,20.720096390625,20.73037165625
cost_usd,gemini,29.71136145,20.73037165625,64,20.72840875,20.73037165625
cost_usd,gemini,29.77851578,20.73491428125,64,20.72840875,20.73491428125
cost_usd,gemini,29.79140145,20.73491428125,64,20.732951375,20.73491428125
cost_usd,gemini,29.80200503,20.741122578125,64,20.732951375,20.741122578125
cost_usd,gemini,29.82325493,20.741122578125,64,20.739159671875,20.741122578125
cost_usd,gemini,29.88227196,20.741489921875,64,20.739159671875,20.741489921875
cost_usd,gemini,29.8891461,20.742768265625,64,20.739159671875,20.742768265625
cost_usd,gemini,29.90105303,20.742768265625,64,20.740438015625,20.742768265625
cost_usd,gemini,29.90167135,20.742768265625,64,20.740805359375,20.742768265625
cost_usd,gemini,29.92243733,20.74277596875,64,20.740805359375,20.74277596875
cost_usd,gemini,29.93622623,20.74277596875,64,20.7408130625,20.74277596875
cost_usd,gemini,30.00311685,20.746852,64,20.7408130625,20.746852
cost_usd,gemini,30.01541152,20.746852,64,20.74488909375,20.746852
cost_usd,gemini,30.16723935,20.747417328125,64,20.74488909375,20.747417328125
cost_usd,gemini,30.23467785,20.747417328125,64,20.745454421875,20.747417328125
cost_usd,gemini,30.2552445,20.748975890625,64,20.745454421875,20.748975890625
cost_usd,gemini,30.26774962,20.748975890625,64,20.747012984375,20.748975890625
cost_usd,gemini,30.28379535,20.754463859375,64,20.747012984375,20.754463859375
cost_usd,gemini,30.29620088,20.754463859375,64,20.752500953125,20.754463859375
cost_usd,gemini,30.3896913,20.758846109375,64,20.752500953125,20.758846109375
cost_usd,gemini,30.40482743,20.758846109375,64,20.756883203125,20.758846109375
cost_usd,gemini,30.53164342,20.758846109375,64,20.758846109375,20.758846109375
cost_usd,gemini,30.83449658,20.763601234375,64,20.758846109375,20.763601234375
cost_usd,gemini,30.84743363,20.763601234375,64,20.763601234375,20.763601234375
cost_usd,gemini,30.97621599,20.76499709375,64,20.763601234375,20.76499709375
cost_usd,gemini,30.98070676,20.76499709375,64,20.76499709375,20.76499709375
cost_usd,gemini,30.98946833,20.7661480625,64,20.76499709375,20.7661480625
cost_usd,gemini,31.00623578,20.7661480625,64,20.7661480625,20.7661480625
cost_usd,gemini,31.0596438,20.767403859375,64,20.7661480625,20.767403859375
cost_usd,gemini,31.07167943,20.767403859375,64,20.767403859375,20.767403859375
cost_usd,gemini,31.25299177,20.771944546874998,64,20.767403859375,20.771944546874998
cost_usd,gemini,31.26139822,20.771944546874998,64,20.771944546874998,20.771944546874998
cost_usd,gemini,31.28390385,20.776400281249998,64,20.771944546874998,20.776400281249998
cost_usd,gemini,31.29661823,20.776400281249998,64,20.776400281249998,20.776400281249998
cost_usd,gemini,31.301172,20.77699403125,64,20.776400281249998,20.77699403125
cost_usd,gemini,31.30977158,20.78227534375,64,20.776400281249998,20.78227534375
cost_usd,gemini,31.31365957,20.78227534375,64,20.77699403125,20.78227534375
cost_usd,gemini,31.3216968,20.78227534375,64,20.78227534375,20.78227534375
cost_usd,gemini,31.32289433,20.78947765625,64,20.78227534375,20.78947765625
cost_usd,gemini,31.35422168,20.78947765625,64,20.78947765625,20.78947765625
cost_usd,gemini,31.42110473,20.796411125,64,20.78947765625,20.796411125
cost_usd,gemini,31.4327772,20.796411125,64,20.796411125,20.796411125
cost_usd,gemini,31.57228612,20.81170003125,64,20.796411125,20.81170003125
cost_usd,gemini,31.59195952,20.81170003125,64,20.81170003125,20.81170003125
cost_usd,gemini,31.60076521,20.812717328125,64,20.81170003125,20.812717328125
cost_usd,gemini,31.6523082,20.8194430625,64,20.81170003125,20.8194430625
cost_usd,gemini,31.65301706,20.8194430625,64,20.812717328125,20.8194430625
cost_usd,gemini,31.66790205,20.8194430625,64,20.8194430625,20.8194430625
cost_usd,gemini,31.67633806,20.8194430625,64,20.8194430625,20.8194430625
cost_usd,gemini,31.67878203,20.8194430625,64,20.8194430625,20.8194430625
cost_usd,gemini,31.76579722,20.8205563125,64,20.8194430625,20.8205563125
cost_usd,gemini,31.77723547,20.8205563125,64,20.8205563125,20.8205563125
cost_usd,gemini,31.8976788,20.82300771875,64,20.8205563125,20.82300771875
cost_usd,gemini,31.91094203,20.82300771875,64,20.82300771875,20.82300771875
cost_usd,gemini,31.98118923,20.823133015625,64,20.82300771875,20.823133015625
cost_usd,gemini,32.04259825,20.823133015625,64,20.823133015625,20.823133015625
cost_usd,gemini,32.09331144,20.823743671875,64,20.823133015625,20.823743671875
cost_usd,gemini,32.09373001,20.823743671875,64,20.823743671875,20.823743671875
cost_usd,gemini,32.09422943,20.825709484375,64,20.823743671875,20.825709484375
cost_usd,gemini,32.10495345,20.825709484375,64,20.825709484375,20.825709484375
cost_usd,gemini,32.16937327,20.82932140625,64,20.825709484375,20.82932140625
cost_usd,gemini,32.18407305,20.82932140625,64,20.82932140625,20.82932140625
cost_usd,gemini,32.44934842,20.83023675,64,20.82932140625,20.83023675
cost_usd,gemini,32.4590757,20.83023675,64,20.83023675,20.83023675
cost_usd,gemini,32.50999666,20.833362484375,64,20.83023675,20.833362484375
cost_usd,gemini,32.510526,20.833362484375,64,20.833362484375,20.833362484375
cost_usd,gemini,32.53313588,20.83540284375,64,20.833362484375,20.83540284375
cost_usd,gemini,32.5401522,20.837879515625,64,20.833362484375,20.837879515625
cost_usd,gemini,32.5525956,20.839857203125,64,20.833362484375,20.839857203125
cost_usd,gemini,32.55289515,20.839857203125,64,20.83583915625,20.839857203125
cost_usd,gemini,32.55780953,20.839857203125,64,20.837879515625,20.839857203125
cost_usd,gemini,32.56612343,20.839857203125,64,20.839857203125,20.839857203125
cost_usd,gemini,32.7169953,20.841984781249998,64,20.839857203125,20.841984781249998
cost_usd,gemini,32.73053662,20.841984781249998,64,20.841984781249998,20.841984781249998
cost_usd,gemini,32.88661245,20.84253615625,64,20.841984781249998,20.84253615625
cost_usd,gemini,33.1498758,20.846454921875,64,20.841984781249998,20.846454921875
cost_usd,gemini,33.160776,20.846454921875,64,20.845903546875,20.846454921875
cost_usd,gemini,33.24700366,20.846454921875,64,20.846454921875,20.846454921875
cost_usd,gemini,33.24713655,20.85022175,64,20.846454921875,20.85022175
cost_usd,gemini,33.2650119,20.85022175,64,20.85022175,20.85022175
cost_usd,gemini,33.34500562,20.855021140625,64,20.85022175,20.855021140625
cost_usd,gemini,33.35902245,20.855021140625,64,20.855021140625,20.855021140625
cost_usd,gemini,33.36368903,20.86548775,64,20.855021140625,20.86548775
cost_usd,gemini,33.37463618,20.86548775,64,20.86548775,20.86548775
cost_usd,gemini,33.44357197,20.866414375,64,20.86548775,20.866414375
cost_usd,gemini,33.45476782,20.866414375,64,20.866414375,20.866414375
cost_usd,gemini,33.47526353,20.866691890625,64,20.866414375,20.866691890625
cost_usd,gemini,33.50244038,20.866691890625,64,20.866691890625,20.866691890625
cost_usd,gemini,33.59119358,20.869834515625,64,20.866691890625,20.869834515625
cost_usd,gemini,33.60755858,20.869834515625,64,20.869834515625,20.869834515625
cost_usd,gemini,33.64795913,20.87079578125,64,20.869834515625,20.87079578125
cost_usd,gemini,33.6616383,20.87079578125,64,20.87079578125,20.87079578125
cost_usd,gemini,33.66579263,20.87225459375,64,20.87079578125,20.87225459375
cost_usd,gemini,33.67625033,20.87225459375,64,20.87225459375,20.87225459375
cost_usd,gemini,33.77835564,20.87238725,64,20.87225459375,20.87238725
cost_usd,gemini,33.80588722,20.87238725,64,20.87238725,20.87238725
cost_usd,gemini,33.80941231,20.87241028125,64,20.87238725,20.87241028125
cost_usd,gemini,33.81563587,20.876200328124998,64,20.87238725,20.876200328124998
cost_usd,gemini,33.83030625,20.876200328124998,64,20.876177296875,20.876200328124998
cost_usd,gemini,33.88131818,20.87864178125,64,20.876177296875,20.87864178125
cost_usd,gemini,33.88773539,20.87864178125,64,20.876200328124998,20.87864178125
cost_usd,gemini,33.89670938,20.87864178125,64,20.87864178125,20.87864178125
cost_usd,gemini,33.97119698,20.87868803125,64,20.87864178125,20.87868803125
cost_usd,gemini,33.9877284,20.87868803125,64,20.87868803125,20.87868803125
cost_usd,gemini,34.02732037,20.881730953125,64,20.87868803125,20.881730953125
cost_usd,gemini,34.03454423,20.88991296875,64,20.87868803125,20.88991296875
cost_usd,gemini,34.04061952,20.88991296875,64,20.881730953125,20.88991296875
cost_usd,gemini,34.04992673,20.88991296875,64,20.88991296875,20.88991296875
cost_usd,gemini,34.11760112,20.890460203125,64,20.88991296875,20.890460203125
cost_usd,gemini,34.1994486,20.89237771875,64,20.88991296875,20.89237771875
cost_usd,gemini,34.21478595,20.89237771875,64,20.891830484375,20.89237771875
cost_usd,gemini,34.27880302,20.904395515625,64,20.891830484375,20.904395515625
cost_usd,gemini,34.3347792,20.905617499999998,64,20.891830484375,20.905617499999998
cost_usd,gemini,34.34587358,20.905617499999998,64,20.89305246875,20.905617499999998
cost_usd,gemini,34.42324207,20.910763234375,64,20.89305246875,20.910763234375
cost_usd,gemini,34.4396877,20.910763234375,64,20.898198203125,20.910763234375
cost_usd,gemini,34.47534988,20.911065109375,64,20.8987454375,20.911065109375
cost_usd,gemini,34.5684978,20.911065109375,64,20.8987454375,20.911065109375
cost_usd,gemini,34.58019667,20.911065109375,64,20.8987454375,20.911065109375
cost_usd,gemini,34.6912174,20.9126059375,64,20.8987454375,20.9126059375
cost_usd,gemini,34.69191466,20.9126059375,64,20.900286265625,20.9126059375
cost_usd,gemini,34.7728377,20.921242921875,64,20.900286265625,20.921242921875
cost_usd,gemini,34.78320772,20.921242921875,64,20.90892325,20.921242921875
cost_usd,gemini,34.80589388,20.924271328125,64,20.90892325,20.924271328125
cost_usd,gemini,34.81558214,20.924271328125,64,20.920941046875,20.924271328125
cost_usd,gemini,34.81843883,20.924271328125,64,20.923969453125,20.924271328125
cost_usd,gemini,34.82911163,20.935362546874998,64,20.923969453125,20.935362546874998
cost_usd,gemini,34.84614878,20.935362546874998,64,20.935060671875,20.935362546874998
cost_usd,gemini,34.85845965,20.9390239375,64,20.935060671875,20.9390239375
cost_usd,gemini,34.87202152,20.9390239375,64,20.9387220625,20.9390239375
cost_usd,gemini,34.9601685,20.940767828125,64,20.9387220625,20.940767828125
cost_usd,gemini,34.97244615,20.940767828125,64,20.940465953125,20.940767828125
cost_usd,gemini,35.08724423,20.941405390625,64,20.940465953125,20.941405390625
cost_usd,gemini,35.09875628,20.941405390625,64,20.941103515625,20.941405390625
cost_usd,gemini,35.13747615,20.94205209375,64,20.941103515625,20.94205209375
cost_usd,gemini,35.15102423,20.94205209375,64,20.94175021875,20.94205209375
cost_usd,gemini,35.15171993,20.94209321875,64,20.94175021875,20.94209321875
cost_usd,gemini,35.1639819,20.94209321875,64,20.94179134375,20.94209321875
cost_usd,gemini,35.31488003,20.94489521875,64,20.94179134375,20.94489521875
cost_usd,gemini,35.32898197,20.94489521875,64,20.94459334375,20.94489521875
cost_usd,gemini,35.34591672,20.94489521875,64,20.94489521875,20.94489521875
cost_usd,gemini,35.47413892,20.9467011875,64,20.94489521875,20.9467011875
cost_usd,gemini,35.48695845,20.9467011875,64,20.9467011875,20.9467011875
cost_usd,gemini,35.50963238,20.959239875,64,20.9467011875,20.959239875
cost_usd,gemini,35.58076013,20.959239875,64,20.959239875,20.959239875
cost_usd,gemini,35.58852366,20.95957246875,64,20.959239875,20.95957246875
cost_usd,gemini,35.59005906,20.95957246875,64,20.95957246875,20.95957246875
cost_usd,gemini,35.60311271,20.96117146875,64,20.95957246875,20.96117146875
cost_usd,gemini,35.60592409,20.97112134375,64,20.95957246875,20.97112134375
cost_usd,gemini,35.60624468,20.97112134375,64,20.96952234375,20.97112134375
cost_usd,gemini,35.69961907,20.971700140625,64,20.96952234375,20.971700140625
cost_usd,gemini,35.71423612,20.971700140625,64,20.970101140625,20.971700140625
cost_usd,gemini,35.73353842,20.97949771875,64,20.970101140625,20.97949771875
cost_usd,gemini,35.74463835,20.98032215625,64,20.970101140625,20.98032215625
cost_usd,gemini,35.74473997,20.98032215625,64,20.97789871875,20.98032215625
cost_usd,gemini,35.74540553,20.98032215625,64,20.97872315625,20.98032215625
cost_usd,gemini,35.77802602,20.98032215625,64,20.97872315625,20.98032215625
cost_usd,gemini,35.79082815,20.98032215625,64,20.97872315625,20.98032215625
cost_usd,gemini,35.85876713,20.980526171875,64,20.98032215625,20.980526171875
cost_usd,gemini,35.94308498,20.985932265625,64,20.98032215625,20.985932265625
cost_usd,gemini,35.94677625,20.987090296875,64,20.98032215625,20.987090296875
cost_usd,gemini,35.95909823,20.987090296875,64,20.98572825,20.987090296875
cost_usd,gemini,35.9629638,20.987090296875,64,20.98688628125,20.987090296875
cost_usd,gemini,36.00194572,20.991881484375,64,20.98688628125,20.991881484375
cost_usd,gemini,36.0170796,20.991881484375,64,20.99167746875,20.991881484375
cost_usd,gemini,36.07584308,20.991881484375,64,20.991881484375,20.991881484375
cost_usd,gemini,36.1291407,20.996477546875,64,20.991881484375,20.996477546875
cost_usd,gemini,36.1403001,20.996477546875,64,20.996477546875,20.996477546875
cost_usd,gemini,36.17900595,20.997602796875,64,20.996477546875,20.997602796875
cost_usd,gemini,36.18732578,21.009317953125,64,20.996477546875,21.009317953125
cost_usd,gemini,36.19201477,21.009317953125,64,20.997602796875,21.009317953125
cost_usd,gemini,36.1972683,21.009317953125,64,21.009317953125,21.009317953125
cost_usd,gemini,36.71603265,21.0290658125,64,21.009317953125,21.0290658125
cost_usd,gemini,36.73005622,21.0290658125,64,21.0290658125,21.0290658125
cost_usd,gemini,37.04143043,21.029659859375,64,21.0290658125,21.029659859375
cost_usd,gemini,37.0519332,21.029659859375,64,21.029659859375,21.029659859375
cost_usd,gemini,37.1009103,21.043340828125,64,21.029659859375,21.043340828125
cost_usd,gemini,37.1065218,21.045204921875,64,21.029659859375,21.045204921875
cost_usd,gemini,37.11287565,21.045204921875,64,21.043340828125,21.045204921875
cost_usd,gemini,37.11631515,21.045204921875,64,21.045204921875,21.045204921875
cost_usd,gemini,37.23078442,21.050438078125,64,21.045204921875,21.050438078125
cost_usd,gemini,37.24354222,21.050438078125,64,21.050438078125,21.050438078125
cost_usd,gemini,37.25441767,21.05345625,64,21.050438078125,21.05345625
cost_usd,gemini,37.26734235,21.05345625,64,21.05345625,21.05345625
cost_usd,gemini,37.45591515,21.05345625,64,21.05345625,21.05345625
cost_usd,gemini,37.49945769,21.053617484375,64,21.05345625,21.053617484375
cost_usd,gemini,37.50121847,21.053617484375,64,21.053617484375,21.053617484375
cost_usd,gemini,37.50851175,21.058260015625,64,21.053617484375,21.058260015625
cost_usd,gemini,37.52338147,21.058260015625,64,21.058260015625,21.058260015625
cost_usd,gemini,37.67844053,21.0645555,64,21.058260015625,21.0645555
cost_usd,gemini,37.69035795,21.0645555,64,21.0645555,21.0645555
cost_usd,gemini,37.99845278,21.0645555,64,21.0645555,21.0645555
cost_usd,gemini,38.01225075,21.0645555,64,21.0645555,21.0645555
cost_usd,gemini,38.07235893,21.0645555,64,21.0645555,21.0645555
cost_usd,gemini,38.1238604,21.065254375,64,21.0645555,21.065254375
cost_usd,gemini,38.39003265,21.068521875,64,21.0645555,21.068521875
cost_usd,gemini,38.40052478,21.068521875,64,21.067823,21.068521875
cost_usd,gemini,38.44287592,21.079967,64,21.067823,21.079967
cost_usd,gemini,38.44539592,21.079967,64,21.079268125,21.079967
cost_usd,gemini,38.51668665,21.082812,64,21.079268125,21.082812
cost_usd,gemini,38.51889907,21.085339296875,64,21.079268125,21.085339296875
cost_usd,gemini,38.52879045,21.085339296875,64,21.082113125,21.085339296875
cost_usd,gemini,38.58911903,21.088269046875,64,21.082113125,21.088269046875
cost_usd,gemini,38.60404193,21.088269046875,64,21.085042875,21.088269046875
cost_usd,gemini,38.6509128,21.088269046875,64,21.087570171875,21.088269046875
cost_usd,gemini,38.71379167,21.0936478125,64,21.087570171875,21.0936478125
cost_usd,gemini,38.72768947,21.0936478125,64,21.0929489375,21.0936478125
cost_usd,gemini,38.85390336,21.09525846875,64,21.0929489375,21.09525846875
cost_usd,gemini,38.85476245,21.09525846875,64,21.09455959375,21.09525846875
cost_usd,gemini,38.97671115,21.1004245,64,21.09455959375,21.1004245
cost_usd,gemini,38.98644203,21.1004245,64,21.099725625,21.1004245
cost_usd,gemini,39.0213816,21.102895046875,64,21.099725625,21.102895046875
cost_usd,gemini,39.0910971,21.102895046875,64,21.102196171875,21.102895046875
cost_usd,gemini,39.28581642,21.103140109375,64,21.102196171875,21.103140109375
cost_usd,gemini,39.2875103,21.103140109375,64,21.102441234375,21.103140109375
cost_usd,gemini,39.33191865,21.1047074375,64,21.102441234375,21.1047074375
cost_usd,gemini,39.3396102,21.115699796875,64,21.102441234375,21.115699796875
cost_usd,gemini,39.3429054,21.115699796875,64,21.1040085625,21.115699796875
cost_usd,gemini,39.35612752,21.115699796875,64,21.115000921875,21.115699796875
cost_usd,gemini,39.38282295,21.1168130625,64,21.115000921875,21.1168130625
cost_usd,gemini,39.39698782,21.1168130625,64,21.1161141875,21.1168130625
cost_usd,gemini,39.39831855,21.1240676875,64,21.1161141875,21.1240676875
cost_usd,gemini,39.4104747,21.1240676875,64,21.1233688125,21.1240676875
cost_usd,gemini,39.49658108,21.125067796875,64,21.1233688125,21.125067796875
cost_usd,gemini,39.50903775,21.125067796875,64,21.124368921875,21.125067796875
cost_usd,gemini,39.56411753,21.1295670625,64,21.124368921875,21.1295670625
cost_usd,gemini,39.57861225,21.1295670625,64,21.1288681875,21.1295670625
cost_usd,gemini,39.6400026,21.129802203125,64,21.1288681875,21.129802203125
cost_usd,gemini,39.70806637,21.129802203125,64,21.129103328125,21.129802203125
cost_usd,gemini,39.77257403,21.1311895,64,21.129103328125,21.1311895
cost_usd,gemini,39.7843056,21.1311895,64,21.130490625,21.1311895
cost_usd,gemini,39.95595863,21.134138265625,64,21.130490625,21.134138265625
cost_usd,gemini,39.9698613,21.134138265625,64,21.133439390625,21.134138265625
cost_usd,gemini,40.01589795,21.143002484375,64,21.133439390625,21.143002484375
cost_usd,gemini,40.07816472,21.143002484375,64,21.142303609375,21.143002484375
cost_usd,gemini,40.1662968,21.143822125,64,21.142303609375,21.143822125
cost_usd,gemini,40.17690255,21.143822125,64,21.14312325,21.143822125
cost_usd,gemini,40.1875122,21.16012525,64,21.14312325,21.16012525
cost_usd,gemini,40.23990735,21.161169296875,64,21.14312325,21.161169296875
cost_usd,gemini,40.24512287,21.161169296875,64,21.143822125,21.161169296875
cost_usd,gemini,40.25312452,21.161169296875,64,21.16012525,21.161169296875
cost_usd,gemini,40.2540783,21.161169296875,64,21.161169296875,21.161169296875
cost_usd,gemini,40.30208265,21.17354859375,64,21.161169296875,21.17354859375
cost_usd,gemini,40.30694512,21.178988234375,64,21.161169296875,21.178988234375
cost_usd,gemini,40.31577908,21.178988234375,64,21.17354859375,21.178988234375
cost_usd,gemini,40.31833965,21.178988234375,64,21.178988234375,21.178988234375
cost_usd,gemini,40.32561975,21.180213421875,64,21.178988234375,21.180213421875
cost_usd,gemini,40.39873515,21.180213421875,64,21.180213421875,21.180213421875
cost_usd,gemini,40.56930668,21.183230375,64,21.180213421875,21.183230375
cost_usd,gemini,40.5804747,21.183230375,64,21.183230375,21.183230375
cost_usd,gemini,40.68074047,21.186471203125,64,21.183230375,21.186471203125
cost_usd,gemini,40.6935657,21.186471203125,64,21.186471203125,21.186471203125
cost_usd,gemini,40.92464523,21.1869191875,64,21.186471203125,21.1869191875
cost_usd,gemini,40.92507742,21.1869191875,64,21.1869191875,21.1869191875
cost_usd,gemini,41.03898293,21.188558453125,64,21.1869191875,21.188558453125
cost_usd,gemini,41.04227356,21.189185859375,64,21.1869191875,21.189185859375
cost_usd,gemini,41.04386883,21.189185859375,64,21.18754659375,21.189185859375
cost_usd,gemini,41.05339448,21.189185859375,64,21.189185859375,21.189185859375
cost_usd,gemini,41.12292457,21.19138546875,64,21.189185859375,21.19138546875
cost_usd,gemini,41.1350667,21.19138546875,64,21.19138546875,21.19138546875
cost_usd,gemini,41.27104447,21.193887609375,64,21.19138546875,21.193887609375
cost_usd,gemini,41.28377835,21.193887609375,64,21.193887609375,21.193887609375
cost_usd,gemini,41.3012592,21.19488875,64,21.193887609375,21.19488875
cost_usd,gemini,41.30352232,21.204897328125,64,21.193887609375,21.204897328125
cost_usd,gemini,41.31754028,21.204897328125,64,21.19488875,21.204897328125
cost_usd,gemini,41.3183409,21.204897328125,64,21.204897328125,21.204897328125
cost_usd,gemini,41.3811219,21.2051856875,64,21.204897328125,21.2051856875
cost_usd,gemini,41.38274182,21.2051856875,64,21.2051856875,21.2051856875
cost_usd,gemini,41.42927168,21.221709109375,64,21.2051856875,21.221709109375
cost_usd,gemini,41.43908903,21.221709109375,64,21.221709109375,21.221709109375
cost_usd,gemini,41.62596563,21.22597753125,64,21.221709109375,21.22597753125
cost_usd,gemini,41.63867798,21.22597753125,64,21.22597753125,21.22597753125
cost_usd,gemini,41.70167677,21.2296141875,64,21.22597753125,21.2296141875
cost_usd,gemini,41.71345582,21.2296141875,64,21.2296141875,21.2296141875
cost_usd,gemini,41.81048147,21.2308134375,64,21.2296141875,21.2308134375
cost_usd,gemini,41.81091366,21.2308134375,64,21.2308134375,21.2308134375
cost_usd,gemini,41.89681686,21.231002921875,64,21.2308134375,21.231002921875
cost_usd,gemini,41.897626,21.231002921875,64,21.231002921875,21.231002921875
cost_usd,gemini,42.06353813,21.233862921875,64,21.231002921875,21.233862921875
cost_usd,gemini,42.07957763,21.233862921875,64,21.233862921875,21.233862921875
cost_usd,gemini,42.18876859,21.236435890625,64,21.233862921875,21.236435890625
cost_usd,gemini,42.20785455,21.237877796875,64,21.233862921875,21.237877796875
cost_usd,gemini,42.2201178,21.237877796875,64,21.235304828125,21.237877796875
cost_usd,gemini,42.37015117,21.237877796875,64,21.237877796875,21.237877796875
cost_usd,gemini,42.42391093,21.238971515625,64,21.237877796875,21.238971515625
cost_usd,gemini,42.45234473,21.238971515625,64,21.238971515625,21.238971515625
cost_usd,gemini,42.72924713,21.240031796874998,64,21.238971515625,21.240031796874998
cost_usd,gemini,42.7445856,21.240031796874998,64,21.240031796874998,21.240031796874998
cost_usd,gemini,42.82141905,21.241674546875,64,21.240031796874998,21.241674546875
cost_usd,gemini,42.83223112,21.241674546875,64,21.241674546875,21.241674546875
cost_usd,gemini,42.90384983,21.254664828125,64,21.241674546875,21.254664828125
cost_usd,gemini,42.91441125,21.254664828125,64,21.254664828125,21.254664828125
cost_usd,gemini,42.94193333,21.260838234375,64,21.254664828125,21.260838234375
cost_usd,gemini,42.9563715,21.260838234375,64,21.260838234375,21.260838234375
cost_usd,gemini,43.12332594,21.261200578125,64,21.260838234375,21.261200578125
cost_usd,gemini,43.12415905,21.261200578125,64,21.261200578125,21.261200578125
cost_usd,gemini,43.17073785,21.263485171875,64,21.261200578125,21.263485171875
cost_usd,gemini,43.18714943,21.263485171875,64,21.263485171875,21.263485171875
cost_usd,gemini,43.2098703,21.26225721875,64,21.26225721875,21.263485171875
cost_usd,gemini,43.23362482,21.26225721875,64,21.26225721875,21.26225721875
cost_usd,gemini,43.34630415,21.263426078125,64,21.26225721875,21.263426078125
cost_usd,gemini,43.35913253,21.263426078125,64,21.263426078125,21.263426078125
cost_usd,gemini,43.38647272,21.2626764375,64,21.2626764375,21.263426078125
cost_usd,gemini,43.39916002,21.2626764375,64,21.2626764375,21.2626764375
cost_usd,gemini,43.5410817,21.26393221875,64,21.2626764375,21.26393221875
cost_usd,gemini,43.55439975,21.26393221875,64,21.26393221875,21.26393221875
cost_usd,gemini,43.61571687,21.2642713125,64,21.26393221875,21.2642713125
cost_usd,gemini,43.61629718,21.26453696875,64,21.26393221875,21.26453696875
cost_usd,gemini,43.6267467,21.26453696875,64,21.264197875,21.26453696875
cost_usd,gemini,43.65642363,21.26453696875,64,21.26453696875,21.26453696875
cost_usd,gemini,43.8400621,21.26713778125,64,21.26453696875,21.26713778125
cost_usd,gemini,43.85328405,21.269544359375,64,21.26453696875,21.269544359375
cost_usd,gemini,43.85385337,21.317581515625,64,21.26453696875,21.317581515625
cost_usd,gemini,43.86292912,21.317581515625,64,21.312574125,21.317581515625
cost_usd,gemini,43.86407483,21.317581515625,64,21.314980703125,21.317581515625
cost_usd,gemini,43.87121153,21.3262485625,64,21.314980703125,21.3262485625
cost_usd,gemini,43.88335808,21.3262485625,64,21.32364775,21.3262485625
cost_usd,gemini,43.89975465,21.336023171875,64,21.32364775,21.336023171875
cost_usd,gemini,43.90431455,21.336023171875,64,21.3262485625,21.336023171875
cost_usd,gemini,43.91448465,21.336023171875,64,21.336023171875,21.336023171875
cost_usd,gemini,44.04325747,21.337363734375,64,21.336023171875,21.337363734375
cost_usd,gemini,44.05696455,21.337363734375,64,21.337363734375,21.337363734375
cost_usd,gemini,44.11312185,21.34407140625,64,21.337363734375,21.34407140625
cost_usd,gemini,44.13024195,21.34407140625,64,21.34407140625,21.34407140625
cost_usd,gemini,44.34152756,21.344611296875,64,21.34407140625,21.344611296875
cost_usd,gemini,44.34936304,21.344611296875,64,21.344611296875,21.344611296875
cost_usd,gemini,44.57506388,21.351332234375,64,21.344611296875,21.351332234375
cost_usd,gemini,44.5760709,21.351739359375,64,21.344611296875,21.351739359375
cost_usd,gemini,44.58482393,21.351739359375,64,21.351332234375,21.351739359375
cost_usd,gemini,44.58903322,21.351739359375,64,21.351739359375,21.351739359375
cost_usd,gemini,44.7726123,21.351987515624998,64,21.351739359375,21.351987515624998
cost_usd,gemini,44.79072473,21.351987515624998,64,21.351987515624998,21.351987515624998
cost_usd,gemini,44.9188185,21.352625078125,64,21.351987515624998,21.352625078125
cost_usd,gemini,44.93855063,21.352625078125,64,21.352625078125,21.352625078125
cost_usd,gemini,45.4403642,21.361676203125,64,21.352625078125,21.361676203125
cost_usd,gemini,45.44209478,21.366563515625,64,21.352625078125,21.366563515625
cost_usd,gemini,45.45548438,21.366563515625,64,21.357512390625,21.366563515625
cost_usd,gemini,45.56351805,21.367022218749998,64,21.357512390625,21.367022218749998
cost_usd,gemini,45.56512725,21.370335625,64,21.357512390625,21.370335625
cost_usd,gemini,45.57750255,21.370335625,64,21.360825796874998,21.370335625
cost_usd,gemini,45.58036493,21.370335625,64,21.3612845,21.370335625
cost_usd,gemini,45.64124302,21.371104640625,64,21.3612845,21.371104640625
cost_usd,gemini,45.66144457,21.371104640625,64,21.362053515625,21.371104640625
cost_usd,gemini,45.75584318,21.3735220625,64,21.362053515625,21.3735220625
cost_usd,gemini,45.76950578,21.3735220625,64,21.3644709375,21.3735220625
cost_usd,gemini,45.82961915,21.3735220625,64,21.3735220625,21.3735220625
cost_usd,gemini,45.9013485,21.37535709375,64,21.3735220625,21.37535709375
cost_usd,gemini,45.91818397,21.37535709375,64,21.37535709375,21.37535709375
cost_usd,gemini,46.04226825,21.375410218749998,64,21.37535709375,21.375410218749998
cost_usd,gemini,46.0530666,21.375410218749998,64,21.375410218749998,21.375410218749998
cost_usd,gemini,46.1809611,21.381723140625,64,21.375410218749998,21.381723140625
cost_usd,gemini,46.19264243,21.381723140625,64,21.381723140625,21.381723140625
cost_usd,gemini,46.27808448,21.38204559375,64,21.381723140625,21.38204559375
cost_usd,gemini,46.28013755,21.38204559375,64,21.38204559375,21.38204559375
cost_usd,gemini,46.44698552,21.3826328125,64,21.38204559375,21.3826328125
cost_usd,gemini,46.44743983,21.3826328125,64,21.3826328125,21.3826328125
cost_usd,gemini,46.5923556,21.38267040625,64,21.3826328125,21.38267040625
cost_usd,gemini,46.604706,21.38267040625,64,21.38267040625,21.38267040625
cost_usd,gemini,46.68107323,21.38301915625,64,21.38267040625,21.38301915625
cost_usd,gemini,46.68158709,21.38301915625,64,21.38301915625,21.38301915625
cost_usd,gemini,46.79562488,21.38849171875,64,21.38301915625,21.38849171875
cost_usd,gemini,46.8090699,21.38849171875,64,21.38849171875,21.38849171875
cost_usd,gemini,46.94425343,21.393392078125,64,21.38849171875,21.393392078125
cost_usd,gemini,46.94990355,21.40809459375,64,21.38849171875,21.40809459375
cost_usd,gemini,46.95047977,21.409434703125,64,21.38849171875,21.409434703125
cost_usd,gemini,46.95981465,21.409434703125,64,21.389831828125,21.409434703125
cost_usd,gemini,46.96181543,21.409434703125,64,21.40453434375,21.409434703125
cost_usd,gemini,46.96699508,21.409434703125,64,21.409434703125,21.409434703125
cost_usd,gemini,47.06308073,21.412256046875,64,21.409434703125,21.412256046875
cost_usd,gemini,47.07384188,21.412256046875,64,21.412256046875,21.412256046875
cost_usd,gemini,47.28512285,21.413730390625,64,21.412256046875,21.413730390625
cost_usd,gemini,47.31235991,21.413730390625,64,21.413730390625,21.413730390625
cost_usd,gemini,47.3506854,21.421381109374998,64,21.413730390625,21.421381109374998
cost_usd,gemini,47.36431643,21.421381109374998,64,21.421381109374998,21.421381109374998
cost_usd,gemini,47.5210119,21.42299784375,64,21.421381109374998,21.42299784375
cost_usd,gemini,47.54020058,21.42299784375,64,21.42299784375,21.42299784375
cost_usd,gemini,47.54147652,21.423253828125,64,21.42299784375,21.423253828125
cost_usd,gemini,47.58352985,21.423253828125,64,21.423253828125,21.423253828125
cost_usd,gemini,47.73047432,21.43257934375,64,21.423253828125,21.43257934375
cost_usd,gemini,47.73097385,21.43257934375,64,21.43257934375,21.43257934375
cost_usd,gemini,47.75509755,21.4351780625,64,21.43257934375,21.4351780625
cost_usd,gemini,47.76969465,21.4351780625,64,21.4351780625,21.4351780625
cost_usd,gemini,47.83479915,21.43847403125,64,21.4351780625,21.43847403125
cost_usd,gemini,47.8488078,21.43847403125,64,21.43847403125,21.43847403125
cost_usd,gemini,48.22549643,21.448728125,64,21.43847403125,21.448728125
cost_usd,gemini,48.23674988,21.448728125,64,21.448728125,21.448728125
cost_usd,gemini,48.33978375,21.449795921875,64,21.448728125,21.449795921875
cost_usd,gemini,48.3520998,21.449795921875,64,21.449795921875,21.449795921875
cost_usd,gemini,48.42633705,21.452662781249998,64,21.449795921875,21.452662781249998
cost_usd,gemini,48.43891463,21.452662781249998,64,21.452662781249998,21.452662781249998
cost_usd,gemini,48.45921161,21.45356034375,64,21.452662781249998,21.45356034375
cost_usd,gemini,48.49155125,21.45356034375,64,21.45356034375,21.45356034375
cost_usd,gemini,48.5853295,21.454634140625,64,21.45356034375,21.454634140625
cost_usd,gemini,48.75628568,21.4599205625,64,21.45356034375,21.4599205625
cost_usd,gemini,48.75692475,21.460373984375,64,21.45356034375,21.460373984375
cost_usd,gemini,48.7716591,21.460373984375,64,21.458846765625,21.460373984375
cost_usd,gemini,48.77485118,21.460373984375,64,21.4593001875,21.460373984375
cost_usd,gemini,48.93810133,21.460373984375,64,21.460373984375,21.460373984375
cost_usd,gemini,48.9766839,21.460477046875,64,21.460373984375,21.460477046875
cost_usd,gemini,49.01465063,21.4611989375,64,21.460373984375,21.4611989375
cost_usd,gemini,49.01833765,21.4611989375,64,21.460477046875,21.4611989375
cost_usd,gemini,49.02847823,21.4611989375,64,21.4611989375,21.4611989375
cost_usd,gemini,49.40972138,21.482580515625,64,21.4611989375,21.482580515625
cost_usd,gemini,49.41830198,21.4830688125,64,21.4611989375,21.4830688125
cost_usd,gemini,49.42327358,21.4830688125,64,21.482580515625,21.4830688125
cost_usd,gemini,49.4308695,21.4830688125,64,21.4830688125,21.4830688125
cost_usd,gemini,49.4890248,21.488546453125,64,21.4830688125,21.488546453125
cost_usd,gemini,49.50220508,21.488546453125,64,21.488546453125,21.488546453125
cost_usd,gemini,49.58428244,21.489389171875,64,21.488546453125,21.489389171875
cost_usd,gemini,49.59469538,21.489389171875,64,21.489389171875,21.489389171875
cost_usd,gemini,49.59999428,21.4898253125,64,21.489389171875,21.4898253125
cost_usd,gemini,49.60988835,21.4898253125,64,21.4898253125,21.4898253125
cost_usd,gemini,49.74145073,21.49466015625,64,21.4898253125,21.49466015625
cost_usd,gemini,49.7551194,21.49466015625,64,21.49466015625,21.49466015625
cost_usd,gemini,49.86277402,21.498867578125,64,21.49466015625,21.498867578125
cost_usd,gemini,49.86975495,21.498867578125,64,21.498867578125,21.498867578125
cost_usd,gemini,50.0002853,21.504335640625,64,21.498867578125,21.504335640625
cost_usd,gemini,50.05416928,21.504801046875,64,21.498867578125,21.504801046875
cost_usd,gemini,50.07859933,21.504801046875,64,21.499332984375,21.504801046875
cost_usd,gemini,50.16773832,21.504801046875,64,21.504801046875,21.504801046875
cost_usd,gemini,50.26659698,21.50674028125,64,21.504801046875,21.50674028125
cost_usd,gemini,50.26918127,21.507014828125,64,21.504801046875,21.507014828125
cost_usd,gemini,50.27116743,21.507014828125,64,21.50507559375,21.507014828125
cost_usd,gemini,50.27867978,21.507014828125,64,21.507014828125,21.507014828125
cost_usd,gemini,50.71931093,21.51248721875,64,21.507014828125,21.51248721875
cost_usd,gemini,50.7322455,21.51248721875,64,21.51248721875,21.51248721875
cost_usd,gemini,50.76957495,21.513494859375,64,21.51248721875,21.513494859375
cost_usd,gemini,50.77960643,21.513494859375,64,21.513494859375,21.513494859375
cost_usd,gemini,50.94193403,21.514977171875,64,21.513494859375,21.514977171875
cost_usd,gemini,50.95309718,21.514977171875,64,21.514977171875,21.514977171875
cost_usd,gemini,50.98323225,21.5182351875,64,21.514977171875,21.5182351875
cost_usd,gemini,50.9961948,21.5182351875,64,21.5182351875,21.5182351875
cost_usd,gemini,51.07160813,21.532766078125,64,21.5182351875,21.532766078125
cost_usd,gemini,51.08487263,21.532766078125,64,21.532766078125,21.532766078125
cost_usd,gemini,51.2905617,21.53892915625,64,21.532766078125,21.53892915625
cost_usd,gemini,51.30237495,21.53892915625,64,21.53892915625,21.53892915625
cost_usd,gemini,51.41238608,21.539888296875,64,21.53892915625,21.539888296875
cost_usd,gemini,51.42607853,21.539888296875,64,21.539888296875,21.539888296875
cost_usd,gemini,51.55989188,21.544723765625,64,21.539888296875,21.544723765625
cost_usd,gemini,51.57667463,21.544723765625,64,21.544723765625,21.544723765625
cost_usd,gemini,51.7870593,21.54586675,64,21.544723765625,21.54586675
cost_usd,gemini,51.79963388,21.54586675,64,21.54586675,21.54586675
cost_usd,gemini,51.85072305,21.549346765625,64,21.54586675,21.549346765625
cost_usd,gemini,51.86042693,21.549346765625,64,21.549346765625,21.549346765625
cost_usd,gemini,52.49803103,21.551813625,64,21.549346765625,21.551813625
cost_usd,gemini,52.51016843,21.551813625,64,21.551813625,21.551813625
cost_usd,gemini,52.61304945,21.5540458125,64,21.551813625,21.5540458125
cost_usd,gemini,52.6755537,21.5540458125,64,21.5540458125,21.5540458125
cost_usd,gemini,52.6784355,21.550518703125,64,21.550518703125,21.5540458125
cost_usd,gemini,52.6835046,21.556607359375,64,21.550518703125,21.56013446875
cost_usd,gemini,52.6888824,21.556607359375,64,21.550518703125,21.556607359375
cost_usd,gemini,52.69114515,21.55726909375,64,21.550518703125,21.55726909375
cost_usd,gemini,52.6969245,21.55726909375,64,21.556607359375,21.55726909375
cost_usd,gemini,52.70385413,21.55726909375,64,21.55726909375,21.55726909375
cost_usd,gemini,52.71858686,21.55726909375,64,21.55726909375,21.55726909375
cost_usd,gemini,52.71952187,21.55726909375,64,21.55726909375,21.55726909375
cost_usd,gemini,52.89800213,21.571587625,64,21.55726909375,21.571587625
cost_usd,gemini,52.90054905,21.575091640625,64,21.55726909375,21.575091640625
cost_usd,gemini,52.91011418,21.575091640625,64,21.571587625,21.575091640625
cost_usd,gemini,52.94110065,21.575091640625,64,21.575091640625,21.575091640625
cost_usd,gemini,53.02577213,21.577600984375,64,21.575091640625,21.577600984375
cost_usd,gemini,53.02688798,21.577600984375,64,21.577600984375,21.577600984375
cost_usd,gemini,53.1082962,21.578647328125,64,21.577600984375,21.578647328125
cost_usd,gemini,53.1202401,21.593328578125,64,21.577600984375,21.593328578125
cost_usd,gemini,53.12098365,21.593328578125,64,21.578647328125,21.593328578125
cost_usd,gemini,53.14149592,21.593328578125,64,21.593328578125,21.593328578125
cost_usd,gemini,53.5100499,21.6037155,64,21.593328578125,21.6037155
cost_usd,gemini,53.52558585,21.6037155,64,21.6037155,21.6037155
cost_usd,gemini,53.5627422,21.605084078125,64,21.6037155,21.605084078125
cost_usd,gemini,53.57447873,21.605084078125,64,21.605084078125,21.605084078125
cost_usd,gemini,53.67709662,21.605539203125,64,21.605084078125,21.605539203125
cost_usd,gemini,53.67900178,21.605539203125,64,21.605539203125,21.605539203125
cost_usd,gemini,54.0261966,21.607505015625,64,21.605539203125,21.607505015625
cost_usd,gemini,54.0387036,21.607505015625,64,21.607505015625,21.607505015625
cost_usd,gemini,54.42524063,21.6087156875,64,21.607505015625,21.6087156875
cost_usd,gemini,54.42983618,21.60972515625,64,21.607505015625,21.60972515625
cost_usd,gemini,54.4381113,21.60972515625,64,21.6087156875,21.60972515625
cost_usd,gemini,54.4430241,21.60972515625,64,21.60972515625,21.60972515625
cost_usd,gemini,54.50016428,21.610323546875,64,21.60972515625,21.610323546875
cost_usd,gemini,54.5011892,21.610323546875,64,21.610323546875,21.610323546875
cost_usd,gemini,54.59920191,21.611008640625,64,21.610323546875,21.611008640625
cost_usd,gemini,54.60348143,21.612579953125,64,21.610323546875,21.612579953125
cost_usd,gemini,54.61848465,21.612579953125,64,21.611894859375,21.612579953125
cost_usd,gemini,54.66809458,21.612579953125,64,21.612579953125,21.612579953125
cost_usd,gemini,54.74069708,21.613211609375,64,21.612579953125,21.613211609375
cost_usd,gemini,54.75946635,21.613211609375,64,21.613211609375,21.613211609375
cost_usd,gemini,54.85460576,21.61321825,64,21.613211609375,21.61321825
cost_usd,gemini,54.88785044,21.61321825,64,21.61321825,21.61321825
cost_usd,gemini,55.03307354,21.614085171875,64,21.61321825,21.614085171875
cost_usd,gemini,55.18609005,21.61599784375,64,21.61321825,21.61599784375
cost_usd,gemini,55.19811683,21.61599784375,64,21.615130921875,21.61599784375
cost_usd,gemini,55.22340285,21.61599784375,64,21.61599784375,21.61599784375
cost_usd,gemini,55.41547538,21.622377734375,64,21.61599784375,21.622377734375
cost_usd,gemini,55.42771103,21.622377734375,64,21.622377734375,21.622377734375
cost_usd,gemini,55.57717903,21.626064203125,64,21.622377734375,21.626064203125
cost_usd,gemini,55.626145,21.626064203125,64,21.626064203125,21.626064203125
cost_usd,gemini,55.81474125,21.6352318125,64,21.626064203125,21.6352318125
cost_usd,gemini,55.8285129,21.6352318125,64,21.6352318125,21.6352318125
cost_usd,gemini,55.99761802,21.63575425,64,21.6352318125,21.63575425
cost_usd,gemini,56.04747855,21.63652878125,64,21.6352318125,21.63652878125
cost_usd,gemini,56.05022365,21.6375859375,64,21.6352318125,21.6375859375
cost_usd,gemini,56.05119262,21.6375859375,64,21.63628896875,21.6375859375
cost_usd,gemini,56.05562439,21.6375859375,64,21.63681140625,21.6375859375
cost_usd,gemini,56.0619027,21.6375859375,64,21.6375859375,21.6375859375
cost_usd,gemini,56.18649398,21.639025390625,64,21.6375859375,21.639025390625
cost_usd,gemini,56.2011189,21.639025390625,64,21.639025390625,21.639025390625
cost_usd,gemini,56.39338714,21.639292796875,64,21.639025390625,21.639292796875
cost_usd,gemini,56.43501642,21.639292796875,64,21.639292796875,21.639292796875
cost_usd,gemini,56.87626074,21.639292796875,64,21.639292796875,21.639292796875
cost_usd,gemini,56.87818351,21.639292796875,64,21.639292796875,21.639292796875
cost_usd,gemini,56.91944028,21.64014715625,64,21.639292796875,21.64014715625
cost_usd,gemini,56.92046119,21.64014715625,64,21.64014715625,21.64014715625
cost_usd,gemini,57.0206658,21.6411171875,64,21.64014715625,21.6411171875
cost_usd,gemini,57.0329322,21.6411171875,64,21.6411171875,21.6411171875
cost_usd,gemini,57.15258686,21.644680375,64,21.6411171875,21.644680375
cost_usd,gemini,57.20091909,21.644680375,64,21.644680375,21.644680375
cost_usd,gemini,57.3516666,21.653446828125,64,21.644680375,21.653446828125
cost_usd,gemini,57.3604152,21.653446828125,64,21.653446828125,21.653446828125
cost_usd,gemini,57.47740927,21.662013765624998,64,21.653446828125,21.662013765624998
cost_usd,gemini,57.49220002,21.662013765624998,64,21.662013765624998,21.662013765624998
cost_usd,gemini,57.71919795,21.662279421875,64,21.662013765624998,21.662279421875
cost_usd,gemini,57.73208333,21.662279421875,64,21.662279421875,21.662279421875
cost_usd,gemini,57.74388548,21.6678444375,64,21.662279421875,21.6678444375
cost_usd,gemini,57.76341015,21.6678444375,64,21.6678444375,21.6678444375
cost_usd,gemini,58.0409199,21.671326046875,64,21.6678444375,21.671326046875
cost_usd,gemini,58.05408,21.671326046875,64,21.671326046875,21.671326046875
cost_usd,gemini,58.20263325,21.6715385625,64,21.671326046875,21.6715385625
cost_usd,gemini,58.21775655,21.6715385625,64,21.6715385625,21.6715385625
cost_usd,gemini,58.25667758,21.67624703125,64,21.6715385625,21.67624703125
cost_usd,gemini,58.27097453,21.67624703125,64,21.67624703125,21.67624703125
cost_usd,gemini,58.45505385,21.696447078125,64,21.67624703125,21.696447078125
cost_usd,gemini,58.4764296,21.696447078125,64,21.696447078125,21.696447078125
cost_usd,gemini,58.47752592,21.70076584375,64,21.696447078125,21.70076584375
cost_usd,gemini,58.65605797,21.70076584375,64,21.70076584375,21.70076584375
cost_usd,gemini,59.08095585,21.7019464375,64,21.70076584375,21.7019464375
cost_usd,gemini,59.09174055,21.7019464375,64,21.7019464375,21.7019464375
cost_usd,gemini,59.15734702,21.706380078125,64,21.7019464375,21.706380078125
cost_usd,gemini,59.17120867,21.706380078125,64,21.706380078125,21.706380078125
cost_usd,gemini,59.28916275,21.707017640625,64,21.706380078125,21.707017640625
cost_usd,gemini,59.30376885,21.707017640625,64,21.707017640625,21.707017640625
cost_usd,gemini,59.76287962,21.70574746875,64,21.70574746875,21.707017640625
cost_usd,gemini,59.7820527,21.70574746875,64,21.70574746875,21.70574746875
cost_usd,gemini,60.03307463,21.70928171875,64,21.70574746875,21.70928171875
cost_usd,gemini,60.04484723,21.70928171875,64,21.70928171875,21.70928171875
cost_usd,gemini,60.160769,21.710121109375,64,21.70928171875,21.710121109375
cost_usd,gemini,60.16177194,21.710121109375,64,21.710121109375,21.710121109375
cost_usd,gemini,60.21590378,21.71568190625,64,21.710121109375,21.71568190625
cost_usd,gemini,60.22644548,21.71568190625,64,21.71568190625,21.71568190625
cost_usd,gemini,60.46614007,21.7234375625,64,21.71568190625,21.7234375625
cost_usd,gemini,60.47948017,21.7234375625,64,21.7234375625,21.7234375625
cost_usd,gemini,60.69138952,21.72552565625,64,21.7234375625,21.72552565625
cost_usd,gemini,60.70272622,21.72552565625,64,21.72552565625,21.72552565625
cost_usd,gemini,60.79125704,21.728202593749998,64,21.72552565625,21.728202593749998
cost_usd,gemini,60.79173686,21.728202593749998,64,21.728202593749998,21.728202593749998
cost_usd,gemini,60.97927598,21.730688078125,64,21.728202593749998,21.730688078125
cost_usd,gemini,60.97951456,21.730688078125,64,21.730688078125,21.730688078125
cost_usd,gemini,61.14735495,21.732326984375,64,21.730688078125,21.732326984375
cost_usd,gemini,61.14844779,21.732326984375,64,21.732326984375,21.732326984375
cost_usd,gemini,61.1697681,21.735718359375,64,21.732326984375,21.735718359375
cost_usd,gemini,61.19152365,21.735718359375,64,21.735718359375,21.735718359375
cost_usd,gemini,61.19687362,21.749008859375,64,21.735718359375,21.749008859375
cost_usd,gemini,61.21303995,21.749008859375,64,21.749008859375,21.749008859375
cost_usd,gemini,61.3996953,21.751717453125,64,21.749008859375,21.751717453125
cost_usd,gemini,61.41753,21.751717453125,64,21.751717453125,21.751717453125
cost_usd,gemini,61.89944167,21.7620395625,64,21.751717453125,21.7620395625
cost_usd,gemini,61.9189326,21.7620395625,64,21.7620395625,21.7620395625
cost_usd,gemini,62.09294538,21.762381421875,64,21.7620395625,21.762381421875
cost_usd,gemini,62.09771303,21.762381421875,64,21.762381421875,21.762381421875
cost_usd,gemini,62.1474171,21.7623363125,64,21.7623363125,21.762381421875
cost_usd,gemini,62.16718575,21.7623363125,64,21.7623363125,21.7623363125
cost_usd,gemini,62.55944955,21.769127265625,64,21.7623363125,21.769127265625
cost_usd,gemini,62.57236372,21.769127265625,64,21.769127265625,21.769127265625
cost_usd,gemini,62.59634977,21.77347509375,64,21.769127265625,21.77347509375
cost_usd,gemini,62.61045172,21.77347509375,64,21.77347509375,21.77347509375
cost_usd,gemini,62.61079969,21.778056328125,64,21.77347509375,21.778056328125
cost_usd,gemini,62.66311074,21.778056328125,64,21.778056328125,21.778056328125
cost_usd,gemini,63.20703893,21.7804175,64,21.778056328125,21.7804175
cost_usd,gemini,63.22026113,21.7804175,64,21.7804175,21.7804175
cost_usd,gemini,63.2514168,21.789529734374998,64,21.7804175,21.789529734374998
cost_usd,gemini,63.31769655,21.789529734374998,64,21.789529734374998,21.789529734374998
cost_usd,gemini,63.52819178,21.789529734374998,64,21.789529734374998,21.789529734374998
cost_usd,gemini,63.53341423,21.789529734374998,64,21.789529734374998,21.789529734374998
cost_usd,gemini,63.67991985,21.794972203125,64,21.789529734374998,21.794972203125
cost_usd,gemini,63.69697905,21.794972203125,64,21.794972203125,21.794972203125
cost_usd,gemini,63.82367025,21.7956864375,64,21.794972203125,21.7956864375
cost_usd,gemini,63.84195983,21.7956864375,64,21.7956864375,21.7956864375
cost_usd,gemini,64.11893305,21.800824421875,64,21.7956864375,21.800824421875
cost_usd,gemini,64.12216879,21.80157240625,64,21.7956864375,21.80157240625
cost_usd,gemini,64.1614151,21.80157240625,64,21.796434421875,21.80157240625
cost_usd,gemini,64.20662715,21.8016776875,64,21.796434421875,21.8016776875
cost_usd,gemini,64.21772288,21.8016776875,64,21.796539703125,21.8016776875
cost_usd,gemini,64.2858443,21.8016776875,64,21.8016776875,21.8016776875
cost_usd,gemini,64.65292297,21.80299246875,64,21.8016776875,21.80299246875
cost_usd,gemini,64.65413369,21.80299246875,64,21.80299246875,21.80299246875
cost_usd,gemini,64.91421818,21.80490246875,64,21.80299246875,21.80490246875
cost_usd,gemini,64.92506085,21.80490246875,64,21.80490246875,21.80490246875
cost_usd,gemini,65.00425155,21.810322953125,64,21.80490246875,21.810322953125
cost_usd,gemini,65.0043219,21.814624859374998,64,21.80490246875,21.814624859374998
cost_usd,gemini,65.01586432,21.814624859374998,64,21.810322953125,21.814624859374998
cost_usd,gemini,65.05179878,21.814624859374998,64,21.814624859374998,21.814624859374998
cost_usd,gemini,65.31982652,21.815913046875,64,21.814624859374998,21.815913046875
cost_usd,gemini,65.34506171,21.815913046875,64,21.815913046875,21.815913046875
cost_usd,gemini,65.48880708,21.82253834375,64,21.815913046875,21.82253834375
cost_usd,gemini,65.48906057,21.82253834375,64,21.82253834375,21.82253834375
cost_usd,gemini,65.73258607,21.831708859375,64,21.82253834375,21.831708859375
cost_usd,gemini,65.7449055,21.831708859375,64,21.831708859375,21.831708859375
cost_usd,gemini,65.9182628,21.833103421875,64,21.831708859375,21.833103421875
cost_usd,gemini,65.92753295,21.833103421875,64,21.833103421875,21.833103421875
cost_usd,gemini,65.9368173,21.8337275625,64,21.833103421875,21.8337275625
cost_usd,gemini,65.9476467,21.8337275625,64,21.8337275625,21.8337275625
cost_usd,gemini,65.9867103,21.837793296875,64,21.8337275625,21.837793296875
cost_usd,gemini,66.01900222,21.837793296875,64,21.837793296875,21.837793296875
cost_usd,gemini,66.21103387,21.844343640625,64,21.837793296875,21.844343640625
cost_usd,gemini,66.22528927,21.844343640625,64,21.844343640625,21.844343640625
cost_usd,gemini,66.5112189,21.8452013125,64,21.844343640625,21.8452013125
cost_usd,gemini,66.77471137,21.8431815,64,21.842323828125,21.8452013125
cost_usd,gemini,66.78773152,21.8431815,64,21.842323828125,21.8431815
cost_usd,gemini,66.80109375,21.8437304375,64,21.842323828125,21.8437304375
cost_usd,gemini,66.8037924,21.84836746875,64,21.842323828125,21.84836746875
cost_usd,gemini,66.81460058,21.84836746875,64,21.842872765625,21.84836746875
cost_usd,gemini,66.81609368,21.84836746875,64,21.847509796875,21.84836746875
cost_usd,gemini,66.93933413,21.849905828125,64,21.847509796875,21.849905828125
cost_usd,gemini,66.95138265,21.849905828125,64,21.84904815625,21.849905828125
cost_usd,gemini,67.05548073,21.849905828125,64,21.849905828125,21.849905828125
cost_usd,gemini,67.1286786,21.853830890624998,64,21.849905828125,21.853830890624998
cost_usd,gemini,67.1291657,21.853830890624998,64,21.853830890624998,21.853830890624998
cost_usd,gemini,67.16456768,21.855537859375,64,21.853830890624998,21.855537859375
cost_usd,gemini,67.18171095,21.855537859375,64,21.855537859375,21.855537859375
cost_usd,gemini,67.52441415,21.857849546875,64,21.855537859375,21.857849546875
cost_usd,gemini,67.53711652,21.857849546875,64,21.857849546875,21.857849546875
cost_usd,gemini,67.54825925,21.85801909375,64,21.857849546875,21.85801909375
cost_usd,gemini,67.5998814,21.8590355,64,21.857849546875,21.8590355
cost_usd,gemini,67.61723933,21.8590355,64,21.858865953125,21.8590355
cost_usd,gemini,67.9093097,21.859256578125,64,21.8590355,21.859256578125
cost_usd,gemini,68.06801511,21.859256578125,64,21.859256578125,21.859256578125
cost_usd,gemini,68.22210878,21.8611465625,64,21.859256578125,21.8611465625
cost_usd,gemini,68.23698938,21.8611465625,64,21.8611465625,21.8611465625
cost_usd,gemini,68.50857307,21.86470778125,64,21.8611465625,21.86470778125
cost_usd,gemini,68.52300307,21.86470778125,64,21.86470778125,21.86470778125
cost_usd,gemini,68.88721935,21.866783203125,64,21.86470778125,21.866783203125
cost_usd,gemini,68.8986972,21.866783203125,64,21.866783203125,21.866783203125
cost_usd,gemini,69.0203082,21.870870828125,64,21.866783203125,21.870870828125
cost_usd,gemini,69.03348645,21.870870828125,64,21.870870828125,21.870870828125
cost_usd,gemini,69.44464726,21.87451753125,64,21.870870828125,21.87451753125
cost_usd,gemini,69.49602013,21.87469703125,64,21.870870828125,21.87469703125
cost_usd,gemini,69.52564866,21.87469703125,64,21.871050328125,21.87469703125
cost_usd,gemini,69.63709695,21.90391284375,64,21.871050328125,21.90391284375
cost_usd,gemini,69.6638607,21.90391284375,64,21.900266140625,21.90391284375
cost_usd,gemini,69.77190384,21.90391284375,64,21.90391284375,21.90391284375
cost_usd,gemini,69.85518773,21.906176265625,64,21.90391284375,21.906176265625
cost_usd,gemini,69.858569,21.90629428125,64,21.90391284375,21.90629428125
cost_usd,gemini,69.8667222,21.90629428125,64,21.906176265625,21.90629428125
cost_usd,gemini,69.97871137,21.90629428125,64,21.90629428125,21.90629428125
cost_usd,gemini,70.41935512,21.914140359375,64,21.90629428125,21.914140359375
cost_usd,gemini,70.4494629,21.914140359375,64,21.914140359375,21.914140359375
cost_usd,gemini,70.4643894,21.91629996875,64,21.914140359375,21.91629996875
cost_usd,gemini,70.4768784,21.91629996875,64,21.91629996875,21.91629996875
cost_usd,gemini,71.2099761,21.916721078125,64,21.91629996875,21.916721078125
cost_usd,gemini,71.2224783,21.916721078125,64,21.916721078125,21.916721078125
cost_usd,gemini,71.23723462,21.9190600625,64,21.916721078125,21.9190600625
cost_usd,gemini,71.24864707,21.9190600625,64,21.9190600625,21.9190600625
cost_usd,gemini,71.32047001,21.919560390625,64,21.9190600625,21.919560390625
cost_usd,gemini,71.35611615,21.919560390625,64,21.919560390625,21.919560390625
cost_usd,gemini,71.38362794,21.919560390625,64,21.919560390625,21.919560390625
cost_usd,gemini,71.38388889,21.919560390625,64,21.919560390625,21.919560390625
cost_usd,gemini,71.53714942,21.927097578125,64,21.919560390625,21.927097578125
cost_usd,gemini,71.54912512,21.927097578125,64,21.927097578125,21.927097578125
cost_usd,gemini,71.71228369,21.931889578125,64,21.927097578125,21.931889578125
cost_usd,gemini,71.71278073,21.931889578125,64,21.931889578125,21.931889578125
cost_usd,gemini,71.93648558,21.93222796875,64,21.931889578125,21.93222796875
cost_usd,gemini,71.94911393,21.93222796875,64,21.93222796875,21.93222796875
cost_usd,gemini,72.56081475,21.935766171875,64,21.93222796875,21.935766171875
cost_usd,gemini,72.57307185,21.935766171875,64,21.935766171875,21.935766171875
cost_usd,gemini,72.99881865,21.93681140625,64,21.935766171875,21.93681140625
cost_usd,gemini,73.00915418,21.93681140625,64,21.93681140625,21.93681140625
cost_usd,gemini,73.02158092,21.939350625,64,21.93681140625,21.939350625
cost_usd,gemini,73.0312659,21.939350625,64,21.939350625,21.939350625
cost_usd,gemini,73.19025413,21.945140796875,64,21.939350625,21.945140796875
cost_usd,gemini,73.19050017,21.945140796875,64,21.945140796875,21.945140796875
cost_usd,gemini,73.34421945,21.948058171875,64,21.945140796875,21.948058171875
cost_usd,gemini,73.35575513,21.948058171875,64,21.948058171875,21.948058171875
cost_usd,gemini,73.55998132,21.954708625,64,21.948058171875,21.954708625
cost_usd,gemini,73.63406332,21.954708625,64,21.954708625,21.954708625
cost_usd,gemini,73.74769935,21.95722771875,64,21.954708625,21.95722771875
cost_usd,gemini,73.7619888,21.95722771875,64,21.95722771875,21.95722771875
cost_usd,gemini,74.2874304,21.96818309375,64,21.95722771875,21.96818309375
cost_usd,gemini,74.298072,21.96818309375,64,21.96818309375,21.96818309375
cost_usd,gemini,74.29914176,21.9682046875,64,21.96818309375,21.9682046875
cost_usd,gemini,74.33118572,21.9682046875,64,21.9682046875,21.9682046875
cost_usd,gemini,74.51151232,21.968687046875,64,21.9682046875,21.968687046875
cost_usd,gemini,74.522928,21.968687046875,64,21.968687046875,21.968687046875
cost_usd,gemini,74.70372803,21.969439015625,64,21.968687046875,21.969439015625
cost_usd,gemini,74.71346722,21.970130703125,64,21.968687046875,21.970130703125
cost_usd,gemini,74.71617353,21.970130703125,64,21.969439015625,21.970130703125
cost_usd,gemini,74.73061582,21.970130703125,64,21.970130703125,21.970130703125
cost_usd,gemini,74.80551384,21.970541265625,64,21.970130703125,21.970541265625
cost_usd,gemini,74.8391601,21.970541265625,64,21.970541265625,21.970541265625
cost_usd,gemini,75.19826382,21.974056734375,64,21.970541265625,21.974056734375
cost_usd,gemini,75.28592689,21.974056734375,64,21.974056734375,21.974056734375
cost_usd,gemini,75.43090748,21.974468953125,64,21.974056734375,21.974468953125
cost_usd,gemini,75.43241388,21.974468953125,64,21.974468953125,21.974468953125
cost_usd,gemini,75.62068815,21.9755141875,64,21.974468953125,21.9755141875
cost_usd,gemini,75.63045788,21.9755141875,64,21.9755141875,21.9755141875
cost_usd,gemini,76.09263253,21.9758100625,64,21.9755141875,21.9758100625
cost_usd,gemini,76.09404103,21.9758100625,64,21.9758100625,21.9758100625
cost_usd,gemini,76.35785167,21.97784871875,64,21.9758100625,21.97784871875
cost_usd,gemini,76.36892302,21.97784871875,64,21.97784871875,21.97784871875
cost_usd,gemini,76.61018473,21.97795509375,64,21.97784871875,21.97795509375
cost_usd,gemini,76.63141218,21.97795509375,64,21.97795509375,21.97795509375
cost_usd,gemini,76.66070528,21.980872734375,64,21.97795509375,21.980872734375
cost_usd,gemini,76.6729833,21.980872734375,64,21.980872734375,21.980872734375
cost_usd,gemini,76.70781893,21.98320225,64,21.980872734375,21.98320225
cost_usd,gemini,76.72064655,21.98320225,64,21.98320225,21.98320225
cost_usd,gemini,76.74489938,21.985067125,64,21.98320225,21.985067125
cost_usd,gemini,76.75193815,21.985374625,64,21.98320225,21.985374625
cost_usd,gemini,76.75343655,21.985374625,64,21.98350975,21.985374625
cost_usd,gemini,76.75713458,21.985374625,64,21.985374625,21.985374625
cost_usd,gemini,77.17824728,21.991252765625,64,21.985374625,21.991252765625
cost_usd,gemini,77.19155483,21.991252765625,64,21.991252765625,21.991252765625
cost_usd,gemini,77.3972962,21.999556265625,64,21.991252765625,21.999556265625
cost_usd,gemini,77.39756709,21.999556265625,64,21.999556265625,21.999556265625
cost_usd,gemini,77.6577853,22.001819046875,64,21.999556265625,22.001819046875
cost_usd,gemini,77.68389236,22.001819046875,64,22.001819046875,22.001819046875
cost_usd,gemini,77.73209332,22.007179609375,64,22.001819046875,22.007179609375
cost_usd,gemini,77.7426123,22.007179609375,64,22.007179609375,22.007179609375
cost_usd,gemini,77.9188206,22.009682421875,64,22.007179609375,22.009682421875
cost_usd,gemini,77.9305011,22.009682421875,64,22.009682421875,22.009682421875
cost_usd,gemini,78.18695573,22.015330375,64,22.009682421875,22.015330375
cost_usd,gemini,78.21586253,22.015330375,64,22.015330375,22.015330375
cost_usd,gemini,78.70099665,22.039461046875,64,22.015330375,22.039461046875
cost_usd,gemini,78.71163,22.039461046875,64,22.039461046875,22.039461046875
cost_usd,gemini,78.73705703,22.04487521875,64,22.039461046875,22.04487521875
cost_usd,gemini,78.75004898,22.04487521875,64,22.04487521875,22.04487521875
cost_usd,gemini,78.87561209,22.049893890625,64,22.04487521875,22.049893890625
cost_usd,gemini,79.23361312,22.049893890625,64,22.049893890625,22.049893890625
cost_usd,gemini,79.4067372,22.05477090625,64,22.049893890625,22.05477090625
cost_usd,gemini,79.42209795,22.05477090625,64,22.05477090625,22.05477090625
cost_usd,gemini,79.589811,22.056873265625,64,22.05477090625,22.056873265625
cost_usd,gemini,79.60253355,22.056873265625,64,22.056873265625,22.056873265625
cost_usd,gemini,79.68605978,22.05784571875,64,22.056873265625,22.05784571875
cost_usd,gemini,79.70383643,22.05784571875,64,22.05784571875,22.05784571875
cost_usd,gemini,79.82716695,22.06042134375,64,22.05784571875,22.06042134375
cost_usd,gemini,79.83869145,22.06042134375,64,22.06042134375,22.06042134375
cost_usd,gemini,80.38369823,22.06116103125,64,22.06042134375,22.06116103125
cost_usd,gemini,80.3841903,22.06116103125,64,22.06116103125,22.06116103125
cost_usd,gemini,80.90965515,22.06699484375,64,22.06116103125,22.06699484375
cost_usd,gemini,80.91948135,22.06699484375,64,22.06699484375,22.06699484375
cost_usd,gemini,81.19485675,22.0674135,64,22.06699484375,22.0674135
cost_usd,gemini,81.20916007,22.0674135,64,22.0674135,22.0674135
cost_usd,gemini,81.47053568,22.067946437499998,64,22.0674135,22.067946437499998
cost_usd,gemini,81.48479798,22.067946437499998,64,22.067946437499998,22.067946437499998
cost_usd,gemini,81.53477182,22.071707875,64,22.067946437499998,22.071707875
cost_usd,gemini,81.54657945,22.071707875,64,22.071707875,22.071707875
cost_usd,gemini,81.99859345,22.075652828125,64,22.071707875,22.075652828125
cost_usd,gemini,82.02001591,22.075652828125,64,22.075652828125,22.075652828125
cost_usd,gemini,82.1001165,22.08214290625,64,22.075652828125,22.08214290625
cost_usd,gemini,82.10075023,22.08214290625,64,22.08214290625,22.08214290625
cost_usd,gemini,82.92862755,22.086666171875,64,22.08214290625,22.086666171875
cost_usd,gemini,82.93847385,22.086666171875,64,22.086666171875,22.086666171875
cost_usd,gemini,84.00312137,22.088022249999998,64,22.086666171875,22.088022249999998
cost_usd,gemini,84.05402003,22.092927859375,64,22.086666171875,22.092927859375
cost_usd,gemini,84.0638766,22.092927859375,64,22.09157178125,22.092927859375
cost_usd,gemini,84.29328132,22.092927859375,64,22.092927859375,22.092927859375
cost_usd,gemini,84.45394815,22.093916796875,64,22.092927859375,22.093916796875
cost_usd,gemini,84.46558058,22.093916796875,64,22.093916796875,22.093916796875
cost_usd,gemini,84.51251715,22.0965265,64,22.093916796875,22.0965265
cost_usd,gemini,84.53448338,22.0965265,64,22.0965265,22.0965265
cost_usd,gemini,85.23506228,22.097827984374998,64,22.0965265,22.097827984374998
cost_usd,gemini,85.25032328,22.097827984374998,64,22.097827984374998,22.097827984374998
cost_usd,gemini,85.41145628,22.126282453125,64,22.097827984374998,22.126282453125
cost_usd,gemini,85.4259702,22.126282453125,64,22.126282453125,22.126282453125
cost_usd,gemini,85.48680615,22.126382562499998,64,22.126282453125,22.126382562499998
cost_usd,gemini,85.49824883,22.126382562499998,64,22.126382562499998,22.126382562499998
cost_usd,gemini,85.72546437,22.127571624999998,64,22.126382562499998,22.127571624999998
cost_usd,gemini,85.7635526,22.127571624999998,64,22.127571624999998,22.127571624999998
cost_usd,gemini,85.90339749,22.133326,64,22.127571624999998,22.133326
cost_usd,gemini,85.9039169,22.133326,64,22.133326,22.133326
cost_usd,gemini,86.16394665,22.144169390625,64,22.133326,22.144169390625
cost_usd,gemini,86.177625,22.144169390625,64,22.144169390625,22.144169390625
cost_usd,gemini,86.83968225,22.145113328125,64,22.144169390625,22.145113328125
cost_usd,gemini,86.85543728,22.145113328125,64,22.145113328125,22.145113328125
cost_usd,gemini,87.25438845,22.145261671875,64,22.145113328125,22.145261671875
cost_usd,gemini,87.26754458,22.145261671875,64,22.145261671875,22.145261671875
cost_usd,gemini,87.59536136,22.150948453125,64,22.145261671875,22.150948453125
cost_usd,gemini,87.7494415,22.150948453125,64,22.150948453125,22.150948453125
cost_usd,gemini,87.8976348,22.152064015625,64,22.150948453125,22.152064015625
cost_usd,gemini,87.90790673,22.152064015625,64,22.152064015625,22.152064015625
cost_usd,gemini,87.9975297,22.152149828125,64,22.152064015625,22.152149828125
cost_usd,gemini,88.00808603,22.152149828125,64,22.152149828125,22.152149828125
cost_usd,gemini,88.49226623,22.1549738125,64,22.152149828125,22.1549738125
cost_usd,gemini,88.50483683,22.1549738125,64,22.1549738125,22.1549738125
cost_usd,gemini,88.920009,22.16104971875,64,22.1549738125,22.16104971875
cost_usd,gemini,88.93095255,22.16104971875,64,22.16104971875,22.16104971875
cost_usd,gemini,89.61456698,22.168366375,64,22.16104971875,22.168366375
cost_usd,gemini,89.6276061,22.168366375,64,22.168366375,22.168366375
cost_usd,gemini,89.7598479,22.171941890625,64,22.168366375,22.171941890625
cost_usd,gemini,89.7704253,22.171941890625,64,22.171941890625,22.171941890625
cost_usd,gemini,89.92849532,22.181350921875,64,22.171941890625,22.181350921875
cost_usd,gemini,90.10344428,22.182284921875,64,22.171941890625,22.182284921875
cost_usd,gemini,90.11535345,22.182284921875,64,22.172875890625,22.182284921875
cost_usd,gemini,90.27894382,22.182284921875,64,22.182284921875,22.182284921875
cost_usd,gemini,91.00283363,22.182658515625,64,22.182284921875,22.182658515625
cost_usd,gemini,91.0165947,22.182658515625,64,22.182658515625,22.182658515625
cost_usd,gemini,91.53970499,22.203043421874998,64,22.182658515625,22.203043421874998
cost_usd,gemini,91.54003055,22.203043421874998,64,22.203043421874998,22.203043421874998
cost_usd,gemini,92.93690888,22.20423015625,64,22.203043421874998,22.20423015625
cost_usd,gemini,92.95136115,22.20423015625,64,22.20423015625,22.20423015625
cost_usd,gemini,93.26693886,22.211396296875,64,22.20423015625,22.211396296875
cost_usd,gemini,93.43908146,22.211396296875,64,22.211396296875,22.211396296875
cost_usd,gemini,94.2718002,22.214626828125,64,22.211396296875,22.214626828125
cost_usd,gemini,94.28296718,22.214626828125,64,22.214626828125,22.214626828125
cost_usd,gemini,94.84070894,22.22242925,64,22.214626828125,22.22242925
cost_usd,gemini,94.84106681,22.22242925,64,22.22242925,22.22242925
cost_usd,gemini,96.66418729,22.22850575,64,22.22242925,22.22850575
cost_usd,gemini,96.6645228,22.22850575,64,22.22850575,22.22850575
cost_usd,gemini,97.49708865,22.23098909375,64,22.22850575,22.23098909375
cost_usd,gemini,97.51105253,22.23098909375,64,22.23098909375,22.23098909375
cost_usd,gemini,99.77334743,22.232478,64,22.23098909375,22.232478
cost_usd,gemini,99.78429728,22.232478,64,22.232478,22.232478
cost_usd,gemini,102.35027565,22.238862171875,64,22.232478,22.238862171875
cost_usd,gemini,102.36592875,22.238862171875,64,22.238862171875,22.238862171875
cost_usd,gemini,701.0,22.238862171875,64,22.238862171875,22.238862171875
cost_usd,luna,0.0,0.0,64,,
cost_usd,luna,0.04420624,-0.132085265625,64,,
cost_usd,luna,0.04998328,-0.126130703125,64,,
cost_usd,luna,0.056619,-0.10627332812500001,64,,
cost_usd,luna,0.06576332,0.07889403125,64,,
cost_usd,luna,0.06779544,0.07889403125,64,,
cost_usd,luna,0.0685874,0.11825023437500001,64,,
cost_usd,luna,0.07027984,0.294456078125,64,,
cost_usd,luna,0.07462368,1.773313484375,64,,
cost_usd,luna,0.07674216,1.926513296875,64,,
cost_usd,luna,0.08454336,1.926513296875,64,,
cost_usd,luna,0.0849216,2.031916359375,64,,
cost_usd,luna,0.0857854,2.030832546875,64,,
cost_usd,luna,0.0858178,2.334205890625,64,,
cost_usd,luna,0.09027196,2.404055265625,64,,
cost_usd,luna,0.09042312,2.5199475,64,,
cost_usd,luna,0.10006652,2.5265443125,64,,
cost_usd,luna,0.10557548,2.52731096875,64,,
cost_usd,luna,0.10729376,2.517353859375,64,,
cost_usd,luna,0.10930452,2.5187224375,64,,
cost_usd,luna,0.11053736,2.5187224375,64,,
cost_usd,luna,0.11749108,2.529133046875,64,,
cost_usd,luna,0.11761916,2.52914959375,64,,
cost_usd,luna,0.11974192,2.533545390625,64,,
cost_usd,luna,0.12214452,3.141543328125,64,,
cost_usd,luna,0.13349268,3.138981359375,64,,
cost_usd,luna,0.13511368,3.29670053125,64,,
cost_usd,luna,0.1358462,3.40456903125,64,,
cost_usd,luna,0.14496136,3.7930860625,64,,
cost_usd,luna,0.14560656,3.8290646875,64,,
cost_usd,luna,0.14843964,3.8836230625,64,,
cost_usd,luna,0.14996484,4.028599515625,64,,
cost_usd,luna,0.15413748,4.058215234375,64,,
cost_usd,luna,0.1576464,4.293201203125,64,,
cost_usd,luna,0.16146472,4.3121090625,64,,
cost_usd,luna,0.16214392,4.3121090625,64,,
cost_usd,luna,0.1626758,4.313675484375,64,,
cost_usd,luna,0.1692024,4.543870328125,64,,
cost_usd,luna,0.17094324,4.5543668593749995,64,,
cost_usd,luna,0.17420728,4.65389784375,64,,
cost_usd,luna,0.17898096,4.567968078125,64,,
cost_usd,luna,0.18097776,4.563279203125,64,,
cost_usd,luna,0.18244372,4.563188734375,64,,
cost_usd,luna,0.18275092,4.697825921875,64,,
cost_usd,luna,0.18535176,4.6981699062499995,64,,
cost_usd,luna,0.1947622,4.75103165625,64,,
cost_usd,luna,0.19567916,3.297477890625,64,,
cost_usd,luna,0.19760028,3.18692875,64,,
cost_usd,luna,0.2004838,2.893121078125,64,,
cost_usd,luna,0.20550244,2.891364546875,64,,
cost_usd,luna,0.2056994,2.88730896875,64,,
cost_usd,luna,0.21166144,2.887470234375,64,,
cost_usd,luna,0.21186792,3.03468459375,64,,
cost_usd,luna,0.2145154,2.97679665625,64,,
cost_usd,luna,0.21961852,3.23043121875,64,,
cost_usd,luna,0.22339072,3.090860546875,64,,
cost_usd,luna,0.22725388,3.090860546875,64,,
cost_usd,luna,0.22729924,3.090973875,64,,
cost_usd,luna,0.22988144,3.109711,64,,
cost_usd,luna,0.2306524,3.1353720625,64,,
cost_usd,luna,0.23257436,3.216047140625,64,,
cost_usd,luna,0.23790744,3.21577815625,64,,
cost_usd,luna,0.24774036,3.222633671875,64,,
cost_usd,luna,0.2487822,3.223296890625,64,,
cost_usd,luna,0.2519406,3.2577615,64,,
cost_usd,luna,0.25197712,3.2599955625,64,,
cost_usd,luna,0.25521404,3.2933765625,64,,
cost_usd,luna,0.25921172,3.30257921875,64,,
cost_usd,luna,0.26020808,3.3047736875,64,,
cost_usd,luna,0.26320072,3.336473609375,64,,
cost_usd,luna,0.26353892,3.386165953125,64,,
cost_usd,luna,0.26396468,3.39320371875,64,,
cost_usd,luna,0.26639976,3.324598875,64,,
cost_usd,luna,0.26681812,3.435254734375,64,,
cost_usd,luna,0.26756692,3.4409075625,64,,
cost_usd,luna,0.26904612,3.468445125,64,,
cost_usd,luna,0.28226968,3.487976375,64,,
cost_usd,luna,0.28234996,3.52998721875,64,,
cost_usd,luna,0.28299484,3.52998721875,64,,
cost_usd,luna,0.28437436,3.52998721875,64,,
cost_usd,luna,0.28853024,3.74241496875,64,,
cost_usd,luna,0.28998772,3.786335921875,64,,
cost_usd,luna,0.29415292,3.861543984375,64,,
cost_usd,luna,0.303386,3.867314328125,64,,
cost_usd,luna,0.31079788,3.9196139843749997,64,,
cost_usd,luna,0.3113108,3.921957953125,64,,
cost_usd,luna,0.31562072,3.91979425,64,,
cost_usd,luna,0.31664252,3.936353359375,64,,
cost_usd,luna,0.31693232,3.95635321875,64,,
cost_usd,luna,0.31958436,3.975731046875,64,,
cost_usd,luna,0.32419124,3.98889025,64,,
cost_usd,luna,0.32873232,4.0451355,64,,
cost_usd,luna,0.33019428,4.070931390625,64,,
cost_usd,luna,0.33046796,4.112872171875,64,,
cost_usd,luna,0.33813312,4.131012265625,64,,
cost_usd,luna,0.34323412,4.1543460625,64,,
cost_usd,luna,0.35488956,4.17072478125,64,,
cost_usd,luna,0.355988,4.202754203125,64,,
cost_usd,luna,0.36517648,4.46562240625,64,,
cost_usd,luna,0.36901944,4.634591109375,64,,
cost_usd,luna,0.3714316,4.6510111875,64,,
cost_usd,luna,0.371543,4.6958056875,64,,
cost_usd,luna,0.37185632,4.916402359375,64,,
cost_usd,luna,0.37257144,5.007073734375,64,,
cost_usd,luna,0.3736746,5.064269234375,64,,
cost_usd,luna,0.3824584,5.087221390625,64,,
cost_usd,luna,0.39231908,5.08898559375,64,,
cost_usd,luna,0.39298508,5.06887396875,64,,
cost_usd,luna,0.39655416,5.101388421875,64,,
cost_usd,luna,0.4085666,5.1334586875,64,,
cost_usd,luna,0.41206156,5.1334586875,64,,
cost_usd,luna,0.41773692,5.1510043125,64,,
cost_usd,luna,0.42158608,5.15153109375,64,,
cost_usd,luna,0.42300124,5.3767339375,64,,
cost_usd,luna,0.42669096,5.532105921875,64,,
cost_usd,luna,0.42699584,5.543316890625,64,,
cost_usd,luna,0.4298654,5.58505209375,64,,
cost_usd,luna,0.43155564,5.608941546875,64,,
cost_usd,luna,0.43184104,5.616099609375,64,,
cost_usd,luna,0.43328396,5.646822265625,64,,
cost_usd,luna,0.43517328,5.637748015625,64,,
cost_usd,luna,0.43626832,5.65536859375,64,,
cost_usd,luna,0.43732952,5.666614671875,64,,
cost_usd,luna,0.44425796,5.855436765625,64,,
cost_usd,luna,0.44926688,5.85731665625,64,,
cost_usd,luna,0.45337832,5.865915046875,64,,
cost_usd,luna,0.45554388,5.8957781875,64,,
cost_usd,luna,0.45653096,5.907115421875,64,,
cost_usd,luna,0.45814012,6.041631390625,64,,
cost_usd,luna,0.46016776,6.08150528125,64,,
cost_usd,luna,0.46114724,6.08478046875,64,,
cost_usd,luna,0.46378384,6.083659015625,64,,
cost_usd,luna,0.46552548,6.20680959375,64,,
cost_usd,luna,0.4663954,6.232630640625,64,,
cost_usd,luna,0.46753572,6.247846953125,64,,
cost_usd,luna,0.4725674,6.2488758125,64,,
cost_usd,luna,0.48278288,6.266559015625,64,,
cost_usd,luna,0.48545996,6.266640390625,64,,
cost_usd,luna,0.4855052,6.26661865625,64,,
cost_usd,luna,0.48577656,6.36120059375,64,,
cost_usd,luna,0.4879706,6.37760609375,64,,
cost_usd,luna,0.49178712,6.392837734375,64,,
cost_usd,luna,0.49880132,6.438209,64,,
cost_usd,luna,0.50129808,6.43852365625,64,,
cost_usd,luna,0.51430528,6.466915375,64,,
cost_usd,luna,0.52432252,6.566392890625,64,,
cost_usd,luna,0.52446208,6.582739703125,64,,
cost_usd,luna,0.52570116,6.5889496875,64,,
cost_usd,luna,0.5260014,6.588991140625,64,,
cost_usd,luna,0.52704556,6.659614765625,64,,
cost_usd,luna,0.53153252,6.673144796875,64,,
cost_usd,luna,0.53272668,6.6998541875,64,,
cost_usd,luna,0.53284104,6.720646609375,64,,
cost_usd,luna,0.53386796,6.722546890625,64,,
cost_usd,luna,0.54510808,6.742158234375,64,,
cost_usd,luna,0.5467496,6.74431075,64,,
cost_usd,luna,0.55067332,6.8014814375,64,,
cost_usd,luna,0.55402656,6.944072328125,64,,
cost_usd,luna,0.55412872,6.966974015625,64,,
cost_usd,luna,0.56646584,7.022248578125,64,,
cost_usd,luna,0.5718764,7.02225871875,64,,
cost_usd,luna,0.572412,7.73322290625,64,,
cost_usd,luna,0.5731972,7.750872734375,64,,
cost_usd,luna,0.57518476,7.767007234375,64,,
cost_usd,luna,0.577522,7.7879580468750005,64,,
cost_usd,luna,0.57763312,7.7934786406250005,64,,
cost_usd,luna,0.57935108,7.797511125,64,,
cost_usd,luna,0.58063624,7.7975980781250005,64,,
cost_usd,luna,0.59420272,7.8235624687500005,64,,
cost_usd,luna,0.59422128,7.826853390625,64,,
cost_usd,luna,0.59510688,7.839281375,64,,
cost_usd,luna,0.59569552,7.868760390625,64,,
cost_usd,luna,0.59804392,7.877214640625,64,,
cost_usd,luna,0.59931644,7.97494434375,64,,
cost_usd,luna,0.6026774,7.993859578125,64,,
cost_usd,luna,0.60834072,8.006056515625,64,,
cost_usd,luna,0.60924428,8.029467640625,64,,
cost_usd,luna,0.61089172,8.059625828125,64,,
cost_usd,luna,0.61578304,8.060056984375,64,,
cost_usd,luna,0.61676996,8.06148496875,64,,
cost_usd,luna,0.6179944,8.210128781249999,64,,
cost_usd,luna,0.61822908,8.2572555,64,,
cost_usd,luna,0.61929864,8.477532765625,64,,
cost_usd,luna,0.62223256,8.483668234375,64,,
cost_usd,luna,0.62297012,8.483668234375,64,,
cost_usd,luna,0.63347276,8.503024484375,64,,
cost_usd,luna,0.64050708,8.55611228125,64,,
cost_usd,luna,0.64411252,8.565618640625,64,,
cost_usd,luna,0.6453178,8.617970859375,64,,
cost_usd,luna,0.64926404,8.618073921875,64,,
cost_usd,luna,0.65318912,8.6610069375,64,,
cost_usd,luna,0.6617614,8.709754359375,64,,
cost_usd,luna,0.6636944,8.70998425,64,,
cost_usd,luna,0.67156132,8.743661109375,64,,
cost_usd,luna,0.67391068,8.790046921875,64,,
cost_usd,luna,0.67882008,8.812418078125,64,,
cost_usd,luna,0.68320624,8.812418078125,64,,
cost_usd,luna,0.69038076,8.844190390625,64,,
cost_usd,luna,0.69127752,8.847668203125,64,,
cost_usd,luna,0.69448912,8.869258,64,,
cost_usd,luna,0.69561096,8.864936921875,64,,
cost_usd,luna,0.69806168,8.878480234375001,64,,
cost_usd,luna,0.70528408,8.905935515625,64,,
cost_usd,luna,0.70948244,8.906147171875,64,,
cost_usd,luna,0.71041724,8.913154875,64,,
cost_usd,luna,0.7145048,8.9259523125,64,,
cost_usd,luna,0.71638036,8.9155124375,64,,
cost_usd,luna,0.71756496,8.946778078125,64,,
cost_usd,luna,0.72383496,8.9584286875,64,,
cost_usd,luna,0.72570848,9.000852515625,64,,
cost_usd,luna,0.73104576,9.14319909375,64,,
cost_usd,luna,0.73156244,9.16603509375,64,,
cost_usd,luna,0.73486992,9.158598546875,64,,
cost_usd,luna,0.74011588,9.23014459375,64,,
cost_usd,luna,0.7424512,9.309548453125,64,,
cost_usd,luna,0.7496898,9.3263306875,64,,
cost_usd,luna,0.74971512,9.32628921875,64,,
cost_usd,luna,0.7506522,9.355094296875,64,,
cost_usd,luna,0.76346172,9.40455028125,64,,
cost_usd,luna,0.76396208,9.415369875,64,,
cost_usd,luna,0.76937468,9.444355828125,64,,
cost_usd,luna,0.77090012,9.4446230625,64,,
cost_usd,luna,0.7726088,9.44658415625,64,,
cost_usd,luna,0.77656016,9.44658415625,64,,
cost_usd,luna,0.78244104,9.501150656250001,64,,
cost_usd,luna,0.78268352,9.501150656250001,64,,
cost_usd,luna,0.78416492,9.50801625,64,,
cost_usd,luna,0.7852472,9.50832534375,64,,
cost_usd,luna,0.78833916,9.543998125,64,,
cost_usd,luna,0.7990386,9.567787718750001,64,,
cost_usd,luna,0.8007706,9.612240140625,64,,
cost_usd,luna,0.8042106,9.660959515625,64,,
cost_usd,luna,0.80816588,9.6908581875,64,,
cost_usd,luna,0.81463248,9.714725296875,64,,
cost_usd,luna,0.8228548,9.719825796875,64,,
cost_usd,luna,0.82524056,9.732403453125,64,,
cost_usd,luna,0.82816984,9.77188353125,64,,
cost_usd,luna,0.8287412,9.7678074375,64,,
cost_usd,luna,0.83394372,9.7682106875,64,,
cost_usd,luna,0.8367612,9.76807803125,64,,
cost_usd,luna,0.8427282,9.7907813125,64,,
cost_usd,luna,0.84647712,9.79055378125,64,,
cost_usd,luna,0.84690092,9.79055378125,64,,
cost_usd,luna,0.8475482,9.782179062500001,64,,
cost_usd,luna,0.84829096,9.786244703125,64,,
cost_usd,luna,0.849485,9.81683271875,64,,
cost_usd,luna,0.85931676,9.82701321875,64,,
cost_usd,luna,0.8604094,9.87642990625,64,,
cost_usd,luna,0.86254172,9.876485046875,64,,
cost_usd,luna,0.86524008,9.881060921875,64,,
cost_usd,luna,0.86563216,9.89625884375,64,,
cost_usd,luna,0.86730892,9.902332703125,64,,
cost_usd,luna,0.8718224,9.90254325,64,,
cost_usd,luna,0.87349508,9.9052660625,64,,
cost_usd,luna,0.87564272,9.9054943125,64,,
cost_usd,luna,0.87730304,9.9346159375,64,,
cost_usd,luna,0.88072576,9.946789734375,64,,
cost_usd,luna,0.88083044,9.950159828125,64,,
cost_usd,luna,0.88476576,9.977121453125,64,,
cost_usd,luna,0.88540044,10.04762784375,64,,
cost_usd,luna,0.89132464,10.09775315625,64,,
cost_usd,luna,0.89341464,10.106581078125,64,,
cost_usd,luna,0.90279216,10.106581078125,64,,
cost_usd,luna,0.90322984,10.117356734375,64,,
cost_usd,luna,0.90350276,10.135934234375,64,,
cost_usd,luna,0.90626724,10.16266390625,64,,
cost_usd,luna,0.90918352,10.17171703125,64,,
cost_usd,luna,0.91273008,10.17171703125,64,,
cost_usd,luna,0.91760904,10.177442328125,64,,
cost_usd,luna,0.93142852,10.177442328125,64,,
cost_usd,luna,0.93204024,10.206447859375,64,,
cost_usd,luna,0.93636388,10.206713625,64,,
cost_usd,luna,0.93656588,10.209359609375,64,,
cost_usd,luna,0.94067752,10.209359609375,64,,
cost_usd,luna,0.9478358,10.209370640625,64,,
cost_usd,luna,0.94929824,10.211612765625,64,,
cost_usd,luna,0.95592636,10.255283671875,64,,
cost_usd,luna,0.95711712,10.27082846875,64,,
cost_usd,luna,0.95990708,10.276794109375,64,,
cost_usd,luna,0.96229124,10.286843671875,64,,
cost_usd,luna,0.9629872,10.286843671875,64,,
cost_usd,luna,0.9778574,10.314843359375,64,,
cost_usd,luna,0.97982396,10.314853328125,64,,
cost_usd,luna,0.9799748,10.334136671875,64,,
cost_usd,luna,0.98235224,10.363392359375,64,,
cost_usd,luna,0.98309104,10.363428765625,64,,
cost_usd,luna,0.98467188,10.36139540625,64,,
cost_usd,luna,0.98859124,10.362060953125,64,,
cost_usd,luna,0.99439112,10.371081453125,64,,
cost_usd,luna,1.00916804,10.376613875,64,,
cost_usd,luna,1.0101664,10.43232934375,64,,
cost_usd,luna,1.01192188,10.416341375,64,,
cost_usd,luna,1.01466772,10.423368421875,64,,
cost_usd,luna,1.01558476,10.42287946875,64,,
cost_usd,luna,1.01845548,10.430336515625,64,,
cost_usd,luna,1.02603528,10.432013390625,64,,
cost_usd,luna,1.03129224,10.47013415625,64,,
cost_usd,luna,1.03956768,10.50741809375,64,,
cost_usd,luna,1.04336668,10.50886121875,64,,
cost_usd,luna,1.0448084,10.597749265625,64,,
cost_usd,luna,1.04664812,10.598198796875,64,,
cost_usd,luna,1.05608392,10.600284890625,64,,
cost_usd,luna,1.05966084,10.60070065625,64,,
cost_usd,luna,1.06141764,10.635487296875,64,,
cost_usd,luna,1.06298692,10.644319609375,64,,
cost_usd,luna,1.07166016,10.663209296875,64,,
cost_usd,luna,1.07392704,10.6964815625,64,,
cost_usd,luna,1.07820664,10.697628015625,64,,
cost_usd,luna,1.10455368,10.697646296875,64,,
cost_usd,luna,1.1120552,10.707577703125,64,,
cost_usd,luna,1.11777228,10.71091925,64,,
cost_usd,luna,1.12112768,10.71160846875,64,,
cost_usd,luna,1.12229832,10.722774765625,64,,
cost_usd,luna,1.12604956,10.7510689375,64,,
cost_usd,luna,1.12825088,10.75652965625,64,,
cost_usd,luna,1.13092784,10.76257915625,64,,
cost_usd,luna,1.13440884,10.762679265625,64,,
cost_usd,luna,1.13511324,10.7721815625,64,,
cost_usd,luna,1.13601836,10.773217234375,64,,
cost_usd,luna,1.14341784,10.77187303125,64,,
cost_usd,luna,1.15484748,10.772978578125,64,,
cost_usd,luna,1.15636412,10.777309328125,64,,
cost_usd,luna,1.15843624,10.802371984375,64,,
cost_usd,luna,1.16192336,10.95235209375,64,,
cost_usd,luna,1.17011628,11.121886359375,64,,
cost_usd,luna,1.17482848,11.1430133125,64,,
cost_usd,luna,1.17649468,11.153865265625,64,,
cost_usd,luna,1.18128912,11.16413728125,64,,
cost_usd,luna,1.18163024,11.167187140625,64,,
cost_usd,luna,1.18327308,11.190140859375001,64,,
cost_usd,luna,1.19196708,11.1943834375,64,,
cost_usd,luna,1.194633,11.2058388125,64,,
cost_usd,luna,1.19624212,11.25222471875,64,,
cost_usd,luna,1.19676436,11.25614821875,64,,
cost_usd,luna,1.198825,11.265774546875,64,,
cost_usd,luna,1.21008792,11.265245015625,64,,
cost_usd,luna,1.21104704,11.26874478125,64,,
cost_usd,luna,1.21166632,11.269065984375,64,,
cost_usd,luna,1.21861316,11.269065984375,64,,
cost_usd,luna,1.22196564,11.272080890625,64,,
cost_usd,luna,1.22430808,11.272080890625,64,,
cost_usd,luna,1.23045692,11.38808078125,64,,
cost_usd,luna,1.23989216,11.390081875,64,,
cost_usd,luna,1.24370564,11.395881078125,64,,
cost_usd,luna,1.26713096,11.397975671875,64,,
cost_usd,luna,1.26853216,11.398231359375,64,,
cost_usd,luna,1.2783756,11.406043859375,64,,
cost_usd,luna,1.28105268,11.40631015625,64,,
cost_usd,luna,1.28139484,11.415315203125001,64,,
cost_usd,luna,1.28823328,11.415315203125001,64,,
cost_usd,luna,1.2996856,11.417383828125,64,,
cost_usd,luna,1.30172776,11.4457774375,64,,
cost_usd,luna,1.31054324,11.453173453125,64,,
cost_usd,luna,1.31058988,11.500145296875,64,,
cost_usd,luna,1.31287508,11.520704515625,64,,
cost_usd,luna,1.31483896,11.5225818125,64,,
cost_usd,luna,1.31640996,11.5239931875,64,,
cost_usd,luna,1.31708836,11.526031859375,64,,
cost_usd,luna,1.33030816,11.5312713125,64,,
cost_usd,luna,1.33085448,11.531346484375,64,,
cost_usd,luna,1.3314456,11.57575371875,64,,
cost_usd,luna,1.33704992,11.575899890625,64,,
cost_usd,luna,1.34073372,11.577375265625,64,,
cost_usd,luna,1.3419944,11.586548765625,64,,
cost_usd,luna,1.35781992,11.70112165625,64,,
cost_usd,luna,1.3608762,11.711992484375,64,,
cost_usd,luna,1.36451408,11.72605175,64,,
cost_usd,luna,1.36585724,11.739571390625,64,,
cost_usd,luna,1.36829948,11.760771828125,64,,
cost_usd,luna,1.3766544,11.765958765625,64,,
cost_usd,luna,1.3769786,11.736648640625,64,,
cost_usd,luna,1.39651156,11.7415436875,64,,
cost_usd,luna,1.404704,11.75388046875,64,,
cost_usd,luna,1.40662704,11.7567885,64,,
cost_usd,luna,1.40970068,11.757779296875,64,,
cost_usd,luna,1.41024692,11.775338765625,64,,
cost_usd,luna,1.411156,11.775449328125001,64,,
cost_usd,luna,1.41324684,11.779407984375,64,,
cost_usd,luna,1.4184316,11.801225390625,64,,
cost_usd,luna,1.4260104,11.801225390625,64,,
cost_usd,luna,1.43400356,11.80915715625,64,,
cost_usd,luna,1.43417564,11.8100719375,64,,
cost_usd,luna,1.43688992,11.812049578125,64,,
cost_usd,luna,1.45041896,11.8123543125,64,,
cost_usd,luna,1.45318772,11.819295171875,64,,
cost_usd,luna,1.4566422,11.8263325,64,,
cost_usd,luna,1.45768444,11.82680565625,64,,
cost_usd,luna,1.45832132,11.836111296875,64,,
cost_usd,luna,1.46297024,11.8615719375,64,,
cost_usd,luna,1.47043912,11.865975515625,64,,
cost_usd,luna,1.47047808,11.874450203125,64,,
cost_usd,luna,1.47081088,11.880518953125,64,,
cost_usd,luna,1.48176376,11.8810923125,64,,
cost_usd,luna,1.48467048,11.904975046875,64,,
cost_usd,luna,1.4943418,11.910704375,64,,
cost_usd,luna,1.51132524,11.910704375,64,,
cost_usd,luna,1.51705052,11.91806096875,64,,
cost_usd,luna,1.52398308,11.9336619375,64,,
cost_usd,luna,1.5318762,11.934401609375,64,,
cost_usd,luna,1.53421604,11.972596953125,64,,
cost_usd,luna,1.53689148,11.974126375,64,,
cost_usd,luna,1.54752076,11.974890125,64,,
cost_usd,luna,1.54802724,11.97623534375,64,,
cost_usd,luna,1.5560908,11.98726665625,64,,
cost_usd,luna,1.5626086,11.99935284375,64,,
cost_usd,luna,1.56384104,12.018022406250001,64,,
cost_usd,luna,1.56495836,12.01852396875,64,,
cost_usd,luna,1.57445996,12.041299546875,64,,
cost_usd,luna,1.57603104,12.04365490625,64,,
cost_usd,luna,1.58426952,12.048676453125001,64,,
cost_usd,luna,1.58583272,12.053617546875,64,,
cost_usd,luna,1.58766484,12.06399765625,64,,
cost_usd,luna,1.5887586,12.09672140625,64,,
cost_usd,luna,1.59054468,12.14030353125,64,,
cost_usd,luna,1.59215052,12.1555226875,64,,
cost_usd,luna,1.59431792,12.15704390625,64,,
cost_usd,luna,1.60627024,12.1623875625,64,,
cost_usd,luna,1.61199472,12.17056234375,64,,
cost_usd,luna,1.62356856,12.171959734375,64,,
cost_usd,luna,1.62577712,12.182617125,64,,
cost_usd,luna,1.64511472,12.18190459375,64,,
cost_usd,luna,1.6485442,12.181953734375,64,,
cost_usd,luna,1.6495242,12.18203403125,64,,
cost_usd,luna,1.65163288,12.204309875,64,,
cost_usd,luna,1.651703,12.213167046875,64,,
cost_usd,luna,1.65402756,12.213175,64,,
cost_usd,luna,1.65574724,12.22753578125,64,,
cost_usd,luna,1.65816108,12.227815375,64,,
cost_usd,luna,1.658177,12.23837203125,64,,
cost_usd,luna,1.6628784,12.240041390625,64,,
cost_usd,luna,1.66363756,12.240041390625,64,,
cost_usd,luna,1.66460804,12.24424478125,64,,
cost_usd,luna,1.66837704,12.2462605625,64,,
cost_usd,luna,1.67321324,12.2504371875,64,,
cost_usd,luna,1.68454892,12.25552871875,64,,
cost_usd,luna,1.68728324,12.255947,64,,
cost_usd,luna,1.68914404,12.25671503125,64,,
cost_usd,luna,1.69348516,12.260593671875,64,,
cost_usd,luna,1.6959252,12.2512249375,64,,
cost_usd,luna,1.7053456,12.25201575,64,,
cost_usd,luna,1.71169688,12.25287115625,64,,
cost_usd,luna,1.71322952,12.255728859375001,64,,
cost_usd,luna,1.71381788,12.24717384375,64,,
cost_usd,luna,1.7214654,12.242152296875,64,,
cost_usd,luna,1.74526668,12.24321546875,64,,
cost_usd,luna,1.75115736,12.260978359375,64,,
cost_usd,luna,1.75655056,12.270913671875,64,,
cost_usd,luna,1.75839312,12.271000515625,64,,
cost_usd,luna,1.76360504,12.273210296875,64,,
cost_usd,luna,1.76366128,12.27904671875,64,,
cost_usd,luna,1.76429964,12.2868336875,64,,
cost_usd,luna,1.76575732,12.29018315625,64,,
cost_usd,luna,1.77491932,12.29018315625,64,,
cost_usd,luna,1.77527568,12.290281437500001,64,,
cost_usd,luna,1.78013832,12.291790515625,64,,
cost_usd,luna,1.78998832,12.299559453125,64,,
cost_usd,luna,1.79507132,12.303926546875,64,,
cost_usd,luna,1.79509316,12.3043413125,64,,
cost_usd,luna,1.80507044,12.309282390625,64,,
cost_usd,luna,1.80636932,12.31113659375,64,,
cost_usd,luna,1.80815796,12.313422578125,64,,
cost_usd,luna,1.81529424,12.321957828125,64,,
cost_usd,luna,1.81701904,12.320059875,64,,
cost_usd,luna,1.81809636,12.320820671875,64,,
cost_usd,luna,1.83122076,12.327736375,64,,
cost_usd,luna,1.8387468,12.330724890625,64,,
cost_usd,luna,1.84234924,12.3552049375,64,,
cost_usd,luna,1.86616764,12.37450959375,64,,
cost_usd,luna,1.86668812,12.375111640625,64,,
cost_usd,luna,1.8882182,12.375111640625,64,,
cost_usd,luna,1.8904942,12.37671346875,64,,
cost_usd,luna,1.897056,12.3802111875,64,,
cost_usd,luna,1.9012554,12.38073071875,64,,
cost_usd,luna,1.9189362,12.386734,64,,
cost_usd,luna,1.93012804,12.41210584375,64,,
cost_usd,luna,1.93116072,12.416153875000001,64,,
cost_usd,luna,1.93586216,12.42154703125,64,,
cost_usd,luna,1.93872912,12.4425828125,64,,
cost_usd,luna,1.94456228,12.4427394375,64,,
cost_usd,luna,1.94640884,12.4429605625,64,,
cost_usd,luna,1.94748388,12.448743203125,64,,
cost_usd,luna,1.958359,12.45152434375,64,,
cost_usd,luna,1.975241,12.45780128125,64,,
cost_usd,luna,1.98905804,12.458548546875,64,,
cost_usd,luna,1.99200316,12.466614890625,64,,
cost_usd,luna,1.9926672,12.470674109375,64,,
cost_usd,luna,2.007306,12.482324703125,64,,
cost_usd,luna,2.01347236,12.492071921875,64,,
cost_usd,luna,2.01739584,12.492426984375,64,,
cost_usd,luna,2.02818784,12.492426984375,64,,
cost_usd,luna,2.03163764,12.49359290625,64,,
cost_usd,luna,2.04551956,12.50901309375,64,,
cost_usd,luna,2.06496396,12.51148803125,64,,
cost_usd,luna,2.06580572,12.569758953125,64,,
cost_usd,luna,2.07119876,12.578709953125,64,,
cost_usd,luna,2.072742,12.581409515625,64,,
cost_usd,luna,2.08351488,12.5815834375,64,,
cost_usd,luna,2.08739368,12.58587478125,64,,
cost_usd,luna,2.1154452,12.5870383125,64,,
cost_usd,luna,2.11969568,12.5870383125,64,,
cost_usd,luna,2.12339588,12.598963703125,64,,
cost_usd,luna,2.13642988,12.612761656250001,64,,
cost_usd,luna,2.14019084,12.616646125,64,,
cost_usd,luna,2.1408718,12.632338453125,64,,
cost_usd,luna,2.14131828,12.634189453125,64,,
cost_usd,luna,2.1486478,12.634189453125,64,,
cost_usd,luna,2.17519788,12.636043671875,64,,
cost_usd,luna,2.17832476,12.641621515625,64,,
cost_usd,luna,2.18034476,12.64283196875,64,,
cost_usd,luna,2.1919272,12.64283196875,64,,
cost_usd,luna,2.19952908,12.642859140625,64,,
cost_usd,luna,2.21200332,12.643343390625,64,,
cost_usd,luna,2.22589788,12.675544421875,64,,
cost_usd,luna,2.233873,12.67642371875,64,,
cost_usd,luna,2.23930952,12.69867115625,64,,
cost_usd,luna,2.24191636,12.701174015625,64,,
cost_usd,luna,2.24529168,12.70319,64,,
cost_usd,luna,2.2503196,12.7075421875,64,,
cost_usd,luna,2.2592356,12.7083066875,64,,
cost_usd,luna,2.26304016,12.71008225,64,,
cost_usd,luna,2.29586344,12.71008225,64,,
cost_usd,luna,2.3092726,12.71008225,64,,
cost_usd,luna,2.31582536,12.71303096875,64,,
cost_usd,luna,2.3360722,12.717145234375,64,,
cost_usd,luna,2.34906948,12.733576984375,64,,
cost_usd,luna,2.35436248,12.741469296875,64,,
cost_usd,luna,2.37970924,12.747802953125,64,,
cost_usd,luna,2.38044032,12.74872234375,64,,
cost_usd,luna,2.40656076,12.75020259375,64,,
cost_usd,luna,2.42516864,12.75020425,64,,
cost_usd,luna,2.43201712,12.753637328125,64,,
cost_usd,luna,2.43284732,12.754708578125,64,,
cost_usd,luna,2.44350252,12.756286109374999,64,,
cost_usd,luna,2.47833844,12.760627609375,64,,
cost_usd,luna,2.51023768,12.772244234375,64,,
cost_usd,luna,2.51449248,12.772311359375,64,,
cost_usd,luna,2.536865,12.77394934375,64,,
cost_usd,luna,2.5550944,12.776646765625,64,,
cost_usd,luna,2.58734712,12.785369609375,64,,
cost_usd,luna,2.59938508,12.7937629375,64,,
cost_usd,luna,2.61722124,12.793755765625,64,,
cost_usd,luna,2.62612888,12.803451984375,64,,
cost_usd,luna,2.62691904,12.824549171875,64,,
cost_usd,luna,2.62859524,12.82131690625,64,,
cost_usd,luna,2.67464992,12.8194004375,64,,
cost_usd,luna,2.68464604,12.821821359375,64,,
cost_usd,luna,2.695024,12.832495609375,64,,
cost_usd,luna,2.69731376,12.836579671875,64,,
cost_usd,luna,2.69907364,12.83781825,64,,
cost_usd,luna,2.72080768,12.842214046875,64,,
cost_usd,luna,2.72932076,12.844387234375,64,,
cost_usd,luna,2.7382072,12.8446420625,64,,
cost_usd,luna,2.75107636,12.8446420625,64,,
cost_usd,luna,2.75351452,12.846700046875,64,,
cost_usd,luna,2.761643,12.86853359375,64,,
cost_usd,luna,2.78479232,12.87221696875,64,,
cost_usd,luna,2.79035064,12.87221696875,64,,
cost_usd,luna,2.84378824,12.874687515625,64,,
cost_usd,luna,2.84465128,12.8792310625,64,,
cost_usd,luna,2.85293088,12.8792310625,64,,
cost_usd,luna,2.8555224,12.905490703125,64,,
cost_usd,luna,2.85835584,12.907266578125,64,,
cost_usd,luna,2.86756708,12.915535359375,64,,
cost_usd,luna,2.88785464,12.91635434375,64,,
cost_usd,luna,2.90506612,12.916641578125,64,,
cost_usd,luna,2.90862752,12.916641578125,64,,
cost_usd,luna,2.94366548,12.916976046875,64,,
cost_usd,luna,2.9514636,12.919672609375,64,,
cost_usd,luna,2.95557152,12.928659796875,64,,
cost_usd,luna,2.96113984,12.931438953125,64,,
cost_usd,luna,2.96984548,12.939908203125,64,,
cost_usd,luna,3.00034972,12.94076725,64,,
cost_usd,luna,3.0015666,12.940920125,64,,
cost_usd,luna,3.01471116,12.942726546875,64,,
cost_usd,luna,3.02222136,12.95172253125,64,,
cost_usd,luna,3.02591048,12.95738975,64,,
cost_usd,luna,3.04244436,12.96086834375,64,,
cost_usd,luna,3.04825424,12.96163153125,64,,
cost_usd,luna,3.06452996,12.96163153125,64,,
cost_usd,luna,3.06982812,12.96411215625,64,,
cost_usd,luna,3.07616528,12.968397140625,64,,
cost_usd,luna,3.09012896,12.970416078125,64,,
cost_usd,luna,3.11185928,12.971076171875,64,,
cost_usd,luna,3.1132252,12.96708590625,64,,
cost_usd,luna,3.11808324,12.97242534375,64,,
cost_usd,luna,3.12683792,12.97397840625,64,,
cost_usd,luna,3.15677968,12.974880453125,64,,
cost_usd,luna,3.16232896,12.975609875,64,,
cost_usd,luna,3.1945972,12.975609875,64,,
cost_usd,luna,3.25199992,12.99082890625,64,,
cost_usd,luna,3.28039796,12.9925611875,64,,
cost_usd,luna,3.28261724,12.99585065625,64,,
cost_usd,luna,3.29361756,13.0053998125,64,,
cost_usd,luna,3.3381834,13.00578596875,64,,
cost_usd,luna,3.3479024,13.013484078125,64,,
cost_usd,luna,3.37009236,13.011289171875,64,,
cost_usd,luna,3.3702842,13.015684953125,64,,
cost_usd,luna,3.3710382,13.015684953125,64,,
cost_usd,luna,3.37407384,13.021806234375,64,,
cost_usd,luna,3.41278872,13.032819453125,64,,
cost_usd,luna,3.43709292,13.035763125,64,,
cost_usd,luna,3.45100652,13.0358445,64,,
cost_usd,luna,3.46315816,13.035340671875,64,,
cost_usd,luna,3.53730352,13.053256296875,64,,
cost_usd,luna,3.55964268,13.07276375,64,,
cost_usd,luna,3.58058256,13.073755625,64,,
cost_usd,luna,3.63140412,13.073755625,64,,
cost_usd,luna,3.65150632,13.07502903125,64,,
cost_usd,luna,3.65363236,13.075142109375,64,,
cost_usd,luna,3.6705532,13.077062953125,64,,
cost_usd,luna,3.679688,13.077647546875,64,,
cost_usd,luna,3.69524168,13.082352609375,64,,
cost_usd,luna,3.74487388,13.09692640625,64,,
cost_usd,luna,3.78490736,13.10553328125,64,,
cost_usd,luna,3.82580888,13.0998410625,64,,
cost_usd,luna,3.83560376,13.10134390625,64,,
cost_usd,luna,3.91632296,13.11080040625,64,,
cost_usd,luna,4.02243128,13.09997375,64,,
cost_usd,luna,4.03167952,13.101461390625,64,,
cost_usd,luna,4.033972,13.101449921875,64,,
cost_usd,luna,4.03427992,13.109909046875,64,,
cost_usd,luna,4.1205984,13.1105434375,64,,
cost_usd,luna,4.18735048,13.13906175,64,,
cost_usd,luna,4.18976616,13.145489203125,64,,
cost_usd,luna,4.22208896,13.14918321875,64,,
cost_usd,luna,4.26820788,13.15698865625,64,,
cost_usd,luna,4.26970976,13.158984796875,64,,
cost_usd,luna,4.36903724,13.178592921875,64,,
cost_usd,luna,4.37143076,13.211686875,64,,
cost_usd,luna,4.38113024,13.217079578125,64,,
cost_usd,luna,4.48973968,13.217079578125,64,,
cost_usd,luna,4.52578924,13.22472603125,64,,
cost_usd,luna,4.56786676,13.234294734375,64,,
cost_usd,luna,4.61027964,13.2402156875,64,,
cost_usd,luna,4.67629668,13.246347625,64,,
cost_usd,luna,4.77707348,13.253598765625,64,,
cost_usd,luna,4.82284508,13.25489165625,64,,
cost_usd,luna,4.95068836,13.257625171875,64,,
cost_usd,luna,5.07820616,13.26586265625,64,,
cost_usd,luna,5.08988304,13.281140859375,64,,
cost_usd,luna,5.22916328,13.295214765625,64,,
cost_usd,luna,5.40401208,13.30256571875,64,,
cost_usd,luna,5.46446252,13.3048918125,64,,
cost_usd,luna,5.52120332,13.316749359375,64,,
cost_usd,luna,5.54603428,13.32044996875,64,,
cost_usd,luna,5.82010072,13.329869515625,64,,
cost_usd,luna,6.150907,13.332750796875,64,,
cost_usd,luna,6.28678472,13.332085875,64,,
cost_usd,luna,6.34998192,13.330793,64,,
cost_usd,luna,701.0,13.330793,64,,
cost_usd,muse,0.0,0.0,64,,
cost_usd,muse,0.23372405,0.0,64,,
cost_usd,muse,0.27117484999999997,0.297952890625,64,,
cost_usd,muse,0.27200519999999995,0.31796839062500004,64,,
cost_usd,muse,0.32942835,1.415209265625,64,,
cost_usd,muse,0.33858404999999997,1.40267815625,64,,
cost_usd,muse,0.3933597,2.0733152812499998,64,,
cost_usd,muse,0.4159609,2.07804390625,64,,
cost_usd,muse,0.4340508,2.006873390625,64,,
cost_usd,muse,0.4831311,2.006873390625,64,,
cost_usd,muse,0.49607,2.006873390625,64,,
cost_usd,muse,0.49615669999999995,2.015446484375,64,,
cost_usd,muse,0.5265399000000001,2.035303859375,64,,
cost_usd,muse,0.53079735,2.123088234375,64,,
cost_usd,muse,0.5738776999999999,2.149696859375,64,,
cost_usd,muse,0.60157185,2.16538765625,64,,
cost_usd,muse,0.60652515,2.424905484375,64,,
cost_usd,muse,0.63861965,2.5083021875,64,,
cost_usd,muse,0.68220705,2.51819271875,64,,
cost_usd,muse,0.68242995,2.519334078125,64,,
cost_usd,muse,0.6855266,2.592618875,64,,
cost_usd,muse,0.68952055,2.604954390625,64,,
cost_usd,muse,0.6987423999999999,2.616701125,64,,
cost_usd,muse,0.701223,2.616701125,64,,
cost_usd,muse,0.7181382,2.42331503125,64,,
cost_usd,muse,0.76840135,2.46776896875,64,,
cost_usd,muse,0.7951274,2.526313765625,64,,
cost_usd,muse,0.8012570999999999,2.5324141406250003,64,,
cost_usd,muse,0.80494345,2.55464034375,64,,
cost_usd,muse,0.8166093,2.67487215625,64,,
cost_usd,muse,0.8392113,2.852449125,64,,
cost_usd,muse,0.843736,2.983198375,64,,
cost_usd,muse,0.8471915999999999,2.987629546875,64,,
cost_usd,muse,0.84725,2.987629546875,64,,
cost_usd,muse,0.8488401499999999,3.057753890625,64,,
cost_usd,muse,0.8679289499999999,3.283340421875,64,,
cost_usd,muse,0.86975295,3.5923934375,64,,
cost_usd,muse,0.87252615,3.8969415,64,,
cost_usd,muse,0.93008685,3.900093984375,64,,
cost_usd,muse,0.9374139,3.941456953125,64,,
cost_usd,muse,0.9486389,3.941456953125,64,,
cost_usd,muse,0.975117,4.31749721875,64,,
cost_usd,muse,1.0016563,4.31749721875,64,,
cost_usd,muse,1.00992125,4.3211399375,64,,
cost_usd,muse,1.0173531,4.33420525,64,,
cost_usd,muse,1.04350515,4.33420525,64,,
cost_usd,muse,1.0786800499999998,4.52288309375,64,,
cost_usd,muse,1.0875669,4.563650078125,64,,
cost_usd,muse,1.1124806999999999,4.584853296875,64,,
cost_usd,muse,1.1172006,4.59793275,64,,
cost_usd,muse,1.1232963999999999,4.68840734375,64,,
cost_usd,muse,1.13060605,4.707528,64,,
cost_usd,muse,1.14436135,4.73788553125,64,,
cost_usd,muse,1.1598088500000001,4.960428875,64,,
cost_usd,muse,1.183936,4.9666115,64,,
cost_usd,muse,1.2040643999999998,5.0396905625,64,,
cost_usd,muse,1.22395275,5.0396905625,64,,
cost_usd,muse,1.23929825,5.1054969375,64,,
cost_usd,muse,1.24012675,5.11844984375,64,,
cost_usd,muse,1.30110715,5.12224175,64,,
cost_usd,muse,1.3141907,5.17946340625,64,,
cost_usd,muse,1.3158377999999997,5.17946340625,64,,
cost_usd,muse,1.31868495,5.2922926875,64,,
cost_usd,muse,1.3491997999999998,5.344103328125,64,,
cost_usd,muse,1.36746275,5.351356921875,64,,
cost_usd,muse,1.36826925,5.35084375,64,,
cost_usd,muse,1.37470435,5.35084375,64,,
cost_usd,muse,1.37551185,5.352475671875,64,,
cost_usd,muse,1.3825205499999997,5.390431125,64,,
cost_usd,muse,1.4064914,5.390431125,64,,
cost_usd,muse,1.40707495,5.5113705625,64,,
cost_usd,muse,1.414466,5.53146559375,64,,
cost_usd,muse,1.42032265,5.553875140625,64,,
cost_usd,muse,1.44133915,5.554242640625,64,,
cost_usd,muse,1.441715,5.607605484375,64,,
cost_usd,muse,1.45175345,5.6151016875,64,,
cost_usd,muse,1.4569737,5.6151016875,64,,
cost_usd,muse,1.4686795,5.648800640625,64,,
cost_usd,muse,1.4724575,5.648800640625,64,,
cost_usd,muse,1.4817381,5.779838734375,64,,
cost_usd,muse,1.50103645,5.821390828125,64,,
cost_usd,muse,1.5078255,5.831003203125,64,,
cost_usd,muse,1.5174142999999998,6.063892125,64,,
cost_usd,muse,1.5229582999999998,5.991310203125,64,,
cost_usd,muse,1.539988,6.01520809375,64,,
cost_usd,muse,1.5561676,6.630697203125,64,,
cost_usd,muse,1.58122345,6.931443890625,64,,
cost_usd,muse,1.5874880499999997,6.94366503125,64,,
cost_usd,muse,1.6184541,7.211006078125,64,,
cost_usd,muse,1.6203585999999999,7.2248041875,64,,
cost_usd,muse,1.6452823499999998,7.25240278125,64,,
cost_usd,muse,1.664494,7.25492496875,64,,
cost_usd,muse,1.6669220499999997,7.26546815625,64,,
cost_usd,muse,1.67143625,7.294477140625,64,,
cost_usd,muse,1.72649795,7.5561592031250004,64,,
cost_usd,muse,1.755515,7.605786609375,64,,
cost_usd,muse,1.76211765,7.605786609375,64,,
cost_usd,muse,1.76785835,7.613740796875,64,,
cost_usd,muse,1.7822571999999999,7.63520196875,64,,
cost_usd,muse,1.8005646499999999,7.638067875,64,,
cost_usd,muse,1.8039465,7.638067875,64,,
cost_usd,muse,1.80551365,7.639789859375,64,,
cost_usd,muse,1.8222772,7.6398338125,64,,
cost_usd,muse,1.8223486,7.665003515625,64,,
cost_usd,muse,1.8229646499999999,7.71737459375,64,,
cost_usd,muse,1.83164865,7.73403359375,64,,
cost_usd,muse,1.84257415,7.735427953125,64,,
cost_usd,muse,1.85105695,7.7438625,64,,
cost_usd,muse,1.8628788499999998,7.760204921875,64,,
cost_usd,muse,1.8649588499999998,7.79786653125,64,,
cost_usd,muse,1.8745834,7.80033553125,64,,
cost_usd,muse,1.8886686,7.85163565625,64,,
cost_usd,muse,1.90643065,7.899693296875,64,,
cost_usd,muse,1.9112289,7.899781203125,64,,
cost_usd,muse,1.9361491499999999,7.9263182343750005,64,,
cost_usd,muse,1.9370564,8.1647443125,64,,
cost_usd,muse,1.95786365,8.48112921875,64,,
cost_usd,muse,1.958453,8.4879864375,64,,
cost_usd,muse,1.96744475,8.488582953125,64,,
cost_usd,muse,1.9763380999999998,8.508382484375,64,,
cost_usd,muse,1.98418575,8.512359578125,64,,
cost_usd,muse,2.00874185,8.575698328125,64,,
cost_usd,muse,2.00987745,8.289643296875,64,,
cost_usd,muse,2.01697845,8.297338109375,64,,
cost_usd,muse,2.036329,8.35658665625,64,,
cost_usd,muse,2.07251215,8.406363109375,64,,
cost_usd,muse,2.0763113499999997,8.406363109375,64,,
cost_usd,muse,2.0840741,8.519783,64,,
cost_usd,muse,2.0880934,8.531436234375,64,,
cost_usd,muse,2.0959977,8.540875125,64,,
cost_usd,muse,2.1015668499999998,8.56127571875,64,,
cost_usd,muse,2.1299117,8.574991125,64,,
cost_usd,muse,2.1301070999999996,8.58935709375,64,,
cost_usd,muse,2.1446231499999997,8.613856515625,64,,
cost_usd,muse,2.1541006499999997,8.631428484375,64,,
cost_usd,muse,2.1611795999999996,8.6542808125,64,,
cost_usd,muse,2.1891429,8.68253153125,64,,
cost_usd,muse,2.2102669500000003,8.743204531249999,64,,
cost_usd,muse,2.2165876499999997,8.74331375,64,,
cost_usd,muse,2.3072519,8.74331375,64,,
cost_usd,muse,2.30823425,8.7680020625,64,,
cost_usd,muse,2.3096265,8.77041846875,64,,
cost_usd,muse,2.3204008,8.784856984375,64,,
cost_usd,muse,2.3586837999999997,8.754609468750001,64,,
cost_usd,muse,2.3653664,8.78954440625,64,,
cost_usd,muse,2.3795243,8.7959803125,64,,
cost_usd,muse,2.38747445,8.78434484375,64,,
cost_usd,muse,2.39874735,9.35990284375,64,,
cost_usd,muse,2.41982465,9.378520140625,64,,
cost_usd,muse,2.4240185999999997,9.412014625,64,,
cost_usd,muse,2.44267665,9.41578078125,64,,
cost_usd,muse,2.44347215,9.4210881875,64,,
cost_usd,muse,2.47842285,9.440242265625,64,,
cost_usd,muse,2.48825205,9.441496203125,64,,
cost_usd,muse,2.49971805,9.5021224375,64,,
cost_usd,muse,2.5082872000000003,9.505121953125,64,,
cost_usd,muse,2.5104870499999996,9.493386515625,64,,
cost_usd,muse,2.52239975,10.19209071875,64,,
cost_usd,muse,2.5468548499999994,10.226082984375,64,,
cost_usd,muse,2.55523375,10.228820140625,64,,
cost_usd,muse,2.5564260999999995,10.2424281875,64,,
cost_usd,muse,2.57532975,10.664878999999999,64,,
cost_usd,muse,2.5756749,10.7308740625,64,,
cost_usd,muse,2.62576995,10.731630046875,64,,
cost_usd,muse,2.6346909,10.732373140625,64,,
cost_usd,muse,2.65052625,10.734101796875,64,,
cost_usd,muse,2.67103705,10.439304109375,64,,
cost_usd,muse,2.6927984,10.439923609375,64,,
cost_usd,muse,2.73994905,10.45443009375,64,,
cost_usd,muse,2.74754815,10.459418765625,64,,
cost_usd,muse,2.7556760999999996,10.504357921875,64,,
cost_usd,muse,2.76507445,10.51040290625,64,,
cost_usd,muse,2.7714423999999998,10.543521109375,64,,
cost_usd,muse,2.7868050999999996,10.571054546875,64,,
cost_usd,muse,2.78768195,10.74162871875,64,,
cost_usd,muse,2.8366105499999996,10.756021859375,64,,
cost_usd,muse,2.8811776499999997,10.7928655,64,,
cost_usd,muse,2.9185217,11.1376714375,64,,
cost_usd,muse,2.9281229499999997,11.154314609375,64,,
cost_usd,muse,2.9582734,11.165117296875,64,,
cost_usd,muse,2.9792573499999997,11.1807319375,64,,
cost_usd,muse,3.0058768,11.316397171875,64,,
cost_usd,muse,3.01726285,11.316397171875,64,,
cost_usd,muse,3.0296130999999997,11.35360215625,64,,
cost_usd,muse,3.03792625,11.420323640625,64,,
cost_usd,muse,3.0396299499999997,11.546755171875,64,,
cost_usd,muse,3.09148,11.5628449375,64,,
cost_usd,muse,3.1076892,11.5646004375,64,,
cost_usd,muse,3.1246294,11.6149604375,64,,
cost_usd,muse,3.1493484,11.6149604375,64,,
cost_usd,muse,3.1497153,11.7812561875,64,,
cost_usd,muse,3.1744527999999996,11.787749328125,64,,
cost_usd,muse,3.2093708,11.793487359375,64,,
cost_usd,muse,3.23339125,11.800763703125,64,,
cost_usd,muse,3.2338416,11.82099640625,64,,
cost_usd,muse,3.2350135499999997,11.96735178125,64,,
cost_usd,muse,3.2480762999999997,12.0090184375,64,,
cost_usd,muse,3.29807675,12.016350125,64,,
cost_usd,muse,3.32137615,12.020596046875,64,,
cost_usd,muse,3.3316353,12.022906015625,64,,
cost_usd,muse,3.3642536499999998,12.03636971875,64,,
cost_usd,muse,3.3718000499999996,12.061389078125,64,,
cost_usd,muse,3.38496735,12.074077484375,64,,
cost_usd,muse,3.3977196000000003,12.081542109375,64,,
cost_usd,muse,3.40450315,12.081925078125,64,,
cost_usd,muse,3.44687035,12.11229253125,64,,
cost_usd,muse,3.4596725499999996,12.138982828125,64,,
cost_usd,muse,3.48000675,12.19120321875,64,,
cost_usd,muse,3.4841094,12.223453125,64,,
cost_usd,muse,3.50618245,12.230782453125,64,,
cost_usd,muse,3.57718115,12.36181434375,64,,
cost_usd,muse,3.6268023,12.36677709375,64,,
cost_usd,muse,3.6297086000000003,12.370924796875,64,,
cost_usd,muse,3.6405626,12.374640296875,64,,
cost_usd,muse,3.6409048,12.465990640625,64,,
cost_usd,muse,3.71267565,12.468808671875,64,,
cost_usd,muse,3.7193861,12.5209050625,64,,
cost_usd,muse,3.73649025,12.551301984375,64,,
cost_usd,muse,3.7433109499999997,12.554312984375,64,,
cost_usd,muse,3.7446015499999996,12.612353921875,64,,
cost_usd,muse,3.759358,12.622818578124999,64,,
cost_usd,muse,3.78035095,12.637465015625,64,,
cost_usd,muse,3.84083315,12.678266203125,64,,
cost_usd,muse,3.8739044499999995,12.632941546875,64,,
cost_usd,muse,3.9007756000000002,12.64656453125,64,,
cost_usd,muse,3.9171836,12.374294125,64,,
cost_usd,muse,3.940277,12.430233359375,64,,
cost_usd,muse,3.9653716,12.43523834375,64,,
cost_usd,muse,3.9709325,12.448695609375,64,,
cost_usd,muse,3.9759767,12.485705921875,64,,
cost_usd,muse,3.99986155,12.49032821875,64,,
cost_usd,muse,4.0006756,12.496487578125,64,,
cost_usd,muse,4.0281526,12.52995559375,64,,
cost_usd,muse,4.0282808999999995,12.549122640625,64,,
cost_usd,muse,4.0290663,12.568907546875,64,,
cost_usd,muse,4.03508055,12.646126171875,64,,
cost_usd,muse,4.03591325,12.693704734375,64,,
cost_usd,muse,4.04996775,12.6943584375,64,,
cost_usd,muse,4.07417685,12.695282765625,64,,
cost_usd,muse,4.08230105,12.693554109375,64,,
cost_usd,muse,4.08581885,12.6990379375,64,,
cost_usd,muse,4.085996,12.700060515625,64,,
cost_usd,muse,4.0905508,12.711211984375,64,,
cost_usd,muse,4.1296229,12.752758234375,64,,
cost_usd,muse,4.1381318,12.783473234375,64,,
cost_usd,muse,4.1731945,12.783473234375,64,,
cost_usd,muse,4.1817243500000005,12.797464171875,64,,
cost_usd,muse,4.18365605,12.797464171875,64,,
cost_usd,muse,4.20158825,12.80815496875,64,,
cost_usd,muse,4.20677395,12.80828096875,64,,
cost_usd,muse,4.25666075,12.8096154375,64,,
cost_usd,muse,4.2607262,12.830181796875,64,,
cost_usd,muse,4.285329699999999,12.933355703125,64,,
cost_usd,muse,4.3338804,12.938582921875,64,,
cost_usd,muse,4.363726150000001,12.93962334375,64,,
cost_usd,muse,4.379110699999999,12.95509175,64,,
cost_usd,muse,4.4274261500000005,12.964673843749999,64,,
cost_usd,muse,4.43371275,12.969619296874999,64,,
cost_usd,muse,4.4983927999999995,13.052607328125,64,,
cost_usd,muse,4.51409665,13.052705796875,64,,
cost_usd,muse,4.539615199999999,13.077768453125,64,,
cost_usd,muse,4.554751349999999,13.084744515625,64,,
cost_usd,muse,4.565831,13.084744515625,64,,
cost_usd,muse,4.56747285,13.088697875,64,,
cost_usd,muse,4.619173449999999,13.105762015625,64,,
cost_usd,muse,4.6590669,13.105762015625,64,,
cost_usd,muse,4.682543150000001,13.108596984375,64,,
cost_usd,muse,4.705906949999999,13.108789921875,64,,
cost_usd,muse,4.71489255,13.138206296875,64,,
cost_usd,muse,4.7636959,13.14000178125,64,,
cost_usd,muse,4.779383,13.141189265625,64,,
cost_usd,muse,4.7872037999999995,13.141189265625,64,,
cost_usd,muse,4.813769349999999,13.16918425,64,,
cost_usd,muse,4.8436879,13.19020278125,64,,
cost_usd,muse,4.845861599999999,13.195389734375,64,,
cost_usd,muse,4.9076878,13.21587775,64,,
cost_usd,muse,4.91205105,13.42517190625,64,,
cost_usd,muse,4.912838449999999,13.419817953125,64,,
cost_usd,muse,4.927627449999999,13.4218339375,64,,
cost_usd,muse,4.969263199999999,13.426002390625,64,,
cost_usd,muse,4.9738799,13.42660103125,64,,
cost_usd,muse,4.98793865,13.435544375,64,,
cost_usd,muse,5.00093675,13.453622890625,64,,
cost_usd,muse,5.0147444000000005,13.473778515625,64,,
cost_usd,muse,5.027327199999999,13.479937875,64,,
cost_usd,muse,5.073980049999999,13.479937875,64,,
cost_usd,muse,5.08965465,13.479937875,64,,
cost_usd,muse,5.094246849999999,13.4801406875,64,,
cost_usd,muse,5.11856965,13.520473953125,64,,
cost_usd,muse,5.1510918,13.520254890625,64,,
cost_usd,muse,5.19776675,13.528872,64,,
cost_usd,muse,5.2066808,13.535756859375,64,,
cost_usd,muse,5.2261808,13.59002084375,64,,
cost_usd,muse,5.226372400000001,13.593825625,64,,
cost_usd,muse,5.229786949999999,13.593825625,64,,
cost_usd,muse,5.2799065999999995,13.606053875,64,,
cost_usd,muse,5.29095435,13.613116546875,64,,
cost_usd,muse,5.3114234499999995,13.621526828125,64,,
cost_usd,muse,5.34057355,13.655945359375,64,,
cost_usd,muse,5.40495385,13.6627984375,64,,
cost_usd,muse,5.436174649999999,13.665222453125,64,,
cost_usd,muse,5.479321949999999,13.73289021875,64,,
cost_usd,muse,5.48073535,13.741670375,64,,
cost_usd,muse,5.489505149999999,13.74809353125,64,,
cost_usd,muse,5.496986349999999,13.748109609375,64,,
cost_usd,muse,5.5001139000000006,13.749927640625,64,,
cost_usd,muse,5.50868005,13.75158715625,64,,
cost_usd,muse,5.525316899999999,13.75207625,64,,
cost_usd,muse,5.5394592000000005,13.75581421875,64,,
cost_usd,muse,5.5573238,13.761740359375,64,,
cost_usd,muse,5.57515775,13.77814521875,64,,
cost_usd,muse,5.582444399999999,13.778397203125,64,,
cost_usd,muse,5.58397815,13.7831880625,64,,
cost_usd,muse,5.6262485,13.78365890625,64,,
cost_usd,muse,5.6897107,13.80794528125,64,,
cost_usd,muse,5.7304331,13.8265030625,64,,
cost_usd,muse,5.73871605,13.83244578125,64,,
cost_usd,muse,5.742625599999999,13.8330160625,64,,
cost_usd,muse,5.76044695,13.8330160625,64,,
cost_usd,muse,5.80026755,13.833590515625,64,,
cost_usd,muse,5.833383349999999,13.85580190625,64,,
cost_usd,muse,5.83405415,13.85580190625,64,,
cost_usd,muse,5.8431631,13.8564183125,64,,
cost_usd,muse,5.8667045,13.8708345,64,,
cost_usd,muse,5.8776853,13.878098187500001,64,,
cost_usd,muse,5.89878315,13.920367140625,64,,
cost_usd,muse,5.9005852,13.95471665625,64,,
cost_usd,muse,5.93557785,13.994428765625,64,,
cost_usd,muse,5.969064299999999,14.0049526875,64,,
cost_usd,muse,5.9716197,14.00877465625,64,,
cost_usd,muse,5.98832375,14.1024319375,64,,
cost_usd,muse,5.99448255,14.1095524375,64,,
cost_usd,muse,6.014351349999999,14.1100039375,64,,
cost_usd,muse,6.0531337,14.11333765625,64,,
cost_usd,muse,6.05439975,14.11333765625,64,,
cost_usd,muse,6.0613186,14.113705140625001,64,,
cost_usd,muse,6.0656132000000005,14.1153165625,64,,
cost_usd,muse,6.073283399999999,14.124800265625,64,,
cost_usd,muse,6.087944,14.127078046875,64,,
cost_usd,muse,6.1052136,14.136958453125,64,,
cost_usd,muse,6.11121825,14.136730921875,64,,
cost_usd,muse,6.11538655,14.138707609375,64,,
cost_usd,muse,6.1486266,14.141763078125,64,,
cost_usd,muse,6.15553655,14.130611609375,64,,
cost_usd,muse,6.1662776,14.134012796875,64,,
cost_usd,muse,6.1697364,14.13626271875,64,,
cost_usd,muse,6.198470599999999,13.9941243125,64,,
cost_usd,muse,6.2081562,14.00527578125,64,,
cost_usd,muse,6.209341599999999,14.0166900625,64,,
cost_usd,muse,6.23254895,14.024210765625,64,,
cost_usd,muse,6.2379336,14.02634225,64,,
cost_usd,muse,6.281724,14.034259171875,64,,
cost_usd,muse,6.327434949999999,14.034473453125,64,,
cost_usd,muse,6.369059200000001,14.0355024375,64,,
cost_usd,muse,6.3776627999999995,14.038370359375,64,,
cost_usd,muse,6.3952672,14.084427609375,64,,
cost_usd,muse,6.405074849999999,14.1135868125,64,,
cost_usd,muse,6.4194681,14.1231103125,64,,
cost_usd,muse,6.44467125,14.12306259375,64,,
cost_usd,muse,6.46792125,14.145484515625,64,,
cost_usd,muse,6.48985375,14.14530578125,64,,
cost_usd,muse,6.4916746,14.14544090625,64,,
cost_usd,muse,6.49336765,14.146448375,64,,
cost_usd,muse,6.542277149999999,14.170872359375,64,,
cost_usd,muse,6.591868,14.17891175,64,,
cost_usd,muse,6.59924105,14.17915325,64,,
cost_usd,muse,6.6435942,14.192059234375,64,,
cost_usd,muse,6.7006603,14.20174415625,64,,
cost_usd,muse,6.715133399999999,14.213438359375,64,,
cost_usd,muse,6.745229149999999,14.213532859375,64,,
cost_usd,muse,6.76555845,14.214059046875,64,,
cost_usd,muse,6.80629805,14.22873753125,64,,
cost_usd,muse,6.917471849999999,14.229990796875,64,,
cost_usd,muse,6.923837799999999,14.231054625,64,,
cost_usd,muse,6.951860099999999,14.25539715625,64,,
cost_usd,muse,7.00199285,14.258830234375,64,,
cost_usd,muse,7.0201155,14.25965984375,64,,
cost_usd,muse,7.0219813,14.262342921875,64,,
cost_usd,muse,7.02625035,14.265867359375001,64,,
cost_usd,muse,7.0282652,14.28805375,64,,
cost_usd,muse,7.04924185,14.29918134375,64,,
cost_usd,muse,7.06210245,14.299389140625,64,,
cost_usd,muse,7.09246975,14.30672546875,64,,
cost_usd,muse,7.1101882000000005,14.30672546875,64,,
cost_usd,muse,7.1377770499999995,14.30672546875,64,,
cost_usd,muse,7.18754545,14.314261203125,64,,
cost_usd,muse,7.1885207,14.315108078125,64,,
cost_usd,muse,7.193135,14.34709228125,64,,
cost_usd,muse,7.201275,14.34709228125,64,,
cost_usd,muse,7.2131305,14.34710278125,64,,
cost_usd,muse,7.25937625,14.34716578125,64,,
cost_usd,muse,7.3055035,14.351155734375,64,,
cost_usd,muse,7.32694875,14.3515623125,64,,
cost_usd,muse,7.337147,14.354958671875,64,,
cost_usd,muse,7.3390029,14.36146709375,64,,
cost_usd,muse,7.38034855,14.3632471875,64,,
cost_usd,muse,7.39279125,14.395969687500001,64,,
cost_usd,muse,7.4112555,14.406936546875,64,,
cost_usd,muse,7.44673605,14.43140846875,64,,
cost_usd,muse,7.47682745,14.453307328125,64,,
cost_usd,muse,7.5032238,14.4553825625,64,,
cost_usd,muse,7.52810755,14.4553825625,64,,
cost_usd,muse,7.55860225,14.454929281250001,64,,
cost_usd,muse,7.64333325,14.472216921875,64,,
cost_usd,muse,7.65664355,14.51847746875,64,,
cost_usd,muse,7.6671491,14.519123125,64,,
cost_usd,muse,7.6857222,14.540255953125,64,,
cost_usd,muse,7.773410849999999,14.602646609375,64,,
cost_usd,muse,7.7849855,14.610308328125,64,,
cost_usd,muse,7.78717125,14.614230515625,64,,
cost_usd,muse,7.804412950000001,14.621208781250001,64,,
cost_usd,muse,7.80447105,14.629472609375,64,,
cost_usd,muse,7.9902638999999995,14.69691846875,64,,
cost_usd,muse,7.99659475,14.69731953125,64,,
cost_usd,muse,8.00091875,14.69731953125,64,,
cost_usd,muse,8.0298967,14.72296959375,64,,
cost_usd,muse,8.05065975,14.72448596875,64,,
cost_usd,muse,8.12462345,14.747153546875,64,,
cost_usd,muse,8.132336149999999,14.74743096875,64,,
cost_usd,muse,8.1543642,14.758210796875,64,,
cost_usd,muse,8.1932349,14.758210796875,64,,
cost_usd,muse,8.220946849999999,14.758696578125,64,,
cost_usd,muse,8.26690235,14.76267990625,64,,
cost_usd,muse,8.2997529,14.76267990625,64,,
cost_usd,muse,8.31540355,14.7884674375,64,,
cost_usd,muse,8.33516095,14.816812109375,64,,
cost_usd,muse,8.40681435,14.818140609375,64,,
cost_usd,muse,8.425480399999998,14.818917140625,64,,
cost_usd,muse,8.5065255,14.81914046875,64,,
cost_usd,muse,8.535790149999999,14.836772953125,64,,
cost_usd,muse,8.638953599999999,14.836772953125,64,,
cost_usd,muse,8.664462550000001,14.83784775,64,,
cost_usd,muse,8.6786107,14.886388953125,64,,
cost_usd,muse,8.735029599999999,14.889575609375001,64,,
cost_usd,muse,8.765932399999999,14.890146234375,64,,
cost_usd,muse,8.776532399999999,14.897562046875,64,,
cost_usd,muse,8.789180649999999,14.89828178125,64,,
cost_usd,muse,8.826022199999999,14.89828178125,64,,
cost_usd,muse,8.828090399999999,14.898364703125,64,,
cost_usd,muse,8.846972699999998,14.898364703125,64,,
cost_usd,muse,8.86830595,14.899010875,64,,
cost_usd,muse,8.971296,14.90035140625,64,,
cost_usd,muse,9.052318,14.93838075,64,,
cost_usd,muse,9.06814875,14.94017903125,64,,
cost_usd,muse,9.2219733,14.974594984375,64,,
cost_usd,muse,9.27211405,14.976682953125,64,,
cost_usd,muse,9.29214045,14.976682953125,64,,
cost_usd,muse,9.295807,14.98228015625,64,,
cost_usd,muse,9.3205634,14.998385734375,64,,
cost_usd,muse,9.341592449999998,15.000957953125,64,,
cost_usd,muse,9.351507849999999,15.004699046875,64,,
cost_usd,muse,9.364641050000001,15.00529521875,64,,
cost_usd,muse,9.364814050000001,15.012962640625,64,,
cost_usd,muse,9.387441050000001,15.01224290625,64,,
cost_usd,muse,9.394880899999999,15.012385921875,64,,
cost_usd,muse,9.3975005,15.030004609375,64,,
cost_usd,muse,9.41836485,15.041157921875,64,,
cost_usd,muse,9.5204038,15.0415591875,64,,
cost_usd,muse,9.61397825,15.044028859375,64,,
cost_usd,muse,9.6272279,15.055130671875,64,,
cost_usd,muse,9.72753545,15.05863725,64,,
cost_usd,muse,9.73744095,15.058844296875,64,,
cost_usd,muse,9.8399168,15.060499125,64,,
cost_usd,muse,9.8714375,15.06587234375,64,,
cost_usd,muse,9.900333300000002,15.07349534375,64,,
cost_usd,muse,9.919558,15.0981704375,64,,
cost_usd,muse,9.96501425,15.09812909375,64,,
cost_usd,muse,9.97479805,15.106494078125,64,,
cost_usd,muse,9.983480299999998,15.107170625,64,,
cost_usd,muse,10.00070495,15.076178125,64,,
cost_usd,muse,10.024868699999999,15.083654203125,64,,
cost_usd,muse,10.0487444,15.096968734375,64,,
cost_usd,muse,10.049375,15.096974234375,64,,
cost_usd,muse,10.0785991,15.0969036875,64,,
cost_usd,muse,10.1715668,15.103038015625,64,,
cost_usd,muse,10.174577900000001,15.114679578125001,64,,
cost_usd,muse,10.1760676,15.169756234375,64,,
cost_usd,muse,10.20466625,15.168775343750001,64,,
cost_usd,muse,10.2517263,15.169060671875,64,,
cost_usd,muse,10.25251025,15.169099125,64,,
cost_usd,muse,10.266001800000002,15.1806374375,64,,
cost_usd,muse,10.2850523,15.184099640625,64,,
cost_usd,muse,10.3144453,15.27415975,64,,
cost_usd,muse,10.3443455,15.275275484375,64,,
cost_usd,muse,10.3997491,15.2751354375,64,,
cost_usd,muse,10.412068199999998,15.278831406250001,64,,
cost_usd,muse,10.42447625,15.279658453125,64,,
cost_usd,muse,10.4707887,15.28023071875,64,,
cost_usd,muse,10.55110415,15.380293859375,64,,
cost_usd,muse,10.57411245,15.41136965625,64,,
cost_usd,muse,10.58651615,15.42016125,64,,
cost_usd,muse,10.612226949999998,15.426938218750001,64,,
cost_usd,muse,10.671636649999998,15.426960203125,64,,
cost_usd,muse,10.70063875,15.4636068125,64,,
cost_usd,muse,10.79550655,15.463907453125,64,,
cost_usd,muse,10.950035899999998,15.468024984375,64,,
cost_usd,muse,10.9883858,15.46939559375,64,,
cost_usd,muse,11.006362049999998,15.493277734375,64,,
cost_usd,muse,11.012896099999999,15.493379656250001,64,,
cost_usd,muse,11.047250299999998,15.495106125,64,,
cost_usd,muse,11.060443900000001,15.335675640625,64,,
cost_usd,muse,11.07770485,15.335675640625,64,,
cost_usd,muse,11.13967275,15.35047375,64,,
cost_usd,muse,11.1506142,15.35087975,64,,
cost_usd,muse,11.15404765,15.35239821875,64,,
cost_usd,muse,11.17026125,15.373509859375,64,,
cost_usd,muse,11.177580800000001,15.378795484375,64,,
cost_usd,muse,11.19473415,15.3786876875,64,,
cost_usd,muse,11.24432415,15.378659015625,64,,
cost_usd,muse,11.246878549999998,15.3801815,64,,
cost_usd,muse,11.2666314,15.38306775,64,,
cost_usd,muse,11.307352299999998,15.38234109375,64,,
cost_usd,muse,11.373730049999999,15.390709062500001,64,,
cost_usd,muse,11.398829699999999,15.396923046875001,64,,
cost_usd,muse,11.41220735,15.41085325,64,,
cost_usd,muse,11.414174599999999,15.41094640625,64,,
cost_usd,muse,11.436958549999998,15.425782734375,64,,
cost_usd,muse,11.468866799999999,15.427891515625,64,,
cost_usd,muse,11.4783065,15.427923015625,64,,
cost_usd,muse,11.51382795,15.43711015625,64,,
cost_usd,muse,11.5761124,15.452726625,64,,
cost_usd,muse,11.611763400000001,15.46061328125,64,,
cost_usd,muse,11.65837175,15.463327375,64,,
cost_usd,muse,11.68197635,15.478164171875001,64,,
cost_usd,muse,11.682720199999999,15.478810765625001,64,,
cost_usd,muse,11.693996449999998,15.483039953125001,64,,
cost_usd,muse,11.71722325,15.483596453125001,64,,
cost_usd,muse,11.75520975,15.483662796875,64,,
cost_usd,muse,11.7638689,15.483662796875,64,,
cost_usd,muse,11.776093150000001,15.483766328125,64,,
cost_usd,muse,11.812947049999998,15.49513246875,64,,
cost_usd,muse,11.82142635,15.495769796875,64,,
cost_usd,muse,11.82612985,15.495769796875,64,,
cost_usd,muse,11.8557916,15.52649003125,64,,
cost_usd,muse,11.8931358,15.526889015625,64,,
cost_usd,muse,11.91800235,15.52770821875,64,,
cost_usd,muse,11.922105,15.70493575,64,,
cost_usd,muse,11.9258881,15.71045546875,64,,
cost_usd,muse,11.985448400000001,15.783634671875,64,,
cost_usd,muse,12.002417799999998,15.787138625,64,,
cost_usd,muse,12.006127049999998,15.78964684375,64,,
cost_usd,muse,12.0103721,15.79005634375,64,,
cost_usd,muse,12.040116150000001,15.791768234375,64,,
cost_usd,muse,12.0756945,15.792018796875,64,,
cost_usd,muse,12.079578199999998,15.792332375,64,,
cost_usd,muse,12.08933755,15.795334921875,64,,
cost_usd,muse,12.170995049999998,15.795955515625,64,,
cost_usd,muse,12.1829951,15.796271328125,64,,
cost_usd,muse,12.207053349999999,15.81585153125,64,,
cost_usd,muse,12.222333449999999,15.81585153125,64,,
cost_usd,muse,12.23295875,15.816265640625,64,,
cost_usd,muse,12.23988315,15.84495190625,64,,
cost_usd,muse,12.25948245,15.8492568125,64,,
cost_usd,muse,12.279301149999998,15.849421640625,64,,
cost_usd,muse,12.2888261,15.851436921875,64,,
cost_usd,muse,12.30028265,15.851520921875,64,,
cost_usd,muse,12.30861415,15.85211265625,64,,
cost_usd,muse,12.3230091,15.85263459375,64,,
cost_usd,muse,12.405691699999998,15.856062203125001,64,,
cost_usd,muse,12.418118049999999,15.856822625,64,,
cost_usd,muse,12.44888925,15.858256625000001,64,,
cost_usd,muse,12.50393295,15.872554171875,64,,
cost_usd,muse,12.53980305,15.87314346875,64,,
cost_usd,muse,12.58200515,15.876915703125,64,,
cost_usd,muse,12.59727665,15.878205796875001,64,,
cost_usd,muse,12.66790465,15.9038255,64,,
cost_usd,muse,12.74945605,15.921011343750001,64,,
cost_usd,muse,12.771920799999998,15.93044378125,64,,
cost_usd,muse,12.7996829,15.92997128125,64,,
cost_usd,muse,12.806865199999999,15.9300278125,64,,
cost_usd,muse,12.816823549999999,15.93589165625,64,,
cost_usd,muse,12.83086725,15.936339406250001,64,,
cost_usd,muse,12.84475925,15.936207546875,64,,
cost_usd,muse,12.873452949999999,15.940350203125,64,,
cost_usd,muse,12.899039799999999,15.941261078125,64,,
cost_usd,muse,12.949562299999998,15.947304171875,64,,
cost_usd,muse,13.006781799999999,15.948472125,64,,
cost_usd,muse,13.02941545,15.94975046875,64,,
cost_usd,muse,13.0482652,15.955960453125,64,,
cost_usd,muse,13.059536099999999,15.95927025,64,,
cost_usd,muse,13.07158585,15.97195803125,64,,
cost_usd,muse,13.10475095,15.898778828125,64,,
cost_usd,muse,13.1525215,15.89977071875,64,,
cost_usd,muse,13.2092349,15.89978815625,64,,
cost_usd,muse,13.25690105,15.90655696875,64,,
cost_usd,muse,13.28121695,15.901083984375001,64,,
cost_usd,muse,13.2848155,15.910521859375,64,,
cost_usd,muse,13.33744175,15.912993796875,64,,
cost_usd,muse,13.34539695,15.91377834375,64,,
cost_usd,muse,13.3468169,15.915086265625,64,,
cost_usd,muse,13.3654713,15.91513765625,64,,
cost_usd,muse,13.3705774,15.91731165625,64,,
cost_usd,muse,13.389837199999999,15.920575484375,64,,
cost_usd,muse,13.41233615,15.920995484375,64,,
cost_usd,muse,13.4483117,15.920995484375,64,,
cost_usd,muse,13.455422949999999,15.923305453125,64,,
cost_usd,muse,13.4757597,15.927376109375,64,,
cost_usd,muse,13.58729425,15.930079203125,64,,
cost_usd,muse,13.589627199999999,15.930394203125001,64,,
cost_usd,muse,13.6155881,15.940944546875,64,,
cost_usd,muse,13.623771199999998,15.94505309375,64,,
cost_usd,muse,13.635504549999999,15.968541640625,64,,
cost_usd,muse,13.681418449999999,15.968657140625,64,,
cost_usd,muse,13.7092742,15.968348046875,64,,
cost_usd,muse,13.72529595,15.968610546875,64,,
cost_usd,muse,13.7348434,15.969312140625,64,,
cost_usd,muse,13.736944799999998,15.9734133125,64,,
cost_usd,muse,13.74283945,15.973587703125,64,,
cost_usd,muse,13.769148,15.974175703125,64,,
cost_usd,muse,13.813117949999999,15.974249203125,64,,
cost_usd,muse,13.85693275,15.9745536875,64,,
cost_usd,muse,13.900957949999999,15.9747006875,64,,
cost_usd,muse,14.04536325,15.991748734375,64,,
cost_usd,muse,14.0643156,15.991748734375,64,,
cost_usd,muse,14.0780789,16.007712734375,64,,
cost_usd,muse,14.136505049999998,16.007878578125,64,,
cost_usd,muse,14.16061135,16.02492721875,64,,
cost_usd,muse,14.16791315,16.02887328125,64,,
cost_usd,muse,14.20337725,16.02865484375,64,,
cost_usd,muse,14.207555549999999,16.035435328125,64,,
cost_usd,muse,14.218755949999998,16.035697953125002,64,,
cost_usd,muse,14.3110916,16.037663796875,64,,
cost_usd,muse,14.3720141,16.043496265625,64,,
cost_usd,muse,14.398715900000001,16.04750084375,64,,
cost_usd,muse,14.40714765,16.052857125,64,,
cost_usd,muse,14.4452225,16.053592125,64,,
cost_usd,muse,14.44686235,16.053752859375,64,,
cost_usd,muse,14.489720949999999,16.05447734375,64,,
cost_usd,muse,14.51823445,16.061966,64,,
cost_usd,muse,14.53432455,16.0632365,64,,
cost_usd,muse,14.71531155,16.144397625,64,,
cost_usd,muse,14.75607155,16.1252106875,64,,
cost_usd,muse,14.7588297,16.128850078125,64,,
cost_usd,muse,14.76266355,16.13248165625,64,,
cost_usd,muse,14.76915115,16.13256565625,64,,
cost_usd,muse,14.79684485,16.134686203125,64,,
cost_usd,muse,14.802111949999999,16.1372501875,64,,
cost_usd,muse,14.816376199999999,16.137670171875,64,,
cost_usd,muse,14.8549741,16.13777040625,64,,
cost_usd,muse,14.8842238,16.139499625,64,,
cost_usd,muse,14.9212699,16.15741740625,64,,
cost_usd,muse,15.00135865,16.157422921875,64,,
cost_usd,muse,15.0655211,16.17849325,64,,
cost_usd,muse,15.1150176,16.1786570625,64,,
cost_usd,muse,15.15199015,16.1801510625,64,,
cost_usd,muse,15.161083049999998,16.190920515625,64,,
cost_usd,muse,15.16480175,16.195958703125,64,,
cost_usd,muse,15.1733432,16.205723078125,64,,
cost_usd,muse,15.2017148,16.2093103125,64,,
cost_usd,muse,15.20286065,16.256029765625,64,,
cost_usd,muse,15.2095802,16.256928484375,64,,
cost_usd,muse,15.27304425,16.256928484375,64,,
cost_usd,muse,15.277691549999998,16.257238140625,64,,
cost_usd,muse,15.5373386,16.2105186875,64,,
cost_usd,muse,15.5648442,16.222144125,64,,
cost_usd,muse,15.568948650000001,16.268863578125,64,,
cost_usd,muse,15.623679150000001,16.2691893125,64,,
cost_usd,muse,15.640823,16.27158421875,64,,
cost_usd,muse,15.7903646,16.279436046875,64,,
cost_usd,muse,15.791900949999999,16.279436046875,64,,
cost_usd,muse,15.870149199999998,16.284914109375,64,,
cost_usd,muse,15.923585699999999,16.29685803125,64,,
cost_usd,muse,15.94104465,16.29773503125,64,,
cost_usd,muse,15.9570157,16.296331796875002,64,,
cost_usd,muse,16.009206199999998,16.286975078125,64,,
cost_usd,muse,16.05355815,16.2816780625,64,,
cost_usd,muse,16.11197765,16.29442875,64,,
cost_usd,muse,16.121382,16.30177709375,64,,
cost_usd,muse,16.16905005,16.307592765625,64,,
cost_usd,muse,16.217826799999997,16.308119546875,64,,
cost_usd,muse,16.2381766,16.31367659375,64,,
cost_usd,muse,16.27827765,16.314149859375,64,,
cost_usd,muse,16.28817405,16.26743040625,64,,
cost_usd,muse,16.3025006,16.2681598125,64,,
cost_usd,muse,16.352880199999998,16.294527156250002,64,,
cost_usd,muse,16.36618415,16.2962745625,64,,
cost_usd,muse,16.381961,16.291202796875,64,,
cost_usd,muse,16.3894986,16.291468453125,64,,
cost_usd,muse,16.42540455,16.33818790625,64,,
cost_usd,muse,16.510017949999998,16.33818790625,64,,
cost_usd,muse,16.5184562,16.352636671875,64,,
cost_usd,muse,16.5361941,16.352636671875,64,,
cost_usd,muse,16.58336225,16.359990890625,64,,
cost_usd,muse,16.6053586,16.35802034375,64,,
cost_usd,muse,16.6322607,16.368064828125,64,,
cost_usd,muse,16.66175015,16.3939613125,64,,
cost_usd,muse,16.7730776,16.3939613125,64,,
cost_usd,muse,16.88691515,16.410986125,64,,
cost_usd,muse,17.053801850000003,16.411935546875,64,,
cost_usd,muse,17.092563799999997,16.413680109375,64,,
cost_usd,muse,17.156797299999997,16.489661859375,64,,
cost_usd,muse,17.201594399999998,16.500039359375002,64,,
cost_usd,muse,17.201915449999998,16.50490846875,64,,
cost_usd,muse,17.275637149999998,16.48319984375,64,,
cost_usd,muse,17.29759525,16.493911578125,64,,
cost_usd,muse,17.312343,16.493777984375,64,,
cost_usd,muse,17.35922975,16.5085615625,64,,
cost_usd,muse,17.375930799999995,16.511588890625,64,,
cost_usd,muse,17.39602435,16.511588890625,64,,
cost_usd,muse,17.4847281,16.584100328125,64,,
cost_usd,muse,17.556413049999996,16.584100328125,64,,
cost_usd,muse,17.5612356,16.584100328125,64,,
cost_usd,muse,17.5901457,16.59375265625,64,,
cost_usd,muse,17.599812649999997,16.59379815625,64,,
cost_usd,muse,17.6501988,16.5937714375,64,,
cost_usd,muse,17.685633149999997,16.598317890625,64,,
cost_usd,muse,17.687947899999998,16.60045803125,64,,
cost_usd,muse,17.759037199999998,16.60583915625,64,,
cost_usd,muse,17.8481584,16.61741959375,64,,
cost_usd,muse,17.8654342,16.623525328125,64,,
cost_usd,muse,17.870233299999995,16.69675159375,64,,
cost_usd,muse,17.88762975,16.69539725,64,,
cost_usd,muse,17.89160095,16.695724890625,64,,
cost_usd,muse,17.901409799999996,16.695446671875,64,,
cost_usd,muse,17.9060228,16.696158625,64,,
cost_usd,muse,17.961253600000003,16.686286203125,64,,
cost_usd,muse,17.9615618,16.708165265625,64,,
cost_usd,muse,17.967901899999998,16.71227953125,64,,
cost_usd,muse,18.083558149999998,16.712397125,64,,
cost_usd,muse,18.09867195,16.712397125,64,,
cost_usd,muse,18.104041199999998,16.712571515625,64,,
cost_usd,muse,18.1377406,16.71410175,64,,
cost_usd,muse,18.17626965,16.71410175,64,,
cost_usd,muse,18.3090855,16.721194609375,64,,
cost_usd,muse,18.3455805,16.722126109375,64,,
cost_usd,muse,18.41208175,16.726433765625,64,,
cost_usd,muse,18.446337,16.726862375,64,,
cost_usd,muse,18.47015095,16.728779328125,64,,
cost_usd,muse,18.481327049999997,16.74697065625,64,,
cost_usd,muse,18.552383799999998,16.749207171875,64,,
cost_usd,muse,18.67451715,16.749410734375,64,,
cost_usd,muse,18.7032561,16.7505336875,64,,
cost_usd,muse,18.782852049999995,16.751383421875,64,,
cost_usd,muse,18.8417925,16.751350015625,64,,
cost_usd,muse,18.884646299999996,16.751007640625,64,,
cost_usd,muse,18.901249,16.72700178125,64,,
cost_usd,muse,18.9373161,16.729286296875,64,,
cost_usd,muse,19.0123901,16.73011028125,64,,
cost_usd,muse,19.071251399999998,16.73041096875,64,,
cost_usd,muse,19.12911575,16.732323640625,64,,
cost_usd,muse,19.253196850000002,16.75625115625,64,,
cost_usd,muse,19.42870915,16.75625115625,64,,
cost_usd,muse,19.43872575,16.757192859375,64,,
cost_usd,muse,19.44646365,16.764429703125,64,,
cost_usd,muse,19.55818115,16.766406390625,64,,
cost_usd,muse,19.59840185,16.7725946875,64,,
cost_usd,muse,19.630638649999998,16.77474034375,64,,
cost_usd,muse,19.6337367,16.77587690625,64,,
cost_usd,muse,19.719013699999998,16.7871771875,64,,
cost_usd,muse,19.780694649999997,16.7957943125,64,,
cost_usd,muse,19.851311850000002,16.796553921875,64,,
cost_usd,muse,19.85155095,16.77262640625,64,,
cost_usd,muse,19.8715821,16.7758351875,64,,
cost_usd,muse,20.02334675,16.780338625,64,,
cost_usd,muse,20.134217800000002,16.780338625,64,,
cost_usd,muse,20.15618105,16.7825359375,64,,
cost_usd,muse,20.2183752,16.8164884375,64,,
cost_usd,muse,20.21894525,16.816496140625,64,,
cost_usd,muse,20.4485305,16.825917546875,64,,
cost_usd,muse,20.476410599999998,16.83082496875,64,,
cost_usd,muse,20.48163615,16.843739671875,64,,
cost_usd,muse,20.62466905,16.846594421875,64,,
cost_usd,muse,20.700918100000003,16.849661171875,64,,
cost_usd,muse,20.711720349999997,16.852057828125,64,,
cost_usd,muse,20.72527385,16.855589171875,64,,
cost_usd,muse,20.73488265,16.862442703125,64,,
cost_usd,muse,20.74417835,16.872006109375,64,,
cost_usd,muse,20.74545745,16.87201125,64,,
cost_usd,muse,20.8982715,16.8721824375,64,,
cost_usd,muse,20.913258049999996,16.872195734375,64,,
cost_usd,muse,20.9373115,16.873772078125,64,,
cost_usd,muse,21.04729015,16.88059415625,64,,
cost_usd,muse,21.072711,16.88145009375,64,,
cost_usd,muse,21.088126049999996,16.88501271875,64,,
cost_usd,muse,21.1120171,16.886970734375,64,,
cost_usd,muse,21.162789699999998,16.888051953125,64,,
cost_usd,muse,21.28503285,16.888051953125,64,,
cost_usd,muse,21.378686849999998,16.888051953125,64,,
cost_usd,muse,21.44735275,16.888993640625,64,,
cost_usd,muse,21.481528799999996,16.88928915625,64,,
cost_usd,muse,21.561739399999997,16.893851515625,64,,
cost_usd,muse,21.56296325,16.91723875,64,,
cost_usd,muse,21.5846405,16.918296046875,64,,
cost_usd,muse,21.64170715,16.9110795,64,,
cost_usd,muse,21.66594545,16.911923328125,64,,
cost_usd,muse,21.6669727,16.9168878125,64,,
cost_usd,muse,21.690604899999997,16.913095734375,64,,
cost_usd,muse,21.729701,16.91289528125,64,,
cost_usd,muse,21.756144,16.91426590625,64,,
cost_usd,muse,21.803723050000002,16.914314109375,64,,
cost_usd,muse,21.84509955,16.919283421875,64,,
cost_usd,muse,22.012739099999997,16.921163796875,64,,
cost_usd,muse,22.05493925,16.925165015625,64,,
cost_usd,muse,22.07172885,16.926682203125,64,,
cost_usd,muse,22.085204,16.927559187499998,64,,
cost_usd,muse,22.098271649999997,16.923612328125,64,,
cost_usd,muse,22.140606599999998,16.92356534375,64,,
cost_usd,muse,22.14984625,16.9240361875,64,,
cost_usd,muse,22.1773081,16.926713765625,64,,
cost_usd,muse,22.183625550000002,16.922122921875,64,,
cost_usd,muse,22.26973365,16.934654453125,64,,
cost_usd,muse,22.3149271,16.93486590625,64,,
cost_usd,muse,22.3566758,16.93219875,64,,
cost_usd,muse,22.37414135,16.950116546875,64,,
cost_usd,muse,22.42447805,16.954476453125,64,,
cost_usd,muse,22.4396657,16.9702295,64,,
cost_usd,muse,22.4460878,16.973935890625,64,,
cost_usd,muse,22.4902185,16.965814625,64,,
cost_usd,muse,22.5499776,16.966449015625,64,,
cost_usd,muse,22.566766799999996,16.975874078125,64,,
cost_usd,muse,22.590242049999997,16.976580890625,64,,
cost_usd,muse,22.62584555,16.969938312500002,64,,
cost_usd,muse,22.67016145,16.977012984375,64,,
cost_usd,muse,22.71402845,16.985179390625,64,,
cost_usd,muse,22.733310600000003,16.985105890625,64,,
cost_usd,muse,22.75642375,16.9856204375,64,,
cost_usd,muse,22.75966925,16.989629546875,64,,
cost_usd,muse,22.781680599999998,16.990629140625,64,,
cost_usd,muse,22.9122274,16.990255,64,,
cost_usd,muse,22.9335666,16.990418984375,64,,
cost_usd,muse,22.949584899999998,17.0003740625,64,,
cost_usd,muse,22.9580355,17.00036634375,64,,
cost_usd,muse,22.967113,17.006340171875,64,,
cost_usd,muse,23.07087555,17.011095296875,64,,
cost_usd,muse,23.096617,17.011780046875,64,,
cost_usd,muse,23.1047236,17.01280978125,64,,
cost_usd,muse,23.163054149999997,17.013041625,64,,
cost_usd,muse,23.18430225,17.014515234375,64,,
cost_usd,muse,23.1981742,17.018875140625,64,,
cost_usd,muse,23.245958,17.020920781250002,64,,
cost_usd,muse,23.3066936,17.02821625,64,,
cost_usd,muse,23.367066349999998,17.032282609375,64,,
cost_usd,muse,23.41380905,17.0518226875,64,,
cost_usd,muse,23.4260569,17.05387696875,64,,
cost_usd,muse,23.543111449999998,17.056135,64,,
cost_usd,muse,23.5494597,17.05798353125,64,,
cost_usd,muse,23.61617675,17.05832590625,64,,
cost_usd,muse,23.621719099999996,17.064881265625,64,,
cost_usd,muse,23.63640765,17.06515621875,64,,
cost_usd,muse,23.743900800000002,17.0657538125,64,,
cost_usd,muse,23.77151785,17.07009059375,64,,
cost_usd,muse,23.7810043,17.080852859375,64,,
cost_usd,muse,23.784531549999997,17.082483296875,64,,
cost_usd,muse,23.79048465,17.084070359375,64,,
cost_usd,muse,23.82330845,17.08878621875,64,,
cost_usd,muse,23.86047495,17.09231925,64,,
cost_usd,muse,23.90635295,17.092568578125,64,,
cost_usd,muse,23.9405247,17.095305734375,64,,
cost_usd,muse,24.01111065,16.862675140625,64,,
cost_usd,muse,24.012027800000002,16.863559109375,64,,
cost_usd,muse,24.0433605,16.863985078125,64,,
cost_usd,muse,24.043702599999996,16.91586746875,64,,
cost_usd,muse,24.0543239,16.918246421875,64,,
cost_usd,muse,24.079862099999996,16.920186578125,64,,
cost_usd,muse,24.082967800000002,16.919007203125,64,,
cost_usd,muse,24.1749992,16.919150234375,64,,
cost_usd,muse,24.20416755,16.920102328125,64,,
cost_usd,muse,24.22241875,16.92703003125,64,,
cost_usd,muse,24.297368300000002,16.934812,64,,
cost_usd,muse,24.30357415,16.935003828125,64,,
cost_usd,muse,24.30838855,16.939015140625,64,,
cost_usd,muse,24.344862199999998,16.940654953125,64,,
cost_usd,muse,24.384912800000002,16.961686625,64,,
cost_usd,muse,24.397643849999998,16.9725090625,64,,
cost_usd,muse,24.4161725,16.982195078125,64,,
cost_usd,muse,24.438508,16.982822765625,64,,
cost_usd,muse,24.53010525,16.985353515625,64,,
cost_usd,muse,24.626321649999998,16.985353515625,64,,
cost_usd,muse,24.63749755,16.989635640625,64,,
cost_usd,muse,24.74096505,16.98964178125,64,,
cost_usd,muse,24.75868745,16.991353109375,64,,
cost_usd,muse,24.772718599999997,16.99253896875,64,,
cost_usd,muse,24.88404025,16.995050171875,64,,
cost_usd,muse,24.97245015,17.00016275,64,,
cost_usd,muse,25.31017425,17.001406453125,64,,
cost_usd,muse,25.31550155,17.001406453125,64,,
cost_usd,muse,25.345072849999998,17.00167721875,64,,
cost_usd,muse,25.3480387,17.005101,64,,
cost_usd,muse,25.4169606,17.015938484375,64,,
cost_usd,muse,25.41892245,17.015938484375,64,,
cost_usd,muse,25.4354089,17.026342,64,,
cost_usd,muse,25.49294265,17.0271939375,64,,
cost_usd,muse,25.50108295,17.028563671875,64,,
cost_usd,muse,25.51434445,17.029022015625,64,,
cost_usd,muse,25.55761295,17.029841921875,64,,
cost_usd,muse,25.59969505,17.0302216875,64,,
cost_usd,muse,25.7041066,17.031826078125,64,,
cost_usd,muse,25.804849949999998,17.034032609375,64,,
cost_usd,muse,25.8974941,17.04181615625,64,,
cost_usd,muse,25.9069476,17.071361703125,64,,
cost_usd,muse,25.938429149999997,17.0715364375,64,,
cost_usd,muse,25.97284975,17.072197984375,64,,
cost_usd,muse,25.986142849999997,17.092927046875,64,,
cost_usd,muse,26.038173399999998,17.092927046875,64,,
cost_usd,muse,26.1242123,17.09401434375,64,,
cost_usd,muse,26.1549625,17.0973810625,64,,
cost_usd,muse,26.177438849999998,17.098636671875,64,,
cost_usd,muse,26.178165449999998,17.100327687500002,64,,
cost_usd,muse,26.3777534,17.10197471875,64,,
cost_usd,muse,26.380653849999998,17.106824500000002,64,,
cost_usd,muse,26.4429882,17.10705275,64,,
cost_usd,muse,26.49894525,17.11315625,64,,
cost_usd,muse,26.50763155,17.11322409375,64,,
cost_usd,muse,26.555501099999997,17.115867640625,64,,
cost_usd,muse,26.5884857,17.116111265625,64,,
cost_usd,muse,26.6659875,17.117835890625,64,,
cost_usd,muse,26.68532995,17.127993109375,64,,
cost_usd,muse,26.7345044,17.12959334375,64,,
cost_usd,muse,26.739318949999998,17.21407703125,64,,
cost_usd,muse,26.79492685,17.216582359375,64,,
cost_usd,muse,26.8578,17.217121296875,64,,
cost_usd,muse,26.897080149999997,17.217156171875,64,,
cost_usd,muse,26.978585849999998,17.231046109375,64,,
cost_usd,muse,27.022666899999997,17.231046109375,64,,
cost_usd,muse,27.12337105,17.23155178125,64,,
cost_usd,muse,27.19681065,17.231665234375,64,,
cost_usd,muse,27.263068,17.236550734375,64,,
cost_usd,muse,27.46428945,17.236550734375,64,,
cost_usd,muse,27.51497675,17.2377545,64,,
cost_usd,muse,27.54004805,17.244645140625,64,,
cost_usd,muse,27.5633868,17.244645140625,64,,
cost_usd,muse,27.618652,17.25392175,64,,
cost_usd,muse,27.7082007,17.25695571875,64,,
cost_usd,muse,27.7364538,17.269870421875,64,,
cost_usd,muse,27.7564194,17.2699213125,64,,
cost_usd,muse,27.7636534,17.27439434375,64,,
cost_usd,muse,27.798775550000002,17.2844945,64,,
cost_usd,muse,28.0597853,17.289993453125,64,,
cost_usd,muse,28.0802075,17.290346578125,64,,
cost_usd,muse,28.0883886,17.290740515625,64,,
cost_usd,muse,28.1179991,17.2907518125,64,,
cost_usd,muse,28.35196165,17.29079834375,64,,
cost_usd,muse,28.4407095,17.29079834375,64,,
cost_usd,muse,28.46422675,17.29110934375,64,,
cost_usd,muse,28.4913061,17.339798703125002,64,,
cost_usd,muse,28.526313599999998,17.342265109375,64,,
cost_usd,muse,28.6477797,17.342444484375,64,,
cost_usd,muse,28.70909495,17.3705775,64,,
cost_usd,muse,28.7164375,17.372346453125,64,,
cost_usd,muse,28.917863099999998,17.377686015625,64,,
cost_usd,muse,28.9778015,17.3800296875,64,,
cost_usd,muse,28.99440315,17.380097546875,64,,
cost_usd,muse,29.022138050000002,17.40846596875,64,,
cost_usd,muse,29.023066399999998,17.41101728125,64,,
cost_usd,muse,29.237808349999998,17.411369671875,64,,
cost_usd,muse,29.49626795,17.411573234375002,64,,
cost_usd,muse,29.613588099999998,17.42368078125,64,,
cost_usd,muse,29.66469045,17.425393296875,64,,
cost_usd,muse,29.7217142,17.436812296875,64,,
cost_usd,muse,29.8173154,17.43875153125,64,,
cost_usd,muse,30.11924075,17.438865671875,64,,
cost_usd,muse,30.165892,17.4426848125,64,,
cost_usd,muse,30.25199075,17.442956234375,64,,
cost_usd,muse,30.28787845,17.443526859375,64,,
cost_usd,muse,30.30770685,17.4436596875,64,,
cost_usd,muse,30.342881,17.443729046875,64,,
cost_usd,muse,30.4512942,17.459031515625,64,,
cost_usd,muse,30.46219065,17.457830171875,64,,
cost_usd,muse,30.477449349999997,17.461596953125,64,,
cost_usd,muse,30.578537599999997,17.462549953125,64,,
cost_usd,muse,30.8683752,17.4748755625,64,,
cost_usd,muse,30.8764758,17.477399234375,64,,
cost_usd,muse,30.991293099999996,17.481283703125,64,,
cost_usd,muse,31.01109155,17.485988984375,64,,
cost_usd,muse,31.0526889,17.487328890625,64,,
cost_usd,muse,31.108203,17.490171359375,64,,
cost_usd,muse,31.22264575,17.493013921875,64,,
cost_usd,muse,31.28323705,17.498829140625,64,,
cost_usd,muse,31.383153099999998,17.498923296875,64,,
cost_usd,muse,31.385797649999997,17.502393984375,64,,
cost_usd,muse,31.42006235,17.50616078125,64,,
cost_usd,muse,31.70605985,17.508764140625,64,,
cost_usd,muse,31.8866259,17.509258546875,64,,
cost_usd,muse,31.99305905,17.509657421875,64,,
cost_usd,muse,32.23592885,17.5098183125,64,,
cost_usd,muse,32.3041839,17.515636046875,64,,
cost_usd,muse,32.4061886,17.526209203125,64,,
cost_usd,muse,32.522699949999996,17.535765765625,64,,
cost_usd,muse,32.54669445,17.540709640625,64,,
cost_usd,muse,32.58497425,17.5425691875,64,,
cost_usd,muse,32.5944242,17.562213828125,64,,
cost_usd,muse,32.6273646,17.5634465,64,,
cost_usd,muse,32.68300475,17.585472828125,64,,
cost_usd,muse,32.7299657,17.58570109375,64,,
cost_usd,muse,32.88239735,17.587668875,64,,
cost_usd,muse,32.9391837,17.589003328125,64,,
cost_usd,muse,32.9749898,17.58923875,64,,
cost_usd,muse,33.0185392,17.59093034375,64,,
cost_usd,muse,33.1048508,17.591619890625,64,,
cost_usd,muse,33.13082655,17.591619890625,64,,
cost_usd,muse,33.314201149999995,17.5922984375,64,,
cost_usd,muse,33.33699755,17.597205859375,64,,
cost_usd,muse,33.4473412,17.59937425,64,,
cost_usd,muse,33.493522,17.61046853125,64,,
cost_usd,muse,33.4956211,17.614728203125,64,,
cost_usd,muse,33.50344795,17.616626,64,,
cost_usd,muse,33.5279985,17.616525890625,64,,
cost_usd,muse,33.5296746,17.61825234375,64,,
cost_usd,muse,33.5317453,17.61923525,64,,
cost_usd,muse,33.6264089,17.619835921875,64,,
cost_usd,muse,33.82560915,17.620349484375,64,,
cost_usd,muse,33.871970450000006,17.6210336875,64,,
cost_usd,muse,33.87219145,17.62130671875,64,,
cost_usd,muse,34.007227,17.62170615625,64,,
cost_usd,muse,34.0911319,17.622416046875,64,,
cost_usd,muse,34.31831965,17.624154359375,64,,
cost_usd,muse,34.39975825,17.633088671875,64,,
cost_usd,muse,34.401323149999996,17.633716375,64,,
cost_usd,muse,34.4178919,17.6401339375,64,,
cost_usd,muse,34.51940175,17.642373125,64,,
cost_usd,muse,34.549997700000006,17.64835025,64,,
cost_usd,muse,34.92576615,17.653371796875,64,,
cost_usd,muse,34.993329849999995,17.65362059375,64,,
cost_usd,muse,35.142802700000004,17.655804140625,64,,
cost_usd,muse,35.157911799999994,17.659187296875,64,,
cost_usd,muse,35.20228425,17.6656269375,64,,
cost_usd,muse,35.447562049999995,17.66939309375,64,,
cost_usd,muse,35.493609,17.674892046875,64,,
cost_usd,muse,35.611528299999996,17.675120296875,64,,
cost_usd,muse,35.74315315,17.675120296875,64,,
cost_usd,muse,35.765778149999996,17.676949453125,64,,
cost_usd,muse,35.83861509999999,17.677759453125,64,,
cost_usd,muse,36.02197365,17.677844265625,64,,
cost_usd,muse,36.11031665,17.685509796875,64,,
cost_usd,muse,36.129040450000005,17.686153359374998,64,,
cost_usd,muse,36.15308835,17.687522875,64,,
cost_usd,muse,36.29875655,17.6877595,64,,
cost_usd,muse,36.36968315,17.6903363125,64,,
cost_usd,muse,36.4662885,17.69041821875,64,,
cost_usd,muse,36.539575299999996,17.685227765625,64,,
cost_usd,muse,36.7555823,17.691391765625,64,,
cost_usd,muse,37.163065950000004,17.692611328125,64,,
cost_usd,muse,37.1952989,17.694949046875,64,,
cost_usd,muse,37.342200549999994,17.692358625,64,,
cost_usd,muse,37.44449865,17.699506875,64,,
cost_usd,muse,37.8169244,17.699759703125,64,,
cost_usd,muse,37.82265434999999,17.699812828125,64,,
cost_usd,muse,38.012372,17.701941046875,64,,
cost_usd,muse,38.1179518,17.703733859375,64,,
cost_usd,muse,38.3270995,17.70484959375,64,,
cost_usd,muse,38.7349706,17.706872234375,64,,
cost_usd,muse,38.80788879999999,17.70824675,64,,
cost_usd,muse,39.175263599999994,17.7101315,64,,
cost_usd,muse,39.22883715,17.711611734375,64,,
cost_usd,muse,39.26412059999999,17.714347921875,64,,
cost_usd,muse,39.329486849999995,17.717705546875,64,,
cost_usd,muse,39.506267349999995,17.71849853125,64,,
cost_usd,muse,39.90753315,17.72160559375,64,,
cost_usd,muse,40.041441549999995,17.72160559375,64,,
cost_usd,muse,40.05416765,17.72309959375,64,,
cost_usd,muse,40.2389357,17.727857515625,64,,
cost_usd,muse,40.35867484999999,17.72780053125,64,,
cost_usd,muse,40.37118784999999,17.7279614375,64,,
cost_usd,muse,40.371211200000005,17.728018421875,64,,
cost_usd,muse,40.8027954,17.72813334375,64,,
cost_usd,muse,41.30820045,17.72840915625,64,,
cost_usd,muse,41.5397339,17.735017374999998,64,,
cost_usd,muse,41.57100375,17.7372474375,64,,
cost_usd,muse,41.7791614,17.737891015625,64,,
cost_usd,muse,42.20742644999999,17.74261959375,64,,
cost_usd,muse,42.46932095,17.7456858125,64,,
cost_usd,muse,42.72812534999999,17.753303125,64,,
cost_usd,muse,43.0446634,17.754038625,64,,
cost_usd,muse,43.053287700000006,17.75842359375,64,,
cost_usd,muse,43.06080245,17.7649789375,64,,
cost_usd,muse,43.40652165,17.76540396875,64,,
cost_usd,muse,43.763987449999995,17.765669625,64,,
cost_usd,muse,43.80671315,17.765483671875,64,,
cost_usd,muse,44.010260949999996,17.772349265625,64,,
cost_usd,muse,44.2914491,17.778831125,64,,
cost_usd,muse,44.5742264,17.780610984375,64,,
cost_usd,muse,44.680568,17.7820130625,64,,
cost_usd,muse,44.9082959,17.787149734375,64,,
cost_usd,muse,44.94567225,17.792143953125,64,,
cost_usd,muse,45.0490466,17.792419765625,64,,
cost_usd,muse,45.24408025,17.793109296875,64,,
cost_usd,muse,45.3653204,17.79504853125,64,,
cost_usd,muse,45.41268605,17.774801859375,64,,
cost_usd,muse,45.472755449999994,17.776863625,64,,
cost_usd,muse,45.496698599999995,17.77776003125,64,,
cost_usd,muse,46.3684394,17.780916484375,64,,
cost_usd,muse,46.623815949999994,17.790586140625,64,,
cost_usd,muse,47.2247978,17.793918921875,64,,
cost_usd,muse,47.3309412,17.801086359375,64,,
cost_usd,muse,47.5169175,17.801086359375,64,,
cost_usd,muse,47.744707649999995,17.80261946875,64,,
cost_usd,muse,47.784223350000005,17.80261946875,64,,
cost_usd,muse,47.8227085,17.81610009375,64,,
cost_usd,muse,47.886565299999994,17.81995203125,64,,
cost_usd,muse,48.79541,17.81995203125,64,,
cost_usd,muse,48.82667065,17.8211798125,64,,
cost_usd,muse,48.89218315,17.821312625,64,,
cost_usd,muse,49.3536333,17.822136140625,64,,
cost_usd,muse,49.980920600000005,17.825318375,64,,
cost_usd,muse,50.221950699999994,17.837857015625,64,,
cost_usd,muse,50.6918506,17.83805746875,64,,
cost_usd,muse,50.7157825,17.8430516875,64,,
cost_usd,muse,51.00987644999999,17.84999240625,64,,
cost_usd,muse,51.1778859,17.848945765625,64,,
cost_usd,muse,51.40731885,17.849421546875,64,,
cost_usd,muse,51.656182,17.86027796875,64,,
cost_usd,muse,51.772349850000005,17.86027796875,64,,
cost_usd,muse,51.87754519999999,17.860613171875,64,,
cost_usd,muse,52.1754913,17.862984875,64,,
cost_usd,muse,52.471098399999995,17.866252375,64,,
cost_usd,muse,52.68882255,17.866252375,64,,
cost_usd,muse,52.8802625,17.86715109375,64,,
cost_usd,muse,52.9933576,17.8688246875,64,,
cost_usd,muse,53.47219945,17.870631109375,64,,
cost_usd,muse,53.613420049999995,17.873874765625,64,,
cost_usd,muse,53.9313564,17.880382078125,64,,
cost_usd,muse,54.127131399999996,17.88184315625,64,,
cost_usd,muse,54.2914969,17.883672484375,64,,
cost_usd,muse,54.62824115,17.8837635,64,,
cost_usd,muse,54.63397435,17.88681846875,64,,
cost_usd,muse,55.016573699999995,17.883259921875,64,,
cost_usd,muse,55.29831875,17.888421875,64,,
cost_usd,muse,55.56627475,17.892298953125,64,,
cost_usd,muse,55.6666216,17.8956995625,64,,
cost_usd,muse,55.9440631,17.897722484375,64,,
cost_usd,muse,55.9492463,17.8985725625,64,,
cost_usd,muse,56.04516244999999,17.89860896875,64,,
cost_usd,muse,56.449279600000004,17.89860896875,64,,
cost_usd,muse,56.536150899999996,17.901032984375,64,,
cost_usd,muse,58.64876545,17.909316515625,64,,
cost_usd,muse,59.54803095,17.907607484375,64,,
cost_usd,muse,60.70701785,17.915908453125,64,,
cost_usd,muse,61.8340543,17.91601309375,64,,
cost_usd,muse,62.358735100000004,17.91814065625,64,,
cost_usd,muse,63.65339135,17.91960553125,64,,
cost_usd,muse,65.4202979,17.92042515625,64,,
cost_usd,muse,68.05619635,17.92726125,64,,
cost_usd,muse,72.0136043,17.939712703125,64,,
cost_usd,muse,72.7388164,17.940846234374998,64,,
cost_usd,muse,72.91412235,17.94140428125,64,,
cost_usd,muse,73.26843584999999,17.942712203125,64,,
cost_usd,muse,73.67084255,17.943810859375,64,,
cost_usd,muse,74.43218465000001,17.945572203125,64,,
cost_usd,muse,74.6465888,17.94935646875,64,,
cost_usd,muse,74.9565075,17.950664390625,64,,
cost_usd,muse,75.52149769999998,17.951954875,64,,
cost_usd,muse,75.797231,17.953070984375,64,,
cost_usd,muse,76.41389419999999,17.953890609375,64,,
cost_usd,muse,77.03031754999999,17.954623046875,64,,
cost_usd,muse,77.3026726,17.95699475,64,,
cost_usd,muse,79.27090494999999,17.958320125,64,,
cost_usd,muse,80.0701433,17.96161609375,64,,
cost_usd,muse,80.54093805,17.9626973125,64,,
cost_usd,muse,81.3532823,17.964388890625,64,,
cost_usd,muse,82.2940146,17.96663853125,64,,
cost_usd,muse,83.3940978,17.96826034375,64,,
cost_usd,muse,86.53038989999999,17.652596921875,64,,
cost_usd,muse,701.0,17.652596921875,64,,
cost_usd,sol,0.0,0.0,64,,
cost_usd,sol,0.1097656,-0.063519765625,64,,
cost_usd,sol,0.2447184,-0.067932828125,64,,
cost_usd,sol,0.300628,-0.061978265625,64,,
cost_usd,sol,0.366312,-0.058647250000000005,64,,
cost_usd,sol,0.4020576,0.06772560937500001,64,,
cost_usd,sol,0.4242872,0.19743857812499999,64,,
cost_usd,sol,0.479612,0.429664546875,64,,
cost_usd,sol,0.5314128,0.422535234375,64,,
cost_usd,sol,0.5701992,1.7769830468749999,64,,
cost_usd,sol,0.6045912,3.2301130156249998,64,,
cost_usd,sol,0.6385608,3.2284253749999996,64,,
cost_usd,sol,0.7041464,3.223606984375,64,,
cost_usd,sol,0.714264,3.2203400468749996,64,,
cost_usd,sol,0.7251528,3.23893190625,64,,
cost_usd,sol,0.7311576,3.23610478125,64,,
cost_usd,sol,0.7428776,3.3674722343749997,64,,
cost_usd,sol,0.7939456,3.366913515625,64,,
cost_usd,sol,0.8044896,3.366413609375,64,,
cost_usd,sol,0.8373655999999999,3.38981678125,64,,
cost_usd,sol,0.8397752,3.389332953125,64,,
cost_usd,sol,0.84456,3.389332953125,64,,
cost_usd,sol,0.999784,3.5745003124999997,64,,
cost_usd,sol,1.0173792,4.6717411874999994,64,,
cost_usd,sol,1.108488,4.792962328125,64,,
cost_usd,sol,1.109812,4.79207165625,64,,
cost_usd,sol,1.1130704,4.79292209375,64,,
cost_usd,sol,1.1372744,4.79305475,64,,
cost_usd,sol,1.139748,4.771530515625,64,,
cost_usd,sol,1.1646424,4.73175959375,64,,
cost_usd,sol,1.178048,4.734346203125,64,,
cost_usd,sol,1.2527208,4.734179578125,64,,
cost_usd,sol,1.292948,4.7709621718749995,64,,
cost_usd,sol,1.3239424,4.770123828125,64,,
cost_usd,sol,1.3442784,4.739890328125,64,,
cost_usd,sol,1.3505232,4.751533734375,64,,
cost_usd,sol,1.3783624,4.8653808125,64,,
cost_usd,sol,1.4171104,5.19679365625,64,,
cost_usd,sol,1.4180792,5.2003014062499995,64,,
cost_usd,sol,1.4484408,5.19961959375,64,,
cost_usd,sol,1.470964,5.193875109375,64,,
cost_usd,sol,1.4929784,5.5230139375,64,,
cost_usd,sol,1.5349432,5.589462640624999,64,,
cost_usd,sol,1.5575712,5.586273390625,64,,
cost_usd,sol,1.6192608,5.5955837187499995,64,,
cost_usd,sol,1.6339232,5.645276046875,64,,
cost_usd,sol,1.659092,5.644799046875,64,,
cost_usd,sol,1.699792,5.806782703125,64,,
cost_usd,sol,1.7137408,5.83485425,64,,
cost_usd,sol,1.8032336,5.7214149375,64,,
cost_usd,sol,1.8054712,5.739240046875,64,,
cost_usd,sol,1.928324,4.384792234375,64,,
cost_usd,sol,1.98534,4.4282283125,64,,
cost_usd,sol,1.9882784,4.739735765625,64,,
cost_usd,sol,2.0029808,5.092865890625,64,,
cost_usd,sol,2.012252,5.095692421875,64,,
cost_usd,sol,2.0751112000000003,5.1215010625,64,,
cost_usd,sol,2.1267576,5.42863778125,64,,
cost_usd,sol,2.1429936,5.46492875,64,,
cost_usd,sol,2.1637952,5.46492875,64,,
cost_usd,sol,2.1685768,5.465266859375,64,,
cost_usd,sol,2.1926128,5.520365546875,64,,
cost_usd,sol,2.2305536,5.544637390625,64,,
cost_usd,sol,2.257944,5.723205453125,64,,
cost_usd,sol,2.4465256,5.798251328125,64,,
cost_usd,sol,2.5145536,5.99988128125,64,,
cost_usd,sol,2.689444,6.0359360625,64,,
cost_usd,sol,2.7257856,5.985905484375,64,,
cost_usd,sol,2.7949968,5.99289246875,64,,
cost_usd,sol,2.890708,6.02147640625,64,,
cost_usd,sol,2.8911096,6.020583921875,64,,
cost_usd,sol,2.9207976,6.0226583125,64,,
cost_usd,sol,2.9234032,6.04107396875,64,,
cost_usd,sol,2.9841256,6.1267783125,64,,
cost_usd,sol,3.0327376,6.221833890625,64,,
cost_usd,sol,3.0445712,6.23704571875,64,,
cost_usd,sol,3.0665624,6.3723669375,64,,
cost_usd,sol,3.0688696,6.2423563125,64,,
cost_usd,sol,3.0973016,6.2502433125,64,,
cost_usd,sol,3.1548,6.31027609375,64,,
cost_usd,sol,3.1855936,6.59119203125,64,,
cost_usd,sol,3.2245616,6.596412828125,64,,
cost_usd,sol,3.2336552,6.473941734375,64,,
cost_usd,sol,3.3226272,6.891249421875,64,,
cost_usd,sol,3.3849584,6.94534190625,64,,
cost_usd,sol,3.5230056,6.9658672500000005,64,,
cost_usd,sol,3.608404,6.902011203125,64,,
cost_usd,sol,3.6348464,6.902011203125,64,,
cost_usd,sol,3.645016,7.2597960468750005,64,,
cost_usd,sol,3.7105544,7.256221046875,64,,
cost_usd,sol,3.80682,7.36921884375,64,,
cost_usd,sol,3.887532,7.369574484375,64,,
cost_usd,sol,3.9870312,7.736618046875,64,,
cost_usd,sol,4.0016352,8.3403753125,64,,
cost_usd,sol,4.0161168,8.355786546875,64,,
cost_usd,sol,4.0494432,8.481819109375,64,,
cost_usd,sol,4.058628,8.587251890625,64,,
cost_usd,sol,4.094856,8.5929833125,64,,
cost_usd,sol,4.115664,8.8134819375,64,,
cost_usd,sol,4.1340208,9.056579671875,64,,
cost_usd,sol,4.1975128,9.347551984375,64,,
cost_usd,sol,4.2253528,9.347999515625,64,,
cost_usd,sol,4.2449112,9.108669484375,64,,
cost_usd,sol,4.288868,9.6267330625,64,,
cost_usd,sol,4.400636,9.636125,64,,
cost_usd,sol,4.4340592,9.598353828125,64,,
cost_usd,sol,4.4658032,9.611060984375,64,,
cost_usd,sol,4.629764,9.9034695,64,,
cost_usd,sol,4.8484224,9.926977390625,64,,
cost_usd,sol,4.8776496,9.926550609375,64,,
cost_usd,sol,4.8863168,9.95254284375,64,,
cost_usd,sol,4.89998,9.97610215625,64,,
cost_usd,sol,4.9075632,9.991009796875,64,,
cost_usd,sol,4.9140672,9.991009796875,64,,
cost_usd,sol,5.0697168,10.151927546875,64,,
cost_usd,sol,5.0867368,10.164638109375,64,,
cost_usd,sol,5.1003664,9.97415790625,64,,
cost_usd,sol,5.1513096,10.185704171875,64,,
cost_usd,sol,5.1752976,10.291174265625,64,,
cost_usd,sol,5.1975232,10.2908555,64,,
cost_usd,sol,5.2051208,10.529760578125,64,,
cost_usd,sol,5.3065616,10.623289171875,64,,
cost_usd,sol,5.4070792,10.629266296875,64,,
cost_usd,sol,5.4081736,10.715741140625,64,,
cost_usd,sol,5.4226504,10.725683875,64,,
cost_usd,sol,5.5446408,10.80176065625,64,,
cost_usd,sol,5.6687416,11.170651640625,64,,
cost_usd,sol,5.8134696,11.177491859375,64,,
cost_usd,sol,5.8168864,11.29789021875,64,,
cost_usd,sol,5.8433088,11.439478875,64,,
cost_usd,sol,5.911824,11.484298359375,64,,
cost_usd,sol,6.1052384,13.067166875,64,,
cost_usd,sol,6.1100712,13.205359953125,64,,
cost_usd,sol,6.2012856,13.205940375,64,,
cost_usd,sol,6.338052,13.338888359375,64,,
cost_usd,sol,6.3702064,13.35457915625,64,,
cost_usd,sol,6.4252136,13.459115625,64,,
cost_usd,sol,6.4628992,13.450864125,64,,
cost_usd,sol,6.4677584,13.458539171875,64,,
cost_usd,sol,6.4749632,13.461514828125,64,,
cost_usd,sol,6.612632,13.528016625,64,,
cost_usd,sol,6.6181456,13.541619734375,64,,
cost_usd,sol,6.639196,13.560534078125,64,,
cost_usd,sol,6.7595016,13.625396671875,64,,
cost_usd,sol,6.8041048,13.67082484375,64,,
cost_usd,sol,6.8506896,13.74860415625,64,,
cost_usd,sol,6.9609392,13.77365009375,64,,
cost_usd,sol,7.0221312,13.788359328125,64,,
cost_usd,sol,7.17592,13.802812671875,64,,
cost_usd,sol,7.2392024,13.905124734375,64,,
cost_usd,sol,7.2990944,13.953892625,64,,
cost_usd,sol,7.3283816,14.193552859375,64,,
cost_usd,sol,7.4212016,14.233598625,64,,
cost_usd,sol,7.4881792,14.234639328125,64,,
cost_usd,sol,7.512108,14.317127328125,64,,
cost_usd,sol,7.5137888,14.3232011875,64,,
cost_usd,sol,7.5387376,14.350323125000001,64,,
cost_usd,sol,7.5467504,14.36719221875,64,,
cost_usd,sol,7.5980456,14.3669550625,64,,
cost_usd,sol,7.8205,14.36261859375,64,,
cost_usd,sol,7.82588,14.37655378125,64,,
cost_usd,sol,7.8839208,14.416244921875,64,,
cost_usd,sol,7.9052592,14.5030330625,64,,
cost_usd,sol,7.915168,14.569807515625,64,,
cost_usd,sol,7.930716,14.74134284375,64,,
cost_usd,sol,7.9535048,14.787689390625,64,,
cost_usd,sol,7.9829776,14.99325296875,64,,
cost_usd,sol,8.0033648,15.9546408125,64,,
cost_usd,sol,8.0313944,15.95559240625,64,,
cost_usd,sol,8.1536704,16.017983078125,64,,
cost_usd,sol,8.1848992,16.0229773125,64,,
cost_usd,sol,8.2580864,16.09963409375,64,,
cost_usd,sol,8.2589744,16.12405721875,64,,
cost_usd,sol,8.328284,16.3187529375,64,,
cost_usd,sol,8.3398104,16.329134359375,64,,
cost_usd,sol,8.406676,16.329233859375,64,,
cost_usd,sol,8.5745,16.35058596875,64,,
cost_usd,sol,8.5974176,16.408230109375,64,,
cost_usd,sol,8.6993792,16.436068625,64,,
cost_usd,sol,8.7073624,16.683075984375,64,,
cost_usd,sol,8.8175872,16.683660421875,64,,
cost_usd,sol,8.8222192,16.7014965625,64,,
cost_usd,sol,8.8657992,16.61578503125,64,,
cost_usd,sol,8.870992,16.625908125,64,,
cost_usd,sol,8.9537032,16.7040606875,64,,
cost_usd,sol,9.0560456,16.75850621875,64,,
cost_usd,sol,9.1292496,16.76300821875,64,,
cost_usd,sol,9.1689568,16.7646554375,64,,
cost_usd,sol,9.2098416,16.770159140625,64,,
cost_usd,sol,9.2468712,16.774055109375,64,,
cost_usd,sol,9.3115064,16.554170374999998,64,,
cost_usd,sol,9.4176168,16.555464796875,64,,
cost_usd,sol,9.5638136,16.582877078125,64,,
cost_usd,sol,9.5792968,16.528686328125,64,,
cost_usd,sol,9.6143288,16.552457203124998,64,,
cost_usd,sol,9.6969824,16.554044734375,64,,
cost_usd,sol,9.6991064,16.6084838125,64,,
cost_usd,sol,9.88688,16.60950478125,64,,
cost_usd,sol,9.9996,16.61080109375,64,,
cost_usd,sol,10.225052,16.676330265625,64,,
cost_usd,sol,10.2364456,16.674232265625,64,,
cost_usd,sol,10.4399656,16.7188969375,64,,
cost_usd,sol,10.4478048,16.74728821875,64,,
cost_usd,sol,10.465524,16.757411328125,64,,
cost_usd,sol,10.521712,16.758744078124998,64,,
cost_usd,sol,10.5426192,16.774626265625,64,,
cost_usd,sol,10.7276704,17.20100034375,64,,
cost_usd,sol,10.7389096,18.002985265625,64,,
cost_usd,sol,10.820772,18.00806646875,64,,
cost_usd,sol,10.9855584,18.00804303125,64,,
cost_usd,sol,11.0274864,18.010631703125,64,,
cost_usd,sol,11.0674888,18.121903390625,64,,
cost_usd,sol,11.136988,18.126425328125,64,,
cost_usd,sol,11.146176,18.12555190625,64,,
cost_usd,sol,11.2410928,18.126239875,64,,
cost_usd,sol,11.2992632,18.12831796875,64,,
cost_usd,sol,11.2997736,18.12831796875,64,,
cost_usd,sol,11.326328,18.134852578125,64,,
cost_usd,sol,11.3677584,18.159451765625,64,,
cost_usd,sol,11.543004,18.1727430625,64,,
cost_usd,sol,11.5884768,18.20614928125,64,,
cost_usd,sol,11.6596896,18.223904953125,64,,
cost_usd,sol,11.672636800000001,18.224629609375,64,,
cost_usd,sol,11.6922992,18.37430065625,64,,
cost_usd,sol,11.7561864,18.5968093125,64,,
cost_usd,sol,11.7629024,18.755484171875,64,,
cost_usd,sol,11.7764352,18.759423765625,64,,
cost_usd,sol,11.881536,18.79849021875,64,,
cost_usd,sol,11.9871408,18.782812859375,64,,
cost_usd,sol,12.0694392,18.804606421875,64,,
cost_usd,sol,12.2159008,18.804606421875,64,,
cost_usd,sol,12.3004504,18.857983859375,64,,
cost_usd,sol,12.3131592,18.867094640624998,64,,
cost_usd,sol,12.3586288,18.867094640624998,64,,
cost_usd,sol,12.3887248,18.994565609374998,64,,
cost_usd,sol,12.4662656,19.0197610625,64,,
cost_usd,sol,12.4685296,19.044432125,64,,
cost_usd,sol,12.5668288,19.078737015625,64,,
cost_usd,sol,12.6043744,19.21329090625,64,,
cost_usd,sol,12.6634696,19.214709640625,64,,
cost_usd,sol,12.67808,19.244850515625,64,,
cost_usd,sol,12.7348568,19.312691359375002,64,,
cost_usd,sol,12.7396424,19.316841484375,64,,
cost_usd,sol,12.7904536,19.339086828125,64,,
cost_usd,sol,12.795796,19.376659078125,64,,
cost_usd,sol,12.892572,19.53269821875,64,,
cost_usd,sol,12.9013008,19.570543859375,64,,
cost_usd,sol,12.9520464,19.579289953125,64,,
cost_usd,sol,12.971316,19.5822268125,64,,
cost_usd,sol,12.9787008,19.592995921875,64,,
cost_usd,sol,13.0709648,19.597903796875,64,,
cost_usd,sol,13.1002936,19.61730315625,64,,
cost_usd,sol,13.1095888,19.581139546875,64,,
cost_usd,sol,13.1949088,19.591814875,64,,
cost_usd,sol,13.4174528,19.60295028125,64,,
cost_usd,sol,13.644492,19.6104203125,64,,
cost_usd,sol,13.6861016,19.634346625,64,,
cost_usd,sol,13.763904,19.70115509375,64,,
cost_usd,sol,13.9341448,19.70115509375,64,,
cost_usd,sol,13.9492192,19.664548046875,64,,
cost_usd,sol,13.98604,19.69394275,64,,
cost_usd,sol,14.069484,19.566779578125,64,,
cost_usd,sol,14.1157984,19.729302609375,64,,
cost_usd,sol,14.1547576,19.758926890625002,64,,
cost_usd,sol,14.1650568,19.767103546875,64,,
cost_usd,sol,14.1672704,19.770137953125,64,,
cost_usd,sol,14.2165896,19.832595046875,64,,
cost_usd,sol,14.3745184,19.89644303125,64,,
cost_usd,sol,14.3866408,19.902709328125,64,,
cost_usd,sol,14.4334024,19.924413203125,64,,
cost_usd,sol,14.4366304,19.935247843750002,64,,
cost_usd,sol,14.4964864,19.978833375,64,,
cost_usd,sol,15.08816,20.034393109375,64,,
cost_usd,sol,15.172677600000002,20.04571884375,64,,
cost_usd,sol,15.2402648,20.484445609375,64,,
cost_usd,sol,15.2584584,20.4858105625,64,,
cost_usd,sol,15.3261128,20.489139640625,64,,
cost_usd,sol,15.396724,20.51815259375,64,,
cost_usd,sol,15.63654,20.756772125,64,,
cost_usd,sol,15.6453472,20.732087578125,64,,
cost_usd,sol,15.64986,20.741409671875,64,,
cost_usd,sol,15.741748,20.75736459375,64,,
cost_usd,sol,15.7516264,20.766926875,64,,
cost_usd,sol,15.82156,20.836918328125,64,,
cost_usd,sol,15.843688,20.841000140625,64,,
cost_usd,sol,15.8723408,20.883655953125,64,,
cost_usd,sol,15.961104,20.890932390625,64,,
cost_usd,sol,16.058184,20.892375890625,64,,
cost_usd,sol,16.1134344,20.909214875,64,,
cost_usd,sol,16.1561992,20.925466859375,64,,
cost_usd,sol,16.2137216,20.925915296875,64,,
cost_usd,sol,16.3889472,20.944218828125,64,,
cost_usd,sol,16.506644,21.03578246875,64,,
cost_usd,sol,16.5393608,21.05616596875,64,,
cost_usd,sol,16.5971856,21.08740146875,64,,
cost_usd,sol,16.6532832,21.100695,64,,
cost_usd,sol,16.7908992,21.09745353125,64,,
cost_usd,sol,16.8597256,21.098090859375,64,,
cost_usd,sol,16.8730672,21.102613875,64,,
cost_usd,sol,16.8947088,21.10667515625,64,,
cost_usd,sol,16.9344112,21.11823203125,64,,
cost_usd,sol,17.0291736,21.118207578125,64,,
cost_usd,sol,17.0391088,21.129607078125,64,,
cost_usd,sol,17.0631048,21.1383873125,64,,
cost_usd,sol,17.1549304,21.141407984375,64,,
cost_usd,sol,17.1770616,21.2433853125,64,,
cost_usd,sol,17.261792,21.243904375,64,,
cost_usd,sol,17.3195072,21.247766484375,64,,
cost_usd,sol,17.3916808,21.246832484375,64,,
cost_usd,sol,17.5197344,21.249510625,64,,
cost_usd,sol,17.5448768,21.275053984375,64,,
cost_usd,sol,17.563648,21.2829084375,64,,
cost_usd,sol,17.7118496,21.2837308125,64,,
cost_usd,sol,17.7318472,21.269022609375,64,,
cost_usd,sol,17.824744,21.2440921875,64,,
cost_usd,sol,17.8540224,21.246050203125,64,,
cost_usd,sol,17.8560296,20.75797215625,64,,
cost_usd,sol,17.9660464,20.84819803125,64,,
cost_usd,sol,18.09638,20.851847078125,64,,
cost_usd,sol,18.0995464,20.880665109375,64,,
cost_usd,sol,18.225028,20.883929265625,64,,
cost_usd,sol,18.254196,20.897413484375,64,,
cost_usd,sol,18.2862528,20.933878640625,64,,
cost_usd,sol,18.286964,20.942400125,64,,
cost_usd,sol,18.2998864,20.982943140625,64,,
cost_usd,sol,18.3841576,20.99227328125,64,,
cost_usd,sol,18.5585424,21.146545859375,64,,
cost_usd,sol,18.7394568,21.15087084375,64,,
cost_usd,sol,18.7517184,21.1585911875,64,,
cost_usd,sol,18.8079016,21.412619578125,64,,
cost_usd,sol,18.997716,21.4215038125,64,,
cost_usd,sol,19.0561336,21.423745843749998,64,,
cost_usd,sol,19.1435296,21.432379953125,64,,
cost_usd,sol,19.248272,21.4596718125,64,,
cost_usd,sol,19.2673232,21.483869828125,64,,
cost_usd,sol,19.314774399999997,21.485026171875,64,,
cost_usd,sol,19.3621848,21.50836846875,64,,
cost_usd,sol,19.3947432,21.56322990625,64,,
cost_usd,sol,19.4097784,21.5726503125,64,,
cost_usd,sol,19.4521736,21.573545984375,64,,
cost_usd,sol,19.576112,21.67147153125,64,,
cost_usd,sol,19.8645136,21.66526140625,64,,
cost_usd,sol,19.9347912,21.680443765625,64,,
cost_usd,sol,20.0668712,21.702593609375,64,,
cost_usd,sol,20.0788648,21.705791265625,64,,
cost_usd,sol,20.106752,21.712882375,64,,
cost_usd,sol,20.1070696,21.746446859375,64,,
cost_usd,sol,20.165672,21.752327390625,64,,
cost_usd,sol,20.2518016,21.752620328125,64,,
cost_usd,sol,20.3589896,21.74488865625,64,,
cost_usd,sol,20.3872224,21.74632265625,64,,
cost_usd,sol,20.438072,21.74632265625,64,,
cost_usd,sol,20.4433424,21.7768933125,64,,
cost_usd,sol,20.4479856,21.784578109375,64,,
cost_usd,sol,20.5723344,21.844757046875,64,,
cost_usd,sol,20.6121176,22.018439890625,64,,
cost_usd,sol,20.6357712,22.027197546875,64,,
cost_usd,sol,20.844424,22.033476359375,64,,
cost_usd,sol,20.9177824,22.030749484375,64,,
cost_usd,sol,21.1650744,22.0119791875,64,,
cost_usd,sol,21.3069912,22.0237221875,64,,
cost_usd,sol,21.3115408,21.977457375,64,,
cost_usd,sol,21.3356344,22.040679921875,64,,
cost_usd,sol,21.3376,22.043094640625,64,,
cost_usd,sol,21.3460928,22.053057890625,64,,
cost_usd,sol,21.3754672,22.0659996875,64,,
cost_usd,sol,21.4846256,22.068032859375,64,,
cost_usd,sol,21.4957256,22.071677203125,64,,
cost_usd,sol,21.5279968,22.110690375,64,,
cost_usd,sol,21.6321064,22.134042953125,64,,
cost_usd,sol,21.6456072,22.17065,64,,
cost_usd,sol,21.7608464,22.20591496875,64,,
cost_usd,sol,21.7712016,22.218042515625,64,,
cost_usd,sol,21.8607512,22.246759265625,64,,
cost_usd,sol,22.0954696,22.2622548125,64,,
cost_usd,sol,22.1428272,22.2641668125,64,,
cost_usd,sol,22.1601752,22.28023921875,64,,
cost_usd,sol,22.3572792,22.348737296875,64,,
cost_usd,sol,22.3613496,22.362794875,64,,
cost_usd,sol,22.4193688,22.3748554375,64,,
cost_usd,sol,22.4455056,22.369966125,64,,
cost_usd,sol,22.519292,22.849775625,64,,
cost_usd,sol,22.5518216,22.87637621875,64,,
cost_usd,sol,22.5996248,22.896968953125,64,,
cost_usd,sol,22.6312208,22.902931265625,64,,
cost_usd,sol,22.6922512,22.897324953125,64,,
cost_usd,sol,22.9691208,22.94414196875,64,,
cost_usd,sol,23.0242152,22.958940062499998,64,,
cost_usd,sol,23.2207112,22.97782103125,64,,
cost_usd,sol,23.2438552,22.982650453125,64,,
cost_usd,sol,23.3909416,22.986121296874998,64,,
cost_usd,sol,23.4409008,23.004899296875,64,,
cost_usd,sol,23.599668,23.09668625,64,,
cost_usd,sol,23.632057600000003,23.140936796875,64,,
cost_usd,sol,23.6709416,23.143780796875,64,,
cost_usd,sol,23.8331424,23.149143265625,64,,
cost_usd,sol,23.8605208,23.14997446875,64,,
cost_usd,sol,24.148916,23.16092390625,64,,
cost_usd,sol,24.3017624,23.12894796875,64,,
cost_usd,sol,24.3695752,23.15850425,64,,
cost_usd,sol,24.397576,23.159207140625,64,,
cost_usd,sol,24.4960072,23.4857090625,64,,
cost_usd,sol,24.519352,23.490736062499998,64,,
cost_usd,sol,24.549968,23.572371578125,64,,
cost_usd,sol,24.5842976,23.573094125,64,,
cost_usd,sol,24.5877328,23.59346540625,64,,
cost_usd,sol,24.6397808,23.5944470625,64,,
cost_usd,sol,24.6471736,23.616473390625,64,,
cost_usd,sol,24.732432,23.618496125,64,,
cost_usd,sol,24.7695192,23.679261078125,64,,
cost_usd,sol,24.8159576,23.683507,64,,
cost_usd,sol,24.8333064,23.689055453125,64,,
cost_usd,sol,24.8415976,23.693810828125,64,,
cost_usd,sol,24.866392,23.740447265625,64,,
cost_usd,sol,24.8713984,23.74166115625,64,,
cost_usd,sol,24.8833304,23.871006265625,64,,
cost_usd,sol,24.9928368,23.89896315625,64,,
cost_usd,sol,25.0096312,23.908353078125,64,,
cost_usd,sol,25.2837136,23.9099685625,64,,
cost_usd,sol,25.2926384,23.915560734375,64,,
cost_usd,sol,25.3229496,23.925409625,64,,
cost_usd,sol,25.486551200000005,23.935532625,64,,
cost_usd,sol,25.550572,23.95066928125,64,,
cost_usd,sol,25.7195464,23.951185249999998,64,,
cost_usd,sol,25.7488128,23.98336290625,64,,
cost_usd,sol,25.8290232,23.9868319375,64,,
cost_usd,sol,25.8546416,24.105961765625,64,,
cost_usd,sol,25.945628,24.111806171875,64,,
cost_usd,sol,26.0382024,24.143285765625,64,,
cost_usd,sol,26.1474736,24.19514475,64,,
cost_usd,sol,26.2962104,24.19164875,64,,
cost_usd,sol,26.3445848,24.2028948125,64,,
cost_usd,sol,26.5512096,24.2447314375,64,,
cost_usd,sol,26.6935216,24.258838484375,64,,
cost_usd,sol,26.9786352,24.249676828125,64,,
cost_usd,sol,26.9804336,24.2565200625,64,,
cost_usd,sol,26.982452,24.2680414375,64,,
cost_usd,sol,27.0179136,24.290242015625,64,,
cost_usd,sol,27.2509504,24.29064128125,64,,
cost_usd,sol,27.4649176,24.32886321875,64,,
cost_usd,sol,27.4909888,24.330204578125,64,,
cost_usd,sol,27.503836,24.343185015625,64,,
cost_usd,sol,27.5218592,24.395644984375,64,,
cost_usd,sol,27.529456,24.40593646875,64,,
cost_usd,sol,27.6681736,24.431586515625,64,,
cost_usd,sol,27.6795624,24.43884575,64,,
cost_usd,sol,27.706328,24.436292671875,64,,
cost_usd,sol,27.8246384,24.43673028125,64,,
cost_usd,sol,27.984048,24.4443673125,64,,
cost_usd,sol,28.1345608,24.46209290625,64,,
cost_usd,sol,28.1371032,24.5004921875,64,,
cost_usd,sol,28.3514544,24.504061203125,64,,
cost_usd,sol,28.3857656,24.51652640625,64,,
cost_usd,sol,28.58524,24.533849375,64,,
cost_usd,sol,28.6552408,24.54442225,64,,
cost_usd,sol,28.7550688,24.5525908125,64,,
cost_usd,sol,28.806876,24.546829890625,64,,
cost_usd,sol,28.8490288,24.5723054375,64,,
cost_usd,sol,28.9551416,24.61831059375,64,,
cost_usd,sol,29.1128096,24.61899134375,64,,
cost_usd,sol,29.3978176,24.6267445625,64,,
cost_usd,sol,29.4354032,24.61423690625,64,,
cost_usd,sol,29.7697688,24.636572234375,64,,
cost_usd,sol,29.7716336,24.63930371875,64,,
cost_usd,sol,29.8672168,24.656626703125,64,,
cost_usd,sol,30.1190424,24.66642425,64,,
cost_usd,sol,30.1318152,24.65629534375,64,,
cost_usd,sol,30.1470192,24.6563590625,64,,
cost_usd,sol,30.3173608,24.274376203125,64,,
cost_usd,sol,30.340244,24.306014828125,64,,
cost_usd,sol,30.3857032,24.319926890625,64,,
cost_usd,sol,30.4042232,24.34070378125,64,,
cost_usd,sol,30.4692992,24.347921859375,64,,
cost_usd,sol,30.481984,24.347269609375,64,,
cost_usd,sol,30.5204968,24.363872734375,64,,
cost_usd,sol,30.6811952,24.373168796875,64,,
cost_usd,sol,30.720852,24.405991421875,64,,
cost_usd,sol,30.7358512,24.4085445,64,,
cost_usd,sol,30.7483848,24.40876653125,64,,
cost_usd,sol,30.755008800000002,24.451263078125,64,,
cost_usd,sol,30.7775768,24.457846515625,64,,
cost_usd,sol,30.9842328,24.458685296875,64,,
cost_usd,sol,31.008596,24.498146890625,64,,
cost_usd,sol,31.0547144,24.520020828125,64,,
cost_usd,sol,31.2737608,24.522359828125,64,,
cost_usd,sol,31.2916808,24.522686671875,64,,
cost_usd,sol,31.3047688,24.53306921875,64,,
cost_usd,sol,31.462459199999998,24.535286828125,64,,
cost_usd,sol,31.5337936,24.564104859375,64,,
cost_usd,sol,31.6356552,24.575625171875,64,,
cost_usd,sol,31.6667808,24.58069509375,64,,
cost_usd,sol,31.6739632,24.59575840625,64,,
cost_usd,sol,31.7114872,24.613125703125,64,,
cost_usd,sol,31.7804032,24.61869209375,64,,
cost_usd,sol,31.8389088,24.62171934375,64,,
cost_usd,sol,31.9682688,24.624330625,64,,
cost_usd,sol,32.001456,24.62631353125,64,,
cost_usd,sol,32.1610624,24.6305905,64,,
cost_usd,sol,32.356268,24.6362235625,64,,
cost_usd,sol,32.3712472,24.644303859375,64,,
cost_usd,sol,32.5292296,24.644794140625,64,,
cost_usd,sol,32.534916,24.645520578125,64,,
cost_usd,sol,32.6659816,24.645553546875,64,,
cost_usd,sol,32.7393752,24.646576015625,64,,
cost_usd,sol,32.7499328,24.6551544375,64,,
cost_usd,sol,32.8436664,24.681027109374998,64,,
cost_usd,sol,32.848396,24.69531996875,64,,
cost_usd,sol,32.867328,24.723059375,64,,
cost_usd,sol,32.8982472,24.7387216875,64,,
cost_usd,sol,33.1141848,24.74241334375,64,,
cost_usd,sol,33.1670032,24.749290828125,64,,
cost_usd,sol,33.2324904,24.769021640625,64,,
cost_usd,sol,33.3009672,24.775423796875,64,,
cost_usd,sol,33.377228,24.779641078125,64,,
cost_usd,sol,33.4141576,24.781404828125,64,,
cost_usd,sol,33.5390336,24.799273453125,64,,
cost_usd,sol,33.5596552,24.805952765625,64,,
cost_usd,sol,33.7168152,24.815375171875,64,,
cost_usd,sol,33.7979264,24.815702015625,64,,
cost_usd,sol,33.9083288,24.84320275,64,,
cost_usd,sol,33.916164,24.844107265625,64,,
cost_usd,sol,33.9276672,24.857465546874998,64,,
cost_usd,sol,34.1098432,24.8635271875,64,,
cost_usd,sol,34.1343448,24.877538734375,64,,
cost_usd,sol,34.4198224,24.8783126875,64,,
cost_usd,sol,34.5328824,24.850226437499998,64,,
cost_usd,sol,34.5894176,24.84999890625,64,,
cost_usd,sol,34.6757208,24.844416875,64,,
cost_usd,sol,34.7356056,24.844832375,64,,
cost_usd,sol,34.8007704,24.83820753125,64,,
cost_usd,sol,34.879828,24.84571253125,64,,
cost_usd,sol,35.2564768,24.85955315625,64,,
cost_usd,sol,35.384388,24.862447531249998,64,,
cost_usd,sol,35.506132,24.86113315625,64,,
cost_usd,sol,35.613844,24.87198509375,64,,
cost_usd,sol,35.6526704,24.873830109375,64,,
cost_usd,sol,35.6744976,24.881866265625,64,,
cost_usd,sol,35.7082184,24.8833223125,64,,
cost_usd,sol,35.7219384,24.9558198125,64,,
cost_usd,sol,35.9015456,24.956486359375,64,,
cost_usd,sol,35.9517408,24.985304390625,64,,
cost_usd,sol,35.974852,24.995820375,64,,
cost_usd,sol,36.110088,24.995998515625,64,,
cost_usd,sol,36.1286352,25.00386959375,64,,
cost_usd,sol,36.2320768,25.009916296875,64,,
cost_usd,sol,36.3041896,25.029108984375,64,,
cost_usd,sol,36.3806304,25.02994,64,,
cost_usd,sol,36.4124304,25.03103759375,64,,
cost_usd,sol,36.4343408,25.029262875,64,,
cost_usd,sol,36.4424576,25.054068828125,64,,
cost_usd,sol,36.5809696,25.093177703125,64,,
cost_usd,sol,36.5979896,25.12558575,64,,
cost_usd,sol,36.6514696,25.1526149375,64,,
cost_usd,sol,36.6943664,25.15635365625,64,,
cost_usd,sol,36.835804,25.15871434375,64,,
cost_usd,sol,36.9952832,25.1933698125,64,,
cost_usd,sol,37.0029616,25.194924640625,64,,
cost_usd,sol,37.033424,25.233334890625,64,,
cost_usd,sol,37.223416,25.237060875,64,,
cost_usd,sol,37.2998864,25.2406235625,64,,
cost_usd,sol,37.3177896,25.24175378125,64,,
cost_usd,sol,37.467452,25.269960703125,64,,
cost_usd,sol,37.486712,25.284380359375,64,,
cost_usd,sol,37.5779624,25.293412453125,64,,
cost_usd,sol,37.6570608,25.296359578125,64,,
cost_usd,sol,37.7389344,25.347205390625,64,,
cost_usd,sol,37.8364296,25.34971390625,64,,
cost_usd,sol,37.9708712,25.349525046875,64,,
cost_usd,sol,38.2064608,25.360776734375,64,,
cost_usd,sol,38.2101744,25.461303015625,64,,
cost_usd,sol,38.2588584,25.459795875,64,,
cost_usd,sol,38.3258144,25.470614375,64,,
cost_usd,sol,38.400344,25.48272190625,64,,
cost_usd,sol,38.401824,25.483366781249998,64,,
cost_usd,sol,38.4528816,25.4854885625,64,,
cost_usd,sol,38.5531152,25.5065749375,64,,
cost_usd,sol,38.5547752,25.50962259375,64,,
cost_usd,sol,38.5945768,25.51491453125,64,,
cost_usd,sol,38.6215384,25.5560065,64,,
cost_usd,sol,38.7172616,25.569231140625,64,,
cost_usd,sol,38.8935136,25.57851584375,64,,
cost_usd,sol,39.3019024,25.5814645625,64,,
cost_usd,sol,39.3273272,25.582503609375,64,,
cost_usd,sol,39.3535576,25.5880233125,64,,
cost_usd,sol,39.3806856,25.619419046875,64,,
cost_usd,sol,39.382412,25.623576015625,64,,
cost_usd,sol,39.42722,25.626160140625,64,,
cost_usd,sol,39.8510168,25.833942109375,64,,
cost_usd,sol,39.8777928,25.897645328125,64,,
cost_usd,sol,40.0018408,25.85616159375,64,,
cost_usd,sol,40.1998944,25.882027078125,64,,
cost_usd,sol,40.3296096,25.884581234375,64,,
cost_usd,sol,40.35494,25.894222421875,64,,
cost_usd,sol,40.5205624,25.91187225,64,,
cost_usd,sol,40.5785008,25.936124046875,64,,
cost_usd,sol,40.60888,25.952650171875,64,,
cost_usd,sol,40.6551,25.9851315,64,,
cost_usd,sol,40.6675008,25.984137078125,64,,
cost_usd,sol,40.7711872,26.03242178125,64,,
cost_usd,sol,40.8750912,26.071943046875,64,,
cost_usd,sol,40.8943576,26.0867663125,64,,
cost_usd,sol,41.1114952,26.090578265625,64,,
cost_usd,sol,41.1574456,26.092686906249998,64,,
cost_usd,sol,41.2212424,26.476572,64,,
cost_usd,sol,41.3222832,26.49736496875,64,,
cost_usd,sol,41.3453624,26.504104984375,64,,
cost_usd,sol,41.3461064,26.5057330625,64,,
cost_usd,sol,41.3675136,26.51461090625,64,,
cost_usd,sol,41.3905544,26.516504578125,64,,
cost_usd,sol,41.569876,26.51542290625,64,,
cost_usd,sol,41.7208456,26.5126103125,64,,
cost_usd,sol,41.813896,26.5125124375,64,,
cost_usd,sol,41.931816,26.54784853125,64,,
cost_usd,sol,41.942844,26.5561320625,64,,
cost_usd,sol,41.9478288,26.558097671875,64,,
cost_usd,sol,41.9704328,26.56282484375,64,,
cost_usd,sol,42.0436856,26.56685846875,64,,
cost_usd,sol,42.170971200000004,26.58540059375,64,,
cost_usd,sol,42.2739232,26.59206803125,64,,
cost_usd,sol,42.3226032,26.599334484375,64,,
cost_usd,sol,42.5737952,26.610119109375,64,,
cost_usd,sol,42.6093784,26.6148476875,64,,
cost_usd,sol,42.611896,26.6372511875,64,,
cost_usd,sol,42.6186936,26.648245171875,64,,
cost_usd,sol,42.7558376,26.65006084375,64,,
cost_usd,sol,42.8993336,26.651208937499998,64,,
cost_usd,sol,43.0257416,26.65406046875,64,,
cost_usd,sol,43.121908,26.667975124999998,64,,
cost_usd,sol,43.24712,26.713746234374998,64,,
cost_usd,sol,43.2796616,26.71699875,64,,
cost_usd,sol,43.353968,26.760561,64,,
cost_usd,sol,43.3923872,26.80564240625,64,,
cost_usd,sol,43.526512,26.80635940625,64,,
cost_usd,sol,43.6570832,26.87961534375,64,,
cost_usd,sol,43.6951008,26.893202296875,64,,
cost_usd,sol,43.8172088,26.908666375,64,,
cost_usd,sol,43.835936,26.912704546875,64,,
cost_usd,sol,44.0460808,26.932580546875,64,,
cost_usd,sol,44.0571472,26.9365603125,64,,
cost_usd,sol,44.0895928,26.936707734375,64,,
cost_usd,sol,44.1871872,26.941675390625,64,,
cost_usd,sol,44.2169216,26.958864453125,64,,
cost_usd,sol,44.2531432,27.021332171875,64,,
cost_usd,sol,44.2937384,27.021344453125,64,,
cost_usd,sol,44.3781456,27.0236635625,64,,
cost_usd,sol,44.560124,27.023193515625,64,,
cost_usd,sol,44.5757328,27.023193515625,64,,
cost_usd,sol,44.6120448,27.035636609375,64,,
cost_usd,sol,44.7200384,27.0385485,64,,
cost_usd,sol,44.878056,27.047133984374998,64,,
cost_usd,sol,44.9789712,27.041304171874998,64,,
cost_usd,sol,45.058128,27.041221781249998,64,,
cost_usd,sol,45.169596,27.043698453125,64,,
cost_usd,sol,45.3084792,27.0542376875,64,,
cost_usd,sol,45.3204456,27.057861296875,64,,
cost_usd,sol,45.3928064,27.06783921875,64,,
cost_usd,sol,45.4093712,27.079399328125,64,,
cost_usd,sol,45.617344,27.1108753125,64,,
cost_usd,sol,45.6476544,27.11330990625,64,,
cost_usd,sol,45.6788952,27.133744234375,64,,
cost_usd,sol,45.7113344,27.1372181875,64,,
cost_usd,sol,45.7518224,27.158125890625,64,,
cost_usd,sol,45.865502400000004,27.168474390625,64,,
cost_usd,sol,46.0514736,27.225158046875,64,,
cost_usd,sol,46.358864,27.226308828125,64,,
cost_usd,sol,46.4389816,27.243648484375,64,,
cost_usd,sol,46.4592752,27.248016453125,64,,
cost_usd,sol,46.4731736,27.248016453125,64,,
cost_usd,sol,46.6183816,27.2425085625,64,,
cost_usd,sol,46.8917056,27.254621796875,64,,
cost_usd,sol,47.0286808,27.276912890625,64,,
cost_usd,sol,47.177844,27.278981484375,64,,
cost_usd,sol,47.2611512,27.284928171875,64,,
cost_usd,sol,47.4124152,27.286970812499998,64,,
cost_usd,sol,47.495992,27.28775928125,64,,
cost_usd,sol,47.5299552,27.28834603125,64,,
cost_usd,sol,47.601836,27.308185031249998,64,,
cost_usd,sol,47.8094872,27.3158304375,64,,
cost_usd,sol,47.8110704,27.320908625,64,,
cost_usd,sol,47.8365776,27.3526514375,64,,
cost_usd,sol,47.8998752,27.35494796875,64,,
cost_usd,sol,48.0567352,27.373481765625,64,,
cost_usd,sol,48.0808632,27.31698640625,64,,
cost_usd,sol,48.1244552,27.337481890625,64,,
cost_usd,sol,48.20434,27.339343625,64,,
cost_usd,sol,48.2296328,27.36302746875,64,,
cost_usd,sol,48.2415904,27.369249015625,64,,
cost_usd,sol,48.3057672,27.387886671875,64,,
cost_usd,sol,48.402108,27.41712240625,64,,
cost_usd,sol,48.4304184,27.41801921875,64,,
cost_usd,sol,48.4577968,27.426280921875,64,,
cost_usd,sol,48.52788,27.437290265625,64,,
cost_usd,sol,48.5796832,27.4388351875,64,,
cost_usd,sol,48.6742,27.46435428125,64,,
cost_usd,sol,48.7248024,27.49294,64,,
cost_usd,sol,48.7786808,27.504195265625,64,,
cost_usd,sol,49.0380936,27.526747828125,64,,
cost_usd,sol,49.2212928,27.529011,64,,
cost_usd,sol,49.4148192,27.537925078125,64,,
cost_usd,sol,49.6408112,27.54287034375,64,,
cost_usd,sol,49.7138296,27.576541578125,64,,
cost_usd,sol,49.7310736,27.57912175,64,,
cost_usd,sol,49.855704,27.587224703125,64,,
cost_usd,sol,49.9307568,27.597876734375,64,,
cost_usd,sol,50.2322408,27.6191835625,64,,
cost_usd,sol,50.3505496,27.6341175,64,,
cost_usd,sol,50.52622,27.632792640625,64,,
cost_usd,sol,50.7268472,27.635092109375,64,,
cost_usd,sol,50.7284464,27.63635946875,64,,
cost_usd,sol,50.8374584,27.642442859375,64,,
cost_usd,sol,50.892296,27.645004796875,64,,
cost_usd,sol,51.054524,27.6588745625,64,,
cost_usd,sol,51.0745208,27.662498046875,64,,
cost_usd,sol,51.129552,27.681123390625,64,,
cost_usd,sol,51.216712,27.68022425,64,,
cost_usd,sol,51.2592464,27.6810420625,64,,
cost_usd,sol,51.4674088,27.677844546875,64,,
cost_usd,sol,51.5754192,27.676865046875,64,,
cost_usd,sol,51.6704784,27.68346478125,64,,
cost_usd,sol,51.7685432,27.6846134375,64,,
cost_usd,sol,51.9256384,27.69480984375,64,,
cost_usd,sol,51.9625552,27.707553625,64,,
cost_usd,sol,52.0784456,27.71641909375,64,,
cost_usd,sol,52.12498,27.7194740625,64,,
cost_usd,sol,52.146787200000006,27.723508234375,64,,
cost_usd,sol,52.2509496,27.7309945625,64,,
cost_usd,sol,52.2820408,27.731114328125,64,,
cost_usd,sol,52.3044176,27.772598046875,64,,
cost_usd,sol,52.3401296,27.80996790625,64,,
cost_usd,sol,52.5899152,27.833975453125,64,,
cost_usd,sol,52.639244,27.84182559375,64,,
cost_usd,sol,52.6433488,27.843543515625,64,,
cost_usd,sol,52.6576216,27.858110421875,64,,
cost_usd,sol,52.9280224,27.858366390625,64,,
cost_usd,sol,53.0178632,27.859713140625,64,,
cost_usd,sol,53.0648584,27.87393215625,64,,
cost_usd,sol,53.2037992,27.874153265625,64,,
cost_usd,sol,53.2977576,27.880178171875,64,,
cost_usd,sol,53.4426056,27.89088259375,64,,
cost_usd,sol,53.4545248,27.870978921875,64,,
cost_usd,sol,53.4886664,27.87347603125,64,,
cost_usd,sol,53.5089664,27.881541,64,,
cost_usd,sol,53.7833,27.88419840625,64,,
cost_usd,sol,53.8523576,27.885342375,64,,
cost_usd,sol,53.90323440000001,27.886488453125,64,,
cost_usd,sol,53.9706192,27.88975628125,64,,
cost_usd,sol,54.025656,27.896625734375,64,,
cost_usd,sol,54.2929336,27.898834203125,64,,
cost_usd,sol,54.503188,27.890803734374998,64,,
cost_usd,sol,54.5979992,27.8927456875,64,,
cost_usd,sol,54.7488384,27.8987075625,64,,
cost_usd,sol,54.7804064,27.902187578124998,64,,
cost_usd,sol,54.8972488,27.90846728125,64,,
cost_usd,sol,54.9087648,27.914047640625,64,,
cost_usd,sol,54.9307184,27.91912959375,64,,
cost_usd,sol,54.9720576,27.929290921875,64,,
cost_usd,sol,55.051504,27.939448078125,64,,
cost_usd,sol,55.3408696,27.947174046875,64,,
cost_usd,sol,55.342788,27.95415340625,64,,
cost_usd,sol,55.3652352,28.000488578125,64,,
cost_usd,sol,55.5050048,28.00600828125,64,,
cost_usd,sol,55.5366712,28.0266694375,64,,
cost_usd,sol,55.571036,28.07361421875,64,,
cost_usd,sol,55.623896,28.075140796875,64,,
cost_usd,sol,55.7425864,28.074885484375,64,,
cost_usd,sol,55.81786,28.090057421875,64,,
cost_usd,sol,55.8520224,28.098852390624998,64,,
cost_usd,sol,56.0315944,28.102438671875,64,,
cost_usd,sol,56.0963024,28.106990765625,64,,
cost_usd,sol,56.1561952,28.199481734375,64,,
cost_usd,sol,56.3122304,28.202796203125,64,,
cost_usd,sol,56.3202288,28.203465734375,64,,
cost_usd,sol,56.3845352,28.20361565625,64,,
cost_usd,sol,56.5129312,28.21136415625,64,,
cost_usd,sol,56.5857736,28.221659890625,64,,
cost_usd,sol,56.6086504,28.222524,64,,
cost_usd,sol,56.8463128,28.302608625,64,,
cost_usd,sol,56.8921824,28.317537890625,64,,
cost_usd,sol,56.9796744,28.31776778125,64,,
cost_usd,sol,57.154136,28.322832234375,64,,
cost_usd,sol,57.173096,28.323087546875,64,,
cost_usd,sol,57.236556,28.3249126875,64,,
cost_usd,sol,57.2590112,28.32571621875,64,,
cost_usd,sol,57.262036,28.323210046875,64,,
cost_usd,sol,57.38469440000001,28.325114375,64,,
cost_usd,sol,57.3966568,28.33002890625,64,,
cost_usd,sol,57.438924799999995,28.33075096875,64,,
cost_usd,sol,57.584376,28.35099978125,64,,
cost_usd,sol,57.7306912,28.352307171875,64,,
cost_usd,sol,57.767036,28.35382909375,64,,
cost_usd,sol,57.7732624,28.3750323125,64,,
cost_usd,sol,57.8443312,28.384970796875,64,,
cost_usd,sol,58.1567232,28.392426984375,64,,
cost_usd,sol,58.188088,28.39738896875,64,,
cost_usd,sol,58.196488,28.39880175,64,,
cost_usd,sol,58.3188928,28.418169765625,64,,
cost_usd,sol,58.442372,28.437970640625,64,,
cost_usd,sol,58.776456,28.44097884375,64,,
cost_usd,sol,58.7871032,28.44239515625,64,,
cost_usd,sol,59.0012256,28.44471121875,64,,
cost_usd,sol,59.3107032,28.445516921875,64,,
cost_usd,sol,59.327664,28.45061203125,64,,
cost_usd,sol,59.3287,28.466936828125,64,,
cost_usd,sol,59.4211376,28.478551203125,64,,
cost_usd,sol,59.5624472,28.4838601875,64,,
cost_usd,sol,59.79904,28.4910499375,64,,
cost_usd,sol,59.813244,28.492020453125,64,,
cost_usd,sol,59.8161608,28.6857990625,64,,
cost_usd,sol,59.8694688,28.686184015625,64,,
cost_usd,sol,60.0436608,28.68797471875,64,,
cost_usd,sol,60.2231616,28.70246915625,64,,
cost_usd,sol,60.243296,28.70790284375,64,,
cost_usd,sol,60.2745384,28.71533384375,64,,
cost_usd,sol,60.3744256,28.72191896875,64,,
cost_usd,sol,60.3916128,28.741633953125,64,,
cost_usd,sol,60.4158312,28.769661359375,64,,
cost_usd,sol,60.5693192,28.779304453125,64,,
cost_usd,sol,60.6658304,28.781267953125,64,,
cost_usd,sol,60.6747992,28.785815125,64,,
cost_usd,sol,60.8111456,28.789732390624998,64,,
cost_usd,sol,60.8638624,28.791345390625,64,,
cost_usd,sol,60.8944632,28.794532859375,64,,
cost_usd,sol,60.9967544,28.851257640625,64,,
cost_usd,sol,61.0898432,28.853050109375,64,,
cost_usd,sol,61.1936656,28.891291390625,64,,
cost_usd,sol,61.2819992,28.9020043125,64,,
cost_usd,sol,61.4559624,28.904937640625,64,,
cost_usd,sol,61.4717504,28.9114379375,64,,
cost_usd,sol,61.4884136,28.912537265625,64,,
cost_usd,sol,61.6362848,28.913114671875,64,,
cost_usd,sol,61.8347736,28.918766390625,64,,
cost_usd,sol,61.884084,28.922724265625,64,,
cost_usd,sol,62.0532424,28.900041421875,64,,
cost_usd,sol,62.0556168,28.905773421875,64,,
cost_usd,sol,62.135796,28.925593453125,64,,
cost_usd,sol,62.1430808,28.955741875,64,,
cost_usd,sol,62.19772,28.95714384375,64,,
cost_usd,sol,62.2532192,28.95972825,64,,
cost_usd,sol,62.3840912,28.9712418125,64,,
cost_usd,sol,62.4577664,28.971642890625,64,,
cost_usd,sol,62.569456,28.97985146875,64,,
cost_usd,sol,62.673256,28.9821050625,64,,
cost_usd,sol,62.7823728,28.98765596875,64,,
cost_usd,sol,62.8032408,28.9917460625,64,,
cost_usd,sol,62.894808,28.991934984375,64,,
cost_usd,sol,62.9274648,28.992879296875,64,,
cost_usd,sol,62.9932216,29.007497171875,64,,
cost_usd,sol,63.2118552,29.012715171875,64,,
cost_usd,sol,63.29462,29.0171379375,64,,
cost_usd,sol,63.3318104,29.01844396875,64,,
cost_usd,sol,63.5524752,29.0205669375,64,,
cost_usd,sol,63.821672,29.03977296875,64,,
cost_usd,sol,63.9036312,29.0407830625,64,,
cost_usd,sol,63.9090864,29.045163421875,64,,
cost_usd,sol,64.0580616,29.0447874375,64,,
cost_usd,sol,64.160084,29.049542515625,64,,
cost_usd,sol,64.6159904,29.05608171875,64,,
cost_usd,sol,64.789172,29.056175796875,64,,
cost_usd,sol,64.9468448,29.064270765625,64,,
cost_usd,sol,64.9815208,29.071011078125,64,,
cost_usd,sol,64.9878432,29.07200003125,64,,
cost_usd,sol,65.1193848,29.08426859375,64,,
cost_usd,sol,65.1478496,29.08541465625,64,,
cost_usd,sol,65.2307272,29.0882410625,64,,
cost_usd,sol,65.262844,29.088981234375,64,,
cost_usd,sol,65.3202944,29.1055361875,64,,
cost_usd,sol,65.3256288,29.106178640625,64,,
cost_usd,sol,65.4776688,29.138437625,64,,
cost_usd,sol,65.6576184,29.137174890625,64,,
cost_usd,sol,65.9045032,29.1441105,64,,
cost_usd,sol,65.9866176,29.096131546875,64,,
cost_usd,sol,66.022212,29.095567265625,64,,
cost_usd,sol,66.0247672,29.135606234375,64,,
cost_usd,sol,66.0932504,29.14491315625,64,,
cost_usd,sol,66.147124,29.148715203125,64,,
cost_usd,sol,66.1640944,29.154850984375,64,,
cost_usd,sol,66.3925936,29.1616781875,64,,
cost_usd,sol,66.400452,29.163860828125,64,,
cost_usd,sol,66.5109536,29.16466034375,64,,
cost_usd,sol,66.6142168,29.1744405,64,,
cost_usd,sol,66.6268248,29.177236999999998,64,,
cost_usd,sol,66.644788,29.1194924375,64,,
cost_usd,sol,66.6503472,29.124348078125,64,,
cost_usd,sol,66.7195728,29.12953971875,64,,
cost_usd,sol,66.741732,29.135525390625,64,,
cost_usd,sol,66.7482672,29.136678875,64,,
cost_usd,sol,66.8050696,29.144640515625,64,,
cost_usd,sol,66.83152,29.1599334375,64,,
cost_usd,sol,66.8845392,29.1685175,64,,
cost_usd,sol,67.0319808,29.16966,64,,
cost_usd,sol,67.1591408,29.171452703125,64,,
cost_usd,sol,67.2980224,29.230629234374998,64,,
cost_usd,sol,67.4262288,29.235969515625,64,,
cost_usd,sol,67.5053856,29.236283015625,64,,
cost_usd,sol,67.7310128,29.253961390625,64,,
cost_usd,sol,67.8429744,29.255205375,64,,
cost_usd,sol,67.892676,29.27586303125,64,,
cost_usd,sol,67.8941984,29.34761915625,64,,
cost_usd,sol,68.0347768,29.348191328125,64,,
cost_usd,sol,68.0861584,29.379145015625,64,,
cost_usd,sol,68.1326088,29.3831188125,64,,
cost_usd,sol,68.199304,29.383470390625,64,,
cost_usd,sol,68.2788296,29.395236296874998,64,,
cost_usd,sol,68.2841536,29.3960645,64,,
cost_usd,sol,68.3899632,29.415056203125,64,,
cost_usd,sol,68.5338576,29.43950934375,64,,
cost_usd,sol,68.567936,29.4557211875,64,,
cost_usd,sol,68.5687936,29.459548703125,64,,
cost_usd,sol,68.6932784,29.4701690625,64,,
cost_usd,sol,68.9219544,29.479127953125,64,,
cost_usd,sol,68.9548024,29.47930609375,64,,
cost_usd,sol,69.2117248,29.482217984375,64,,
cost_usd,sol,69.2360296,29.501901421875,64,,
cost_usd,sol,69.331524,29.51311184375,64,,
cost_usd,sol,69.5800544,29.52043153125,64,,
cost_usd,sol,69.6066312,29.540387359375,64,,
cost_usd,sol,69.6664184,29.5438248125,64,,
cost_usd,sol,69.7564536,29.5485091875,64,,
cost_usd,sol,69.8163472,29.551228390625,64,,
cost_usd,sol,69.8981624,29.57632046875,64,,
cost_usd,sol,70.180736,29.580727390625,64,,
cost_usd,sol,70.2232864,29.57918684375,64,,
cost_usd,sol,70.3334424,29.57927728125,64,,
cost_usd,sol,70.4574976,29.60028559375,64,,
cost_usd,sol,70.519324,29.60137125,64,,
cost_usd,sol,70.5399296,29.601813515625,64,,
cost_usd,sol,70.6334632,29.62272121875,64,,
cost_usd,sol,70.746848,29.6278270625,64,,
cost_usd,sol,71.3155288,29.6294781875,64,,
cost_usd,sol,71.5300936,30.027690875,64,,
cost_usd,sol,71.7001848,30.032297234375,64,,
cost_usd,sol,71.905756,30.032794828125,64,,
cost_usd,sol,71.9135232,30.033964015625,64,,
cost_usd,sol,72.2978888,30.039357015625,64,,
cost_usd,sol,72.4689328,30.044355265625,64,,
cost_usd,sol,72.6021264,30.047654140625,64,,
cost_usd,sol,72.6225432,30.05117628125,64,,
cost_usd,sol,72.6677768,30.051600875,64,,
cost_usd,sol,72.7344912,30.06153721875,64,,
cost_usd,sol,72.7892128,30.063185703125,64,,
cost_usd,sol,72.81104,30.063675375,64,,
cost_usd,sol,72.848552,30.0642278125,64,,
cost_usd,sol,72.99128480000002,30.06828703125,64,,
cost_usd,sol,73.0188664,30.0688305625,64,,
cost_usd,sol,73.0227928,30.090009203125,64,,
cost_usd,sol,73.05592,30.101509546875,64,,
cost_usd,sol,73.550424,30.124735453125,64,,
cost_usd,sol,73.6432952,30.128027453125,64,,
cost_usd,sol,73.650132,30.12622978125,64,,
cost_usd,sol,73.7361912,30.129163640625,64,,
cost_usd,sol,73.8326824,30.1301581875,64,,
cost_usd,sol,74.003744,30.143808765625,64,,
cost_usd,sol,74.0469656,30.177907828125,64,,
cost_usd,sol,74.1333248,30.189496140625,64,,
cost_usd,sol,74.1934296,30.192821,64,,
cost_usd,sol,74.2512792,30.19330153125,64,,
cost_usd,sol,74.4012752,30.19663946875,64,,
cost_usd,sol,74.7370856,30.204482281249998,64,,
cost_usd,sol,74.7661984,30.208450890625,64,,
cost_usd,sol,74.8000784,30.217197343749998,64,,
cost_usd,sol,75.02607520000001,30.21758021875,64,,
cost_usd,sol,75.0622352,30.229794171875,64,,
cost_usd,sol,75.4063728,30.231895109375,64,,
cost_usd,sol,75.4422864,30.232335578125,64,,
cost_usd,sol,75.5816384,30.236185359375,64,,
cost_usd,sol,75.5956376,30.24748384375,64,,
cost_usd,sol,75.772888,30.26281490625,64,,
cost_usd,sol,75.9559544,30.26521034375,64,,
cost_usd,sol,75.96146,30.381625171875,64,,
cost_usd,sol,76.1579464,30.39487190625,64,,
cost_usd,sol,76.4070376,30.4153599375,64,,
cost_usd,sol,76.6609768,30.4289258125,64,,
cost_usd,sol,76.671084,30.4216706875,64,,
cost_usd,sol,76.702112,30.999860796874998,64,,
cost_usd,sol,76.8455016,31.00187071875,64,,
cost_usd,sol,76.902004,31.0045521875,64,,
cost_usd,sol,76.9222768,31.042141875,64,,
cost_usd,sol,76.9294696,31.055991296875,64,,
cost_usd,sol,76.9325552,31.057795203125,64,,
cost_usd,sol,77.0197592,31.071869109375,64,,
cost_usd,sol,77.0685752,31.0727316875,64,,
cost_usd,sol,77.1700544,31.0812128125,64,,
cost_usd,sol,77.2692656,31.098841828125,64,,
cost_usd,sol,77.4011056,31.10597846875,64,,
cost_usd,sol,77.4915016,31.108462234375,64,,
cost_usd,sol,77.8435264,31.203689265625,64,,
cost_usd,sol,77.87886480000002,31.204837890625,64,,
cost_usd,sol,78.1028152,31.21083690625,64,,
cost_usd,sol,78.363524,31.221239421875,64,,
cost_usd,sol,78.39553120000001,31.22552415625,64,,
cost_usd,sol,78.3979456,31.22828659375,64,,
cost_usd,sol,78.4017248,31.236014875,64,,
cost_usd,sol,78.511056,31.236954359375,64,,
cost_usd,sol,78.7163744,31.2464268125,64,,
cost_usd,sol,78.7239264,31.24987078125,64,,
cost_usd,sol,78.73176,31.256030921875,64,,
cost_usd,sol,78.7748168,31.256030921875,64,,
cost_usd,sol,78.7925776,31.275258875,64,,
cost_usd,sol,78.9382912,31.325227640625,64,,
cost_usd,sol,78.9836984,31.329050078125,64,,
cost_usd,sol,79.126952,31.3453046875,64,,
cost_usd,sol,79.207428,31.346139984375,64,,
cost_usd,sol,79.2858816,31.361637484375,64,,
cost_usd,sol,79.2864832,31.36360853125,64,,
cost_usd,sol,79.32926,31.365972609375,64,,
cost_usd,sol,79.4494328,31.369598265625,64,,
cost_usd,sol,79.5622888,31.368557515625,64,,
cost_usd,sol,79.7012216,31.36913728125,64,,
cost_usd,sol,79.7214744,31.370437109375,64,,
cost_usd,sol,79.7430448,31.38134940625,64,,
cost_usd,sol,79.7922792,31.3806893125,64,,
cost_usd,sol,79.8012248,31.40447353125,64,,
cost_usd,sol,79.96874880000001,31.41209084375,64,,
cost_usd,sol,79.9794224,31.414210453125,64,,
cost_usd,sol,79.9865728,31.415385015625,64,,
cost_usd,sol,80.0774256,31.416349796875,64,,
cost_usd,sol,80.168968,31.4276015,64,,
cost_usd,sol,80.1863072,31.4381728125,64,,
cost_usd,sol,80.3684592,31.447643328125,64,,
cost_usd,sol,80.6298656,31.448055390625,64,,
cost_usd,sol,80.76724480000001,31.448458828125,64,,
cost_usd,sol,80.8867608,31.46764909375,64,,
cost_usd,sol,80.955648,31.471081375,64,,
cost_usd,sol,81.0955736,31.474074,64,,
cost_usd,sol,81.2098904,31.475509875,64,,
cost_usd,sol,81.38822,31.482067984375,64,,
cost_usd,sol,81.411528,31.4835174375,64,,
cost_usd,sol,81.4514888,31.484842390625,64,,
cost_usd,sol,81.5885904,31.499745359374998,64,,
cost_usd,sol,81.7087816,31.50782384375,64,,
cost_usd,sol,81.8100144,31.51138953125,64,,
cost_usd,sol,81.876468,31.5137699375,64,,
cost_usd,sol,81.9164688,31.531042359375,64,,
cost_usd,sol,81.928584,31.534152343749998,64,,
cost_usd,sol,82.0285088,31.537643953125,64,,
cost_usd,sol,82.1862688,31.674787296875,64,,
cost_usd,sol,82.4093224,31.67086853125,64,,
cost_usd,sol,82.5032728,31.675390671875,64,,
cost_usd,sol,82.5199456,31.676489484375,64,,
cost_usd,sol,82.5691832,31.677769171875,64,,
cost_usd,sol,82.6848856,31.68617396875,64,,
cost_usd,sol,82.7961704,31.690177640625,64,,
cost_usd,sol,82.8438584,31.711505265625,64,,
cost_usd,sol,82.9089816,31.714854484375,64,,
cost_usd,sol,83.0174824,31.72797790625,64,,
cost_usd,sol,83.0648056,31.72794609375,64,,
cost_usd,sol,83.0783624,31.764464125,64,,
cost_usd,sol,83.1168576,31.76655359375,64,,
cost_usd,sol,83.11728,31.77271371875,64,,
cost_usd,sol,83.3056568,31.776515421875,64,,
cost_usd,sol,83.337168,31.7804706875,64,,
cost_usd,sol,83.6125128,31.78056959375,64,,
cost_usd,sol,83.6251088,31.808882734375,64,,
cost_usd,sol,83.6360144,31.8099648125,64,,
cost_usd,sol,83.686156,31.81035540625,64,,
cost_usd,sol,83.7201096,31.81692259375,64,,
cost_usd,sol,83.9145192,31.8190240625,64,,
cost_usd,sol,84.2682464,31.8193745625,64,,
cost_usd,sol,84.3575088,31.828194609375,64,,
cost_usd,sol,84.4377776,31.8278750625,64,,
cost_usd,sol,84.7139432,31.828440515625,64,,
cost_usd,sol,84.738668,31.832310203125,64,,
cost_usd,sol,84.8057224,31.833507921875,64,,
cost_usd,sol,84.8364152,31.83269665625,64,,
cost_usd,sol,84.8579424,31.83292278125,64,,
cost_usd,sol,84.9211768,31.83346540625,64,,
cost_usd,sol,85.0166536,31.8412199375,64,,
cost_usd,sol,85.0861952,31.860872625,64,,
cost_usd,sol,85.3673392,31.862754046875,64,,
cost_usd,sol,85.4081864,31.86654159375,64,,
cost_usd,sol,85.7165288,31.88174478125,64,,
cost_usd,sol,85.7277608,31.894044375,64,,
cost_usd,sol,85.75428080000002,31.895282953125,64,,
cost_usd,sol,85.8270808,31.922706703125,64,,
cost_usd,sol,85.9331152,31.923234125,64,,
cost_usd,sol,86.0082472,31.93322575,64,,
cost_usd,sol,86.2035616,31.940806671875,64,,
cost_usd,sol,86.2231912,31.952240828125,64,,
cost_usd,sol,86.24736,31.952719453125,64,,
cost_usd,sol,86.2701144,31.954821140625,64,,
cost_usd,sol,86.5818816,31.960415203125,64,,
cost_usd,sol,86.5962112,31.989465484375,64,,
cost_usd,sol,86.6162296,31.996051328125,64,,
cost_usd,sol,86.7138808,32.00051784375,64,,
cost_usd,sol,86.7247456,32.01251384375,64,,
cost_usd,sol,87.1199608,32.013817828125,64,,
cost_usd,sol,87.2502256,32.035986015625,64,,
cost_usd,sol,87.2936496,32.03684859375,64,,
cost_usd,sol,87.546276,32.05916,64,,
cost_usd,sol,87.6268336,32.08782021875,64,,
cost_usd,sol,87.7941904,32.093863296875,64,,
cost_usd,sol,88.0030888,32.096156203125,64,,
cost_usd,sol,88.1269448,32.0975578125,64,,
cost_usd,sol,88.1644032,32.10588021875,64,,
cost_usd,sol,88.2038272,32.100603046875,64,,
cost_usd,sol,88.3805232,32.107861140625,64,,
cost_usd,sol,88.4436248,32.11262696875,64,,
cost_usd,sol,88.4507976,32.115812375,64,,
cost_usd,sol,88.661704,32.117128765625,64,,
cost_usd,sol,88.6684904,32.118142546875,64,,
cost_usd,sol,88.6782368,32.124034546875,64,,
cost_usd,sol,88.73230480000001,32.125011015625,64,,
cost_usd,sol,88.7879,32.129791374999996,64,,
cost_usd,sol,88.901888,32.136365890625,64,,
cost_usd,sol,89.0022616,32.13681965625,64,,
cost_usd,sol,89.21822,32.1419651875,64,,
cost_usd,sol,89.2839776,32.14219690625,64,,
cost_usd,sol,89.5235848,32.141829796875,64,,
cost_usd,sol,89.5681704,32.14834771875,64,,
cost_usd,sol,89.6017208,32.18166021875,64,,
cost_usd,sol,89.636,32.185404453125,64,,
cost_usd,sol,89.7419624,32.2149943125,64,,
cost_usd,sol,89.8072304,32.217029265625,64,,
cost_usd,sol,89.902148,32.216042671875,64,,
cost_usd,sol,89.9848232,32.222028328125,64,,
cost_usd,sol,90.0289568,32.2535179375,64,,
cost_usd,sol,90.1841696,32.255321843749996,64,,
cost_usd,sol,90.469208,32.2563268125,64,,
cost_usd,sol,90.5813544,32.2576313125,64,,
cost_usd,sol,90.9037816,32.260221078125,64,,
cost_usd,sol,91.0542616,32.2803638125,64,,
cost_usd,sol,91.0569792,32.290301765625,64,,
cost_usd,sol,91.12408,32.29467484375,64,,
cost_usd,sol,91.136148,32.3113906875,64,,
cost_usd,sol,91.4566144,32.316922375,64,,
cost_usd,sol,91.4972104,32.317521640625,64,,
cost_usd,sol,91.5096256,32.31841778125,64,,
cost_usd,sol,91.6623048,32.318986859375,64,,
cost_usd,sol,91.720728,32.325390734375,64,,
cost_usd,sol,91.9185296,32.326685625,64,,
cost_usd,sol,92.1814976,32.33032503125,64,,
cost_usd,sol,92.3453232,32.329998671874996,64,,
cost_usd,sol,92.4252008,32.334832921875,64,,
cost_usd,sol,92.434184,32.338579921875,64,,
cost_usd,sol,92.520096,32.3615650625,64,,
cost_usd,sol,92.5305728,32.36361434375,64,,
cost_usd,sol,92.72476,32.399466875,64,,
cost_usd,sol,92.818268,32.408258453125,64,,
cost_usd,sol,92.9138448,32.436945328125,64,,
cost_usd,sol,93.05384480000001,32.4372588125,64,,
cost_usd,sol,93.0801552,32.439918625,64,,
cost_usd,sol,93.3580296,32.44022396875,64,,
cost_usd,sol,93.3786976,32.4425251875,64,,
cost_usd,sol,93.5029096,32.44457321875,64,,
cost_usd,sol,93.7665576,32.4712175625,64,,
cost_usd,sol,93.9147912,32.47520353125,64,,
cost_usd,sol,93.9151584,32.481310390625,64,,
cost_usd,sol,93.9300368,32.485955453125,64,,
cost_usd,sol,94.0770896,32.546075328125,64,,
cost_usd,sol,94.1401632,32.553241609375,64,,
cost_usd,sol,94.1476944,32.5557755625,64,,
cost_usd,sol,94.202196,32.556050265625,64,,
cost_usd,sol,94.2071816,32.560778828125,64,,
cost_usd,sol,94.2447264,32.5638555625,64,,
cost_usd,sol,94.5676408,32.56555190625,64,,
cost_usd,sol,94.7249208,32.56555190625,64,,
cost_usd,sol,94.8585688,32.56950871875,64,,
cost_usd,sol,94.8614808,32.579076796875,64,,
cost_usd,sol,94.9950464,32.57850296875,64,,
cost_usd,sol,95.12006,32.58140184375,64,,
cost_usd,sol,95.4507928,32.586941609375,64,,
cost_usd,sol,95.622564,32.589934078125,64,,
cost_usd,sol,95.8253576,32.594760234375,64,,
cost_usd,sol,95.8389184,32.596444640625,64,,
cost_usd,sol,95.93276159999999,32.6049389375,64,,
cost_usd,sol,95.9335888,32.605713609375,64,,
cost_usd,sol,95.9561816,32.607910765625,64,,
cost_usd,sol,95.982544,32.62356071875,64,,
cost_usd,sol,96.038848,32.62410921875,64,,
cost_usd,sol,96.0416232,32.628282109375,64,,
cost_usd,sol,96.0800568,32.613026140625,64,,
cost_usd,sol,96.5136368,32.641383265625,64,,
cost_usd,sol,96.5267216,32.646914953125,64,,
cost_usd,sol,96.7489664,32.647747828125,64,,
cost_usd,sol,96.775852,32.664177546875,64,,
cost_usd,sol,96.935276,32.66585246875,64,,
cost_usd,sol,97.0677144,32.702477921875,64,,
cost_usd,sol,97.1520992,32.705373515625,64,,
cost_usd,sol,97.3609128,32.73721528125,64,,
cost_usd,sol,97.49133040000001,32.743730078125,64,,
cost_usd,sol,97.5147272,32.747052953125,64,,
cost_usd,sol,97.7507096,32.76468615625,64,,
cost_usd,sol,97.7808368,32.7663938125,64,,
cost_usd,sol,98.08698,32.76703271875,64,,
cost_usd,sol,98.2364424,32.76743878125,64,,
cost_usd,sol,98.3410936,32.780925875,64,,
cost_usd,sol,98.7994048,32.809590859375,64,,
cost_usd,sol,99.0393384,32.811546890625,64,,
cost_usd,sol,99.1160096,32.810314875,64,,
cost_usd,sol,99.1512112,32.815528296875,64,,
cost_usd,sol,99.3228496,32.8285164375,64,,
cost_usd,sol,99.3330888,32.829296765625,64,,
cost_usd,sol,99.393412,32.831046640625,64,,
cost_usd,sol,99.4211528,32.846324328125,64,,
cost_usd,sol,99.6230488,32.847896984375,64,,
cost_usd,sol,99.9194104,32.854137984375,64,,
cost_usd,sol,99.937564,32.8595736875,64,,
cost_usd,sol,99.9624864,32.862923578125,64,,
cost_usd,sol,99.983384,32.864411796875,64,,
cost_usd,sol,100.0504088,32.88602134375,64,,
cost_usd,sol,100.0732576,32.886814328125,64,,
cost_usd,sol,100.3002312,32.892702703125,64,,
cost_usd,sol,100.5081832,32.894750125,64,,
cost_usd,sol,100.6013216,32.9681331875,64,,
cost_usd,sol,100.6139384,32.970657625,64,,
cost_usd,sol,100.7037144,32.971682265625,64,,
cost_usd,sol,101.0134608,32.97448125,64,,
cost_usd,sol,101.3081224,32.9787420625,64,,
cost_usd,sol,101.6457048,32.982210078125,64,,
cost_usd,sol,101.821392,32.989134484375,64,,
cost_usd,sol,101.864548,33.01096515625,64,,
cost_usd,sol,101.896384,33.0124065625,64,,
cost_usd,sol,101.97826,33.02326675,64,,
cost_usd,sol,102.1433352,33.034532921875,64,,
cost_usd,sol,102.2911936,33.0384973125,64,,
cost_usd,sol,102.3998488,33.0524439375,64,,
cost_usd,sol,102.597944,33.054790546875,64,,
cost_usd,sol,102.6169648,33.057538328125,64,,
cost_usd,sol,102.7595184,33.059807828125,64,,
cost_usd,sol,102.9990656,33.06176396875,64,,
cost_usd,sol,103.2496624,33.066016421875,64,,
cost_usd,sol,103.3202664,33.070576578125,64,,
cost_usd,sol,103.8821704,33.082556921875,64,,
cost_usd,sol,104.063752,33.084068796875,64,,
cost_usd,sol,104.10872480000002,33.084246109375,64,,
cost_usd,sol,104.5215304,33.08625290625,64,,
cost_usd,sol,104.5380072,33.069814875,64,,
cost_usd,sol,104.6940016,33.071119375,64,,
cost_usd,sol,104.7928512,33.076228125,64,,
cost_usd,sol,104.8280832,33.080951609375,64,,
cost_usd,sol,104.8422432,33.083268453125,64,,
cost_usd,sol,104.858036,33.08344759375,64,,
cost_usd,sol,105.1200048,33.083632375,64,,
cost_usd,sol,105.2005904,33.086250421875,64,,
cost_usd,sol,105.2512208,33.090060171875,64,,
cost_usd,sol,105.3702848,33.35810775,64,,
cost_usd,sol,105.436704,33.359547921875,64,,
cost_usd,sol,105.4771664,33.365483140625,64,,
cost_usd,sol,105.626728,33.390942296875,64,,
cost_usd,sol,105.6866848,33.397883015625,64,,
cost_usd,sol,105.9794744,33.3987564375,64,,
cost_usd,sol,106.4318936,33.419869765625,64,,
cost_usd,sol,106.4589648,33.422841125,64,,
cost_usd,sol,106.4842888,33.42552484375,64,,
cost_usd,sol,106.7882304,33.42631303125,64,,
cost_usd,sol,106.8907624,33.441753703125,64,,
cost_usd,sol,107.0059096,33.442002953125,64,,
cost_usd,sol,107.3105632,33.454251265625,64,,
cost_usd,sol,107.488016,33.454999828125,64,,
cost_usd,sol,108.2034696,33.4623089375,64,,
cost_usd,sol,108.3364328,33.470719796875,64,,
cost_usd,sol,108.5515568,33.473247359375,64,,
cost_usd,sol,108.7412704,33.478835234375,64,,
cost_usd,sol,109.0614448,33.488793015625,64,,
cost_usd,sol,109.0691512,33.509996234375,64,,
cost_usd,sol,109.2377272,33.508147703125,64,,
cost_usd,sol,109.6647368,33.513009125,64,,
cost_usd,sol,109.6869352,33.5172383125,64,,
cost_usd,sol,109.7846216,33.534894140625,64,,
cost_usd,sol,109.8624032,33.538905890625,64,,
cost_usd,sol,109.9923024,33.538436640625,64,,
cost_usd,sol,110.16994,33.545248078125,64,,
cost_usd,sol,110.2193528,33.546352703125,64,,
cost_usd,sol,110.6384816,33.552078,64,,
cost_usd,sol,110.7543536,33.557134640625,64,,
cost_usd,sol,110.770524,33.56187009375,64,,
cost_usd,sol,110.8261536,33.566607375,64,,
cost_usd,sol,110.956472,33.56940346875,64,,
cost_usd,sol,110.9597408,33.569842890625,64,,
cost_usd,sol,110.979356,33.571140953125,64,,
cost_usd,sol,111.5208864,33.552588078125,64,,
cost_usd,sol,111.5767496,33.560271640625,64,,
cost_usd,sol,111.5773672,33.594625281249996,64,,
cost_usd,sol,111.730104,33.595604796875,64,,
cost_usd,sol,111.7358992,33.596931375,64,,
cost_usd,sol,111.9378872,33.600192328125,64,,
cost_usd,sol,112.1750584,33.6238761875,64,,
cost_usd,sol,112.2112344,33.629093703125,64,,
cost_usd,sol,112.464548,33.6397448125,64,,
cost_usd,sol,112.4778344,33.641779921875,64,,
cost_usd,sol,112.6081296,33.64309815625,64,,
cost_usd,sol,112.675448,33.668535890625,64,,
cost_usd,sol,112.8860832,33.675045453125,64,,
cost_usd,sol,112.8887624,33.677205484375,64,,
cost_usd,sol,113.076816,33.686838203125,64,,
cost_usd,sol,113.304676,33.69828178125,64,,
cost_usd,sol,113.4319352,33.70295721875,64,,
cost_usd,sol,113.4594168,33.7031414375,64,,
cost_usd,sol,113.5948624,33.7119628125,64,,
cost_usd,sol,113.644156,33.71418634375,64,,
cost_usd,sol,113.648076,33.720056578125,64,,
cost_usd,sol,113.8745552,33.7413336875,64,,
cost_usd,sol,113.87967680000001,33.741387640625,64,,
cost_usd,sol,114.3055048,33.74370675,64,,
cost_usd,sol,114.322444,33.7449055,64,,
cost_usd,sol,114.5002632,33.761743765625,64,,
cost_usd,sol,114.5907344,33.76291440625,64,,
cost_usd,sol,114.6875688,33.7745503125,64,,
cost_usd,sol,114.918184,33.782356484375,64,,
cost_usd,sol,115.3528992,33.7831536875,64,,
cost_usd,sol,115.3612776,33.783934015625,64,,
cost_usd,sol,115.5412304,33.78875240625,64,,
cost_usd,sol,115.727604,33.789285484375,64,,
cost_usd,sol,115.7677376,33.798249109375,64,,
cost_usd,sol,115.777416,33.802380640625,64,,
cost_usd,sol,115.7968184,33.824876953125,64,,
cost_usd,sol,115.8522384,33.839246390625,64,,
cost_usd,sol,115.8665624,33.839372390625,64,,
cost_usd,sol,115.905164,33.839558984375,64,,
cost_usd,sol,116.08026559999999,33.84009346875,64,,
cost_usd,sol,116.8052512,33.8540935,64,,
cost_usd,sol,117.3532304,33.870636796875,64,,
cost_usd,sol,117.4483536,33.883430312499996,64,,
cost_usd,sol,117.5939576,33.887599046875,64,,
cost_usd,sol,117.7668384,33.89203178125,64,,
cost_usd,sol,118.2848632,33.892517453125,64,,
cost_usd,sol,118.5011888,33.892964109375,64,,
cost_usd,sol,118.5942312,33.893708296875,64,,
cost_usd,sol,118.723548,33.908853453125,64,,
cost_usd,sol,118.7997056,33.9093808125,64,,
cost_usd,sol,119.0710376,33.907061703125,64,,
cost_usd,sol,119.3266808,33.920064375,64,,
cost_usd,sol,119.3313072,33.921623265625,64,,
cost_usd,sol,119.3925224,33.93618653125,64,,
cost_usd,sol,119.754216,33.950930109375,64,,
cost_usd,sol,119.9250496,33.95213784375,64,,
cost_usd,sol,120.022344,33.9567098125,64,,
cost_usd,sol,120.2114352,33.95738790625,64,,
cost_usd,sol,120.5155712,33.96340309375,64,,
cost_usd,sol,120.543936,33.9648426875,64,,
cost_usd,sol,121.092016,33.970565125,64,,
cost_usd,sol,121.2275784,33.970565125,64,,
cost_usd,sol,121.2869312,33.97381771875,64,,
cost_usd,sol,121.3169416,33.98970165625,64,,
cost_usd,sol,121.3364728,34.32410075,64,,
cost_usd,sol,121.39104,34.32566403125,64,,
cost_usd,sol,121.5675112,34.331316859375,64,,
cost_usd,sol,121.9400536,34.33237865625,64,,
cost_usd,sol,122.063152,34.333782453124996,64,,
cost_usd,sol,122.6592944,34.3389360625,64,,
cost_usd,sol,122.8851632,34.3455575,64,,
cost_usd,sol,122.9975872,34.356755875,64,,
cost_usd,sol,123.0218736,34.80251446875,64,,
cost_usd,sol,123.12114720000001,34.80812721875,64,,
cost_usd,sol,123.3162312,34.809884234375,64,,
cost_usd,sol,123.654416,34.809884234375,64,,
cost_usd,sol,123.796312,34.81162903125,64,,
cost_usd,sol,123.9151184,34.813116343749996,64,,
cost_usd,sol,124.3049832,34.820073671875,64,,
cost_usd,sol,124.6374072,34.8271033125,64,,
cost_usd,sol,124.9196512,34.82912225,64,,
cost_usd,sol,125.1856808,34.831066890625,64,,
cost_usd,sol,125.1909872,34.83542175,64,,
cost_usd,sol,125.422724,34.83602146875,64,,
cost_usd,sol,125.5075344,34.837593421875,64,,
cost_usd,sol,125.8205688,34.844944359375,64,,
cost_usd,sol,125.9500984,34.848965828125,64,,
cost_usd,sol,126.0897936,34.849856625,64,,
cost_usd,sol,126.3332544,34.85978559375,64,,
cost_usd,sol,126.4497192,34.868073875,64,,
cost_usd,sol,126.5237432,34.868418203125,64,,
cost_usd,sol,126.7790688,34.86885925,64,,
cost_usd,sol,126.8124352,34.880605453125,64,,
cost_usd,sol,126.9929144,34.881800953125,64,,
cost_usd,sol,127.043924,34.88829928125,64,,
cost_usd,sol,127.137912,34.904545390625,64,,
cost_usd,sol,127.297552,34.905777421875,64,,
cost_usd,sol,127.4167296,34.908430203125,64,,
cost_usd,sol,127.6094632,34.916571515625,64,,
cost_usd,sol,127.6362376,34.91738890625,64,,
cost_usd,sol,127.6716184,34.923771609375,64,,
cost_usd,sol,127.7665264,34.923771609375,64,,
cost_usd,sol,127.8945352,34.926420140625,64,,
cost_usd,sol,127.9157184,34.930105015625,64,,
cost_usd,sol,128.122056,34.942137921875,64,,
cost_usd,sol,128.1462504,34.942220328124996,64,,
cost_usd,sol,128.1889984,34.94257071875,64,,
cost_usd,sol,128.2621672,34.947064671875,64,,
cost_usd,sol,128.7879776,34.947691671875,64,,
cost_usd,sol,128.929636,34.953403140625,64,,
cost_usd,sol,129.452444,34.961057390625,64,,
cost_usd,sol,129.5442792,34.96438196875,64,,
cost_usd,sol,129.5930368,34.971368484375,64,,
cost_usd,sol,130.2581144,34.9713613125,64,,
cost_usd,sol,130.2813304,34.96935575,64,,
cost_usd,sol,130.3447224,34.972178484375,64,,
cost_usd,sol,130.8271192,34.972942984375,64,,
cost_usd,sol,130.9022312,34.975803890625,64,,
cost_usd,sol,130.97538,34.989091781249996,64,,
cost_usd,sol,131.1356256,35.01446915625,64,,
cost_usd,sol,131.2295312,35.014679859375,64,,
cost_usd,sol,131.9983544,35.01652784375,64,,
cost_usd,sol,132.1425088,35.0175039375,64,,
cost_usd,sol,132.1428304,35.0171006875,64,,
cost_usd,sol,132.1989192,35.01704415625,64,,
cost_usd,sol,132.4059256,35.0258370625,64,,
cost_usd,sol,132.6706312,35.0271825,64,,
cost_usd,sol,133.076232,35.043695015625,64,,
cost_usd,sol,133.0821152,35.044365,64,,
cost_usd,sol,133.6801928,35.0509843125,64,,
cost_usd,sol,133.7174752,35.053387484375,64,,
cost_usd,sol,133.8523872,35.05344915625,64,,
cost_usd,sol,134.212176,35.059276921874996,64,,
cost_usd,sol,134.2359472,35.0604,64,,
cost_usd,sol,134.647368,35.0646095625,64,,
cost_usd,sol,134.9083104,35.070905046875,64,,
cost_usd,sol,134.9307784,35.072701625,64,,
cost_usd,sol,134.9605592,35.0732599375,64,,
cost_usd,sol,135.0199008,35.0833956875,64,,
cost_usd,sol,135.3016728,35.0875446875,64,,
cost_usd,sol,135.6162864,35.089709375,64,,
cost_usd,sol,135.6711456,35.08982103125,64,,
cost_usd,sol,135.772916,35.091452765625,64,,
cost_usd,sol,136.1493664,35.094709765625,64,,
cost_usd,sol,136.1598832,35.0960635625,64,,
cost_usd,sol,136.2348488,35.109242,64,,
cost_usd,sol,136.2708864,35.11082540625,64,,
cost_usd,sol,136.3545168,35.112566546875,64,,
cost_usd,sol,136.467172,35.116525546875,64,,
cost_usd,sol,136.4812112,35.119646203125,64,,
cost_usd,sol,136.8187904,35.167592296875,64,,
cost_usd,sol,137.0144712,35.1947346875,64,,
cost_usd,sol,137.0336504,35.197625453125,64,,
cost_usd,sol,137.3374448,35.199994140625,64,,
cost_usd,sol,137.430448,35.20202696875,64,,
cost_usd,sol,137.741724,35.21222225,64,,
cost_usd,sol,137.9472792,35.2132176875,64,,
cost_usd,sol,137.9662816,35.22827453125,64,,
cost_usd,sol,138.199088,35.233260859375,64,,
cost_usd,sol,138.453152,35.23385421875,64,,
cost_usd,sol,138.4935712,35.246842265625,64,,
cost_usd,sol,138.5448792,35.248327140625,64,,
cost_usd,sol,138.5595936,35.248327140625,64,,
cost_usd,sol,138.564092,35.25042859375,64,,
cost_usd,sol,139.4971304,35.253657328125,64,,
cost_usd,sol,139.654244,35.253802953125,64,,
cost_usd,sol,139.7522176,35.255522609375,64,,
cost_usd,sol,140.0506952,35.2567934375,64,,
cost_usd,sol,140.0834376,35.270049375,64,,
cost_usd,sol,140.2845328,35.277184703125,64,,
cost_usd,sol,140.920784,35.30189078125,64,,
cost_usd,sol,141.0345912,35.302618015625,64,,
cost_usd,sol,141.1747712,35.306091953125,64,,
cost_usd,sol,141.1794168,35.30690509375,64,,
cost_usd,sol,141.317408,35.310020734375,64,,
cost_usd,sol,141.4479568,35.311513140625,64,,
cost_usd,sol,141.4823848,35.32030471875,64,,
cost_usd,sol,142.21184480000002,35.32729559375,64,,
cost_usd,sol,142.3311976,35.332567828125,64,,
cost_usd,sol,142.397024,35.333237078125,64,,
cost_usd,sol,142.6082552,35.338957078125,64,,
cost_usd,sol,142.9342296,35.356561375,64,,
cost_usd,sol,143.1809624,35.364743390625,64,,
cost_usd,sol,143.622728,35.364743390625,64,,
cost_usd,sol,143.9174008,35.36661503125,64,,
cost_usd,sol,143.9219832,35.36684115625,64,,
cost_usd,sol,144.46774,35.37224721875,64,,
cost_usd,sol,144.6381512,35.373696578125,64,,
cost_usd,sol,144.9898304,35.37437784375,64,,
cost_usd,sol,145.116944,35.37729175,64,,
cost_usd,sol,145.11875760000004,35.379039109375,64,,
cost_usd,sol,145.58366080000002,35.3902145,64,,
cost_usd,sol,145.5970816,35.39050671875,64,,
cost_usd,sol,146.1468536,35.394726953125,64,,
cost_usd,sol,146.3967584,35.3949738125,64,,
cost_usd,sol,146.6214712,35.3961084375,64,,
cost_usd,sol,146.6995904,35.399441015625,64,,
cost_usd,sol,146.7055816,35.40509765625,64,,
cost_usd,sol,146.8149712,35.4062404375,64,,
cost_usd,sol,146.996428,35.41758084375,64,,
cost_usd,sol,147.1001264,35.4188700625,64,,
cost_usd,sol,147.1574216,35.42128065625,64,,
cost_usd,sol,147.4370528,35.426407703125,64,,
cost_usd,sol,147.586148,35.42662271875,64,,
cost_usd,sol,147.830252,35.4284575625,64,,
cost_usd,sol,147.8894896,35.43697525,64,,
cost_usd,sol,148.0642376,35.437694234375,64,,
cost_usd,sol,148.6601192,35.4477048125,64,,
cost_usd,sol,148.88490960000001,35.4494341875,64,,
cost_usd,sol,148.9120848,35.45266653125,64,,
cost_usd,sol,149.02166,35.453892921875,64,,
cost_usd,sol,149.6451488,35.4561864375,64,,
cost_usd,sol,149.6602504,35.456368890625,64,,
cost_usd,sol,149.8284088,35.458019578125,64,,
cost_usd,sol,150.1862944,35.464740515625,64,,
cost_usd,sol,151.089788,35.47591334375,64,,
cost_usd,sol,151.1248392,35.480774390625,64,,
cost_usd,sol,151.1442696,35.48251815625,64,,
cost_usd,sol,151.3624592,35.5079076875,64,,
cost_usd,sol,151.8578832,35.5165944375,64,,
cost_usd,sol,151.8782528,35.52632540625,64,,
cost_usd,sol,152.2870632,35.536715859375,64,,
cost_usd,sol,152.29812,35.53753496875,64,,
cost_usd,sol,152.5019696,35.545735515625,64,,
cost_usd,sol,152.5919632,35.55529303125,64,,
cost_usd,sol,152.8049536,35.56892659375,64,,
cost_usd,sol,153.0096376,35.571454546875,64,,
cost_usd,sol,153.1245896,35.57721084375,64,,
cost_usd,sol,153.1911728,35.578183171875,64,,
cost_usd,sol,153.2842488,35.592682140625,64,,
cost_usd,sol,153.9583232,35.606758984375,64,,
cost_usd,sol,153.9832744,35.60705965625,64,,
cost_usd,sol,154.368752,35.607168953125,64,,
cost_usd,sol,154.3899312,35.6090974375,64,,
cost_usd,sol,154.4326824,35.610423828125,64,,
cost_usd,sol,154.6135896,35.6121929375,64,,
cost_usd,sol,154.8114368,35.614963390625,64,,
cost_usd,sol,155.1227632,35.62462315625,64,,
cost_usd,sol,155.1476592,35.638782296875,64,,
cost_usd,sol,155.1609512,35.650652734375,64,,
cost_usd,sol,155.5548224,35.6524540625,64,,
cost_usd,sol,155.6606984,35.654018078125,64,,
cost_usd,sol,155.7802136,35.660826890625,64,,
cost_usd,sol,156.0066232,35.6616641875,64,,
cost_usd,sol,156.195368,35.669858375,64,,
cost_usd,sol,156.21158160000002,35.674443796875,64,,
cost_usd,sol,156.3536184,35.674757375,64,,
cost_usd,sol,156.418568,35.6781261875,64,,
cost_usd,sol,156.8145912,35.678825125,64,,
cost_usd,sol,156.836496,35.6913106875,64,,
cost_usd,sol,156.9215864,35.691582359375,64,,
cost_usd,sol,157.040272,35.691582359375,64,,
cost_usd,sol,157.4045376,35.697187828125,64,,
cost_usd,sol,157.51402,35.695451671875,64,,
cost_usd,sol,157.5683864,35.702231671875,64,,
cost_usd,sol,157.5880272,35.70369115625,64,,
cost_usd,sol,157.6496256,35.70710984375,64,,
cost_usd,sol,158.0916728,35.705521453125,64,,
cost_usd,sol,158.1019984,35.705377546875,64,,
cost_usd,sol,158.2069384,35.70800746875,64,,
cost_usd,sol,158.2315368,35.710946,64,,
cost_usd,sol,159.0802104,35.711835765625,64,,
cost_usd,sol,159.3569832,35.7182199375,64,,
cost_usd,sol,159.43192,35.719098765625,64,,
cost_usd,sol,159.5145576,35.72038540625,64,,
cost_usd,sol,159.6185224,35.72053615625,64,,
cost_usd,sol,159.7033808,35.7224085625,64,,
cost_usd,sol,159.7994784,35.723255546875,64,,
cost_usd,sol,160.106268,35.728094609375,64,,
cost_usd,sol,160.2944272,35.7313278125,64,,
cost_usd,sol,160.398536,35.737043203125,64,,
cost_usd,sol,160.4451608,35.750697609375,64,,
cost_usd,sol,161.0063008,35.75522121875,64,,
cost_usd,sol,161.102392,35.755443875,64,,
cost_usd,sol,161.1928408,35.755850890625,64,,
cost_usd,sol,161.5357032,35.76039009375,64,,
cost_usd,sol,161.5965256,35.760573640625,64,,
cost_usd,sol,161.64364,35.7652786875,64,,
cost_usd,sol,161.6832424,35.769864109375,64,,
cost_usd,sol,162.6577904,35.77111096875,64,,
cost_usd,sol,162.7712592,35.775993421875,64,,
cost_usd,sol,162.8053416,35.782103375,64,,
cost_usd,sol,162.8844992,35.78224728125,64,,
cost_usd,sol,163.4562184,35.79181459375,64,,
cost_usd,sol,163.4665688,35.79280903125,64,,
cost_usd,sol,163.8463816,35.794935125,64,,
cost_usd,sol,163.9257664,35.8019115625,64,,
cost_usd,sol,163.968152,35.817409078125,64,,
cost_usd,sol,164.106432,35.81679921875,64,,
cost_usd,sol,164.121968,35.825246890625,64,,
cost_usd,sol,164.566772,35.82771925,64,,
cost_usd,sol,164.99345680000002,35.82786828125,64,,
cost_usd,sol,165.0224368,35.83883928125,64,,
cost_usd,sol,165.0394496,35.841371390625,64,,
cost_usd,sol,165.148748,35.841189375,64,,
cost_usd,sol,165.253172,35.842478609375,64,,
cost_usd,sol,165.276952,35.84637278125,64,,
cost_usd,sol,165.4618888,35.84661453125,64,,
cost_usd,sol,165.4707568,35.8467584375,64,,
cost_usd,sol,166.02204160000002,35.848562531249996,64,,
cost_usd,sol,166.4766032,35.85178734375,64,,
cost_usd,sol,166.6504008,35.85267925,64,,
cost_usd,sol,166.720124,35.86169196875,64,,
cost_usd,sol,167.0221064,35.862424312499996,64,,
cost_usd,sol,167.068412,35.866233046875,64,,
cost_usd,sol,167.1200744,35.86640521875,64,,
cost_usd,sol,167.380596,35.86872921875,64,,
cost_usd,sol,167.4394792,35.868415953125,64,,
cost_usd,sol,167.513236,35.868875734375,64,,
cost_usd,sol,167.5161144,35.877775015625,64,,
cost_usd,sol,167.5797456,35.8494239375,64,,
cost_usd,sol,167.6819704,35.851779296875,64,,
cost_usd,sol,168.0172,35.89971325,64,,
cost_usd,sol,168.4750864,35.90021321875,64,,
cost_usd,sol,169.1124952,35.89339878125,64,,
cost_usd,sol,169.1461584,35.89558046875,64,,
cost_usd,sol,169.30613680000002,35.903648796875,64,,
cost_usd,sol,169.4558576,35.903302671875,64,,
cost_usd,sol,169.578196,35.904314828125,64,,
cost_usd,sol,169.8761376,35.90473775,64,,
cost_usd,sol,170.1723688,35.910618015625,64,,
cost_usd,sol,170.3853176,35.920712703125,64,,
cost_usd,sol,170.5022544,35.924289375,64,,
cost_usd,sol,170.5084992,35.92780240625,64,,
cost_usd,sol,171.4002576,35.929103734375,64,,
cost_usd,sol,171.441428,35.93000578125,64,,
cost_usd,sol,171.6922296,35.92984090625,64,,
cost_usd,sol,171.7506504,35.93059909375,64,,
cost_usd,sol,172.2528704,35.936416828125,64,,
cost_usd,sol,173.1001472,35.939192671875,64,,
cost_usd,sol,173.1473296,35.870937359375,64,,
cost_usd,sol,173.5353992,35.87118459375,64,,
cost_usd,sol,173.7096576,35.878994703125,64,,
cost_usd,sol,173.9908544,35.901320640625,64,,
cost_usd,sol,174.3275464,35.90718875,64,,
cost_usd,sol,174.5334056,35.908240484375,64,,
cost_usd,sol,174.7062736,35.91202628125,64,,
cost_usd,sol,175.6475968,35.923157015625,64,,
cost_usd,sol,175.9475312,35.92445040625,64,,
cost_usd,sol,176.0852632,35.926469078125,64,,
cost_usd,sol,177.4203752,35.927759046875,64,,
cost_usd,sol,177.7035608,35.929503609375,64,,
cost_usd,sol,177.7126224,35.9355604375,64,,
cost_usd,sol,178.3361608,35.936075,64,,
cost_usd,sol,178.347148,35.94168775,64,,
cost_usd,sol,178.7750488,35.941734,64,,
cost_usd,sol,178.9222152,35.942020796875,64,,
cost_usd,sol,179.0690208,35.9431183125,64,,
cost_usd,sol,179.72432,35.944942375,64,,
cost_usd,sol,179.8571808,35.949804671875,64,,
cost_usd,sol,180.0900528,36.077582390625,64,,
cost_usd,sol,180.1005696,36.077684171875,64,,
cost_usd,sol,180.1143144,36.078381875,64,,
cost_usd,sol,180.1329168,36.08871565625,64,,
cost_usd,sol,180.3742112,36.09389671875,64,,
cost_usd,sol,180.6824552,36.0940450625,64,,
cost_usd,sol,181.1972984,36.1020145625,64,,
cost_usd,sol,181.2526216,36.106892765625,64,,
cost_usd,sol,181.271588,36.120038640625,64,,
cost_usd,sol,181.8787576,36.150919984375,64,,
cost_usd,sol,182.2994768,36.152322296875,64,,
cost_usd,sol,182.4262704,36.152322296875,64,,
cost_usd,sol,182.5715912,36.155480484375,64,,
cost_usd,sol,182.764712,36.155808125,64,,
cost_usd,sol,182.765184,36.166251484375,64,,
cost_usd,sol,183.11977360000003,36.196369921875,64,,
cost_usd,sol,183.4589088,36.20035075,64,,
cost_usd,sol,183.9681928,36.200921859375,64,,
cost_usd,sol,184.0700328,36.204390890625,64,,
cost_usd,sol,184.1306064,36.20854928125,64,,
cost_usd,sol,184.2636984,36.210019078125,64,,
cost_usd,sol,184.278048,36.214895078125,64,,
cost_usd,sol,184.3458616,36.221536328125,64,,
cost_usd,sol,184.7019016,36.225158578125,64,,
cost_usd,sol,184.7151736,36.23785709375,64,,
cost_usd,sol,184.9244032,36.245258296875,64,,
cost_usd,sol,185.0009752,36.235745390625,64,,
cost_usd,sol,185.5170816,36.235858484375,64,,
cost_usd,sol,186.4141096,36.2361170625,64,,
cost_usd,sol,186.721972,36.23853446875,64,,
cost_usd,sol,186.73355519999998,36.23889421875,64,,
cost_usd,sol,186.9113736,36.239697265625,64,,
cost_usd,sol,187.0224096,36.2414505625,64,,
cost_usd,sol,187.0741648,36.244894578125,64,,
cost_usd,sol,187.607284,36.248965234375,64,,
cost_usd,sol,188.3608072,36.24982471875,64,,
cost_usd,sol,188.4019552,36.25124928125,64,,
cost_usd,sol,188.6598512,36.252838,64,,
cost_usd,sol,188.6843136,36.25291715625,64,,
cost_usd,sol,189.2236416,36.254355671875,64,,
cost_usd,sol,189.6187912,36.2410418125,64,,
cost_usd,sol,189.71570640000002,36.248659109375,64,,
cost_usd,sol,190.8355152,36.271485875,64,,
cost_usd,sol,191.62350719999998,36.2743173125,64,,
cost_usd,sol,191.6800984,36.2786523125,64,,
cost_usd,sol,191.7995168,36.278847328125,64,,
cost_usd,sol,191.8160168,36.28143178125,64,,
cost_usd,sol,192.3679856,36.288930484375,64,,
cost_usd,sol,192.60855519999998,36.289055765625,64,,
cost_usd,sol,192.7311072,36.29436171875,64,,
cost_usd,sol,192.7966624,36.3243916875,64,,
cost_usd,sol,192.8178808,36.325816625,64,,
cost_usd,sol,193.1862192,36.335452953125,64,,
cost_usd,sol,194.4530792,36.336204671875,64,,
cost_usd,sol,194.8946744,36.337470734375,64,,
cost_usd,sol,194.9946792,36.338411453125,64,,
cost_usd,sol,195.1719352,36.34125578125,64,,
cost_usd,sol,195.4495704,36.344041625,64,,
cost_usd,sol,195.65283440000002,36.346923171875,64,,
cost_usd,sol,195.6991896,36.349622734375,64,,
cost_usd,sol,196.6578432,36.34982296875,64,,
cost_usd,sol,197.608672,36.352412734375,64,,
cost_usd,sol,197.62989360000003,36.35359040625,64,,
cost_usd,sol,197.695772,36.355906921875,64,,
cost_usd,sol,198.0039584,36.366474953125,64,,
cost_usd,sol,198.4804896,36.375088515625,64,,
cost_usd,sol,199.200852,36.381986953125,64,,
cost_usd,sol,199.4205752,36.384636359375,64,,
cost_usd,sol,200.1294368,36.385392859375,64,,
cost_usd,sol,200.2822032,36.386469546875,64,,
cost_usd,sol,200.305576,36.388356984375,64,,
cost_usd,sol,200.6228016,36.386854140625,64,,
cost_usd,sol,201.0961864,36.386921984375,64,,
cost_usd,sol,202.082076,36.387698015625,64,,
cost_usd,sol,202.3940296,36.394202765625,64,,
cost_usd,sol,202.8452128,36.404150359375,64,,
cost_usd,sol,202.9065024,36.407317546875,64,,
cost_usd,sol,203.02326960000002,36.407834046875,64,,
cost_usd,sol,203.1122056,36.40898903125,64,,
cost_usd,sol,204.3529328,36.455806671875,64,,
cost_usd,sol,204.6146632,36.457042796875,64,,
cost_usd,sol,205.2622352,36.46016428125,64,,
cost_usd,sol,206.3211832,36.462519734375,64,,
cost_usd,sol,206.4736928,36.4638485,64,,
cost_usd,sol,206.5903288,36.474475640625,64,,
cost_usd,sol,207.411904,36.491181203125,64,,
cost_usd,sol,207.5486632,36.49162715625,64,,
cost_usd,sol,207.57942960000003,36.49869321875,64,,
cost_usd,sol,207.9536248,36.503848671875,64,,
cost_usd,sol,208.09944,36.50690209375,64,,
cost_usd,sol,209.4867568,36.5097295,64,,
cost_usd,sol,209.76100160000001,36.51521696875,64,,
cost_usd,sol,210.0351384,36.517139015625,64,,
cost_usd,sol,210.9683968,36.51782159375,64,,
cost_usd,sol,211.0790312,36.51924896875,64,,
cost_usd,sol,212.1089568,36.521853125,64,,
cost_usd,sol,212.1817168,36.527691390625,64,,
cost_usd,sol,212.5557784,36.527891625,64,,
cost_usd,sol,212.6694592,36.529855109375,64,,
cost_usd,sol,213.1943928,36.53054809375,64,,
cost_usd,sol,214.3275264,36.5342628125,64,,
cost_usd,sol,214.7433584,36.53521496875,64,,
cost_usd,sol,215.0936216,36.537091796875,64,,
cost_usd,sol,215.7982752,36.55866384375,64,,
cost_usd,sol,216.5607984,36.5614253125,64,,
cost_usd,sol,217.125892,36.564878421875,64,,
cost_usd,sol,217.205664,36.564878421875,64,,
cost_usd,sol,218.3947384,36.56916315625,64,,
cost_usd,sol,219.7050728,36.574600515625,64,,
cost_usd,sol,219.8352096,36.57646625,64,,
cost_usd,sol,220.6389168,36.58350725,64,,
cost_usd,sol,220.7455912,36.58766521875,64,,
cost_usd,sol,221.2124176,36.595360921875,64,,
cost_usd,sol,221.6184136,36.5972401875,64,,
cost_usd,sol,222.5418224,36.600471078125,64,,
cost_usd,sol,223.1543112,36.68304725,64,,
cost_usd,sol,223.1720712,36.68631234375,64,,
cost_usd,sol,223.8405,36.687677328125,64,,
cost_usd,sol,224.0051072,36.696675859375,64,,
cost_usd,sol,225.3030672,36.70581228125,64,,
cost_usd,sol,225.445284,36.709516921875,64,,
cost_usd,sol,225.9041032,36.71372165625,64,,
cost_usd,sol,226.3220024,36.71587359375,64,,
cost_usd,sol,227.3487944,36.828782,64,,
cost_usd,sol,228.657608,36.832167609375,64,,
cost_usd,sol,228.7757248,36.83494040625,64,,
cost_usd,sol,229.1951728,36.8358008125,64,,
cost_usd,sol,229.2787376,36.851285984375,64,,
cost_usd,sol,229.9094328,36.854320453125,64,,
cost_usd,sol,230.5161336,36.856750984375,64,,
cost_usd,sol,231.477128,36.8587259375,64,,
cost_usd,sol,232.5212736,36.86337309375,64,,
cost_usd,sol,232.6688536,36.866287015625,64,,
cost_usd,sol,232.9821608,36.871972140625,64,,
cost_usd,sol,233.164128,36.879095,64,,
cost_usd,sol,233.7588272,36.879860046875,64,,
cost_usd,sol,233.7598648,36.88078403125,64,,
cost_usd,sol,234.3326568,36.8828681875,64,,
cost_usd,sol,235.7003168,36.883735,64,,
cost_usd,sol,235.7204984,36.88742734375,64,,
cost_usd,sol,236.8130136,36.88842846875,64,,
cost_usd,sol,237.4889808,36.889709828125,64,,
cost_usd,sol,237.7280896,36.90484421875,64,,
cost_usd,sol,238.2257056,36.907416703125,64,,
cost_usd,sol,238.8756504,36.930419484375,64,,
cost_usd,sol,238.9902432,36.93404465625,64,,
cost_usd,sol,239.3166936,36.93484034375,64,,
cost_usd,sol,239.3864952,36.936231,64,,
cost_usd,sol,239.4965496,36.944352265625,64,,
cost_usd,sol,239.5903408,36.910625109375,64,,
cost_usd,sol,239.6628712,36.911506984375,64,,
cost_usd,sol,239.8968616,36.913862328125,64,,
cost_usd,sol,240.5031944,36.914717828125,64,,
cost_usd,sol,241.0990328,36.9167039375,64,,
cost_usd,sol,241.5024136,36.92059740625,64,,
cost_usd,sol,241.7598936,36.932752390625,64,,
cost_usd,sol,241.921652,36.932891828125,64,,
cost_usd,sol,241.9787136,36.93316228125,64,,
cost_usd,sol,242.48857120000002,36.94103015625,64,,
cost_usd,sol,242.6704096,36.942503953125,64,,
cost_usd,sol,243.2411872,36.9438794375,64,,
cost_usd,sol,243.38790559999998,36.9466858125,64,,
cost_usd,sol,243.6707312,36.949859109375,64,,
cost_usd,sol,243.7997584,36.95047446875,64,,
cost_usd,sol,245.076816,36.952504078125,64,,
cost_usd,sol,246.5657296,36.9532841875,64,,
cost_usd,sol,247.072804,36.95398578125,64,,
cost_usd,sol,248.8201168,36.956995375,64,,
cost_usd,sol,248.9573256,36.9578473125,64,,
cost_usd,sol,249.8477608,36.959329625,64,,
cost_usd,sol,250.1490064,36.96089371875,64,,
cost_usd,sol,251.34732640000001,36.965178453125,64,,
cost_usd,sol,252.1538504,36.98291278125,64,,
cost_usd,sol,252.3189592,36.984668015625,64,,
cost_usd,sol,252.833676,36.985753265625,64,,
cost_usd,sol,253.1539064,36.98655509375,64,,
cost_usd,sol,254.3039408,37.002703609375,64,,
cost_usd,sol,254.8951184,37.00293671875,64,,
cost_usd,sol,254.901068,37.0041645,64,,
cost_usd,sol,256.1334472,37.005844484375,64,,
cost_usd,sol,256.489844,37.00679665625,64,,
cost_usd,sol,257.391608,37.007174640625,64,,
cost_usd,sol,257.5883336,37.008277140625,64,,
cost_usd,sol,258.2302776,37.008793390625,64,,
cost_usd,sol,258.5151152,37.0108480625,64,,
cost_usd,sol,259.86222480000004,37.0122261875,64,,
cost_usd,sol,259.96237840000003,37.012326421875,64,,
cost_usd,sol,260.9517984,37.02376640625,64,,
cost_usd,sol,262.196108,37.02499490625,64,,
cost_usd,sol,264.3963896,37.026982953125,64,,
cost_usd,sol,264.7885328,37.029187921875,64,,
cost_usd,sol,265.383784,37.034781984375,64,,
cost_usd,sol,266.5475368,37.035432984375,64,,
cost_usd,sol,270.4419816,37.043041078125,64,,
cost_usd,sol,270.6157344,37.04461275,64,,
cost_usd,sol,270.9401712,37.046429234375,64,,
cost_usd,sol,273.7153336,37.0468525625,64,,
cost_usd,sol,273.9219736,37.06085609375,64,,
cost_usd,sol,274.304032,37.06095059375,64,,
cost_usd,sol,275.6709,37.066824359375,64,,
cost_usd,sol,277.4638936,37.06847453125,64,,
cost_usd,sol,279.3694408,37.07072334375,64,,
cost_usd,sol,280.10392,37.0725713125,64,,
cost_usd,sol,280.97266,37.16813315625,64,,
cost_usd,sol,281.1517592,37.16945409375,64,,
cost_usd,sol,282.070332,37.172295875,64,,
cost_usd,sol,282.660068,37.1754048125,64,,
cost_usd,sol,286.0013024,37.17608684375,64,,
cost_usd,sol,286.3722856,37.177496546875,64,,
cost_usd,sol,286.6915576,37.21708309375,64,,
cost_usd,sol,288.2215672,37.22020478125,64,,
cost_usd,sol,288.4128328,37.22664121875,64,,
cost_usd,sol,288.4343152,37.22819340625,64,,
cost_usd,sol,288.7701088,37.2298798125,64,,
cost_usd,sol,290.8873912,37.232617734375,64,,
cost_usd,sol,290.9931856,37.237204703125,64,,
cost_usd,sol,291.7859064,37.23827084375,64,,
cost_usd,sol,291.8740816,37.239803625,64,,
cost_usd,sol,292.821856,37.24099521875,64,,
cost_usd,sol,293.7654136,37.23694521875,64,,
cost_usd,sol,296.2340904,37.237435171875,64,,
cost_usd,sol,296.7594,37.249466859375,64,,
cost_usd,sol,297.5987944,37.251022,64,,
cost_usd,sol,298.895792,37.2431404375,64,,
cost_usd,sol,299.750772,37.241941015625,64,,
cost_usd,sol,302.8073696,37.24951259375,64,,
cost_usd,sol,303.5927296,37.260952703125,64,,
cost_usd,sol,304.45694,37.26342209375,64,,
cost_usd,sol,305.1213952,37.27085603125,64,,
cost_usd,sol,305.4151,37.271843015625,64,,
cost_usd,sol,307.487364,37.2732815,64,,
cost_usd,sol,309.4414016,37.27375578125,64,,
cost_usd,sol,309.6037952,37.2742704375,64,,
cost_usd,sol,309.682748,37.284977984375,64,,
cost_usd,sol,310.1991736,37.2880450625,64,,
cost_usd,sol,311.7443784,37.29112153125,64,,
cost_usd,sol,313.1031816,37.293161890625,64,,
cost_usd,sol,314.0935832,37.29502765625,64,,
cost_usd,sol,314.440692,37.296291921875,64,,
cost_usd,sol,315.3034584,37.29892521875,64,,
cost_usd,sol,315.5282256,37.29899871875,64,,
cost_usd,sol,316.0469088,37.30318525,64,,
cost_usd,sol,316.1030224,37.30469825,64,,
cost_usd,sol,317.0951008,37.312969640625,64,,
cost_usd,sol,317.9811128,37.314289296875,64,,
cost_usd,sol,319.5937248,37.31634728125,64,,
cost_usd,sol,321.3170016,37.317403015625,64,,
cost_usd,sol,323.3418208,37.318194796875,64,,
cost_usd,sol,324.1557056,37.326272625,64,,
cost_usd,sol,324.1977272,37.330178578125,64,,
cost_usd,sol,326.806536,37.33043340625,64,,
cost_usd,sol,327.314152,37.36600896875,64,,
cost_usd,sol,327.4996568,37.367519359375,64,,
cost_usd,sol,328.31414,37.368636453125,64,,
cost_usd,sol,328.8212952,37.372574671875,64,,
cost_usd,sol,329.0756496,37.373435671875,64,,
cost_usd,sol,329.0877176,37.37518309375,64,,
cost_usd,sol,331.5697568,37.3772480625,64,,
cost_usd,sol,331.6184704,37.37878084375,64,,
cost_usd,sol,332.9535128,37.380397828125,64,,
cost_usd,sol,333.187428,37.38076703125,64,,
cost_usd,sol,333.476936,37.393462625,64,,
cost_usd,sol,334.2147728,37.396320078125,64,,
cost_usd,sol,336.4047192,37.398981609375,64,,
cost_usd,sol,336.7782056,37.3993618125,64,,
cost_usd,sol,337.6697192,37.4024106875,64,,
cost_usd,sol,338.3885704,37.406046828125,64,,
cost_usd,sol,338.4000448,37.4074328125,64,,
cost_usd,sol,340.3083416,37.421610734375,64,,
cost_usd,sol,341.0197032,37.426197703125,64,,
cost_usd,sol,342.3930408,37.428791515625,64,,
cost_usd,sol,345.8980008,37.432077984375,64,,
cost_usd,sol,346.3081136,37.432548828125,64,,
cost_usd,sol,346.9516112,37.4351759375,64,,
cost_usd,sol,352.1403624,37.4347629375,64,,
cost_usd,sol,353.7869272,37.44452878125,64,,
cost_usd,sol,354.437128,37.448590078125,64,,
cost_usd,sol,354.4931864,37.454186515625,64,,
cost_usd,sol,361.1777528,37.45636621875,64,,
cost_usd,sol,361.5450616,37.463795234375,64,,
cost_usd,sol,361.9131936,37.433833421875,64,,
cost_usd,sol,362.7125032,37.434704921875,64,,
cost_usd,sol,365.250364,37.426638296875,64,,
cost_usd,sol,365.9571728,37.42805578125,64,,
cost_usd,sol,366.6078144,37.425579453125,64,,
cost_usd,sol,367.06388,37.427542921875,64,,
cost_usd,sol,370.8002512,37.439959484375,64,,
cost_usd,sol,371.1326224,37.45105809375,64,,
cost_usd,sol,371.6811848,37.452748578125004,64,,
cost_usd,sol,372.5155872,37.485127015625,64,,
cost_usd,sol,373.871972,37.48535078125,64,,
cost_usd,sol,375.9421536,37.486312953125,64,,
cost_usd,sol,376.4189416,37.49210890625,64,,
cost_usd,sol,378.4718656,37.49320534375,64,,
cost_usd,sol,379.2670416,37.4949318125,64,,
cost_usd,sol,380.5909648,37.495032515625,64,,
cost_usd,sol,381.0940616,37.513204328125,64,,
cost_usd,sol,382.3649904,37.5146428125,64,,
cost_usd,sol,385.4648464,37.521635734375,64,,
cost_usd,sol,391.8495736,37.52364334375,64,,
cost_usd,sol,393.1993392,37.543611,64,,
cost_usd,sol,399.0113128,37.5544231875,64,,
cost_usd,sol,401.3288616,37.55764665625,64,,
cost_usd,sol,404.7012688,37.562442,64,,
cost_usd,sol,405.69988,37.57337625,64,,
cost_usd,sol,407.7243816,37.615632796875,64,,
cost_usd,sol,410.8699176,37.61592403125,64,,
cost_usd,sol,412.9211608,37.62235903125,64,,
cost_usd,sol,413.572036,37.6263385,64,,
cost_usd,sol,415.5125712,37.6263385,64,,
cost_usd,sol,416.4405032,37.63156978125,64,,
cost_usd,sol,422.4005936,37.639423703125,64,,
cost_usd,sol,427.4251912,37.64910234375,64,,
cost_usd,sol,430.6892232,37.6570749375,64,,
cost_usd,sol,431.2179024,37.660959890625,64,,
cost_usd,sol,433.7863592,37.662156890625,64,,
cost_usd,sol,437.4047912,37.679962125,64,,
cost_usd,sol,437.898588,37.68248209375,64,,
cost_usd,sol,440.8215568,37.683763078125,64,,
cost_usd,sol,443.6809672,37.6863250625,64,,
cost_usd,sol,450.3701904,37.70496734375,64,,
cost_usd,sol,453.7456792,37.70842028125,64,,
cost_usd,sol,474.9848672,37.746332671875,64,,
cost_usd,sol,481.7645536,37.74751853125,64,,
cost_usd,sol,485.4984864,37.748181203125,64,,
cost_usd,sol,486.7873528,37.7501518125,64,,
cost_usd,sol,499.598244,37.756098515625,64,,
cost_usd,sol,514.889824,37.7603013125,64,,
cost_usd,sol,522.2046528,37.76431228125,64,,
cost_usd,sol,526.9242984,37.77011946875,64,,
cost_usd,sol,529.8233096,37.772787640625,64,,
cost_usd,sol,538.7417184,37.777461296875,64,,
cost_usd,sol,590.2950792,37.79973090625,64,,
cost_usd,sol,597.183356,37.801073703125,64,,
cost_usd,sol,606.116624,37.801631765625,64,,
cost_usd,sol,611.3403384,37.804927734375,64,,
cost_usd,sol,617.322448,37.80689834375,64,,
cost_usd,sol,634.3068192,37.808153953125,64,,
cost_usd,sol,640.2472176,37.8088340625,64,,
cost_usd,sol,645.4816672,37.81056053125,64,,
cost_usd,sol,652.600368,37.811798703125,64,,
cost_usd,sol,668.2826424,37.8146238125,64,,
cost_usd,sol,673.5853152,37.8160538125,64,,
cost_usd,sol,677.5299704,37.81711759375,64,,
cost_usd,sol,684.3733752,37.8218784375,64,,
cost_usd,sol,687.7936456,37.82224465625,64,,
cost_usd,sol,693.6906504,37.829900390625,64,,
cost_usd,sol,699.4622216,37.836492328125,64,,
cost_usd,sol,700.6880856,37.83657953125,64,,
cost_usd,sol,701.0,37.83657953125,64,,
cost_usd,opus,0.0,0.0,64,,
cost_usd,opus,0.221141,-0.013409,64,,
cost_usd,opus,0.28514549999999994,-0.013409,64,,
cost_usd,opus,0.406687,-0.01452453125,64,,
cost_usd,opus,0.4331825,-0.02314809375,64,,
cost_usd,opus,0.49544,-0.0260681875,64,,
cost_usd,opus,0.5321105,-0.0260681875,64,,
cost_usd,opus,0.5449665,-0.02765659375,64,,
cost_usd,opus,0.5844135,-0.02999190625,64,,
cost_usd,opus,0.5912550000000001,-0.030357484375,64,,
cost_usd,opus,0.696791,-0.030921265625,64,,
cost_usd,opus,0.7342455,-0.033915546875,64,,
cost_usd,opus,0.7890715,-0.907636515625,64,,
cost_usd,opus,0.7904035,-0.7224691562500001,64,,
cost_usd,opus,0.822972,-0.596037625,64,,
cost_usd,opus,0.890513,-0.5951734062499999,64,,
cost_usd,opus,0.89089,-0.5981217343749999,64,,
cost_usd,opus,0.896518,-0.5981217343749999,64,,
cost_usd,opus,1.0161445,-0.60087978125,64,,
cost_usd,opus,1.0591425,-0.60087978125,64,,
cost_usd,opus,1.071327,-0.5979596875,64,,
cost_usd,opus,1.158728,-0.606225359375,64,,
cost_usd,opus,1.164651,-0.591227953125,64,,
cost_usd,opus,1.168721,-0.591227953125,64,,
cost_usd,opus,1.171032,-0.591227953125,64,,
cost_usd,opus,1.1890865,-0.5908598437499999,64,,
cost_usd,opus,1.196318,0.0807715625,64,,
cost_usd,opus,1.2257295,0.0807715625,64,,
cost_usd,opus,1.237243,0.060116812500000005,64,,
cost_usd,opus,1.242574,0.060116812500000005,64,,
cost_usd,opus,1.3255875,0.060116812500000005,64,,
cost_usd,opus,1.3930935,0.0686498125,64,,
cost_usd,opus,1.449647,0.9415065625,64,,
cost_usd,opus,1.4682365,0.928537125,64,,
cost_usd,opus,1.4722675,0.932305671875,64,,
cost_usd,opus,1.5096545,1.237011046875,64,,
cost_usd,opus,1.51793,1.20799809375,64,,
cost_usd,opus,1.628513,1.20799809375,64,,
cost_usd,opus,1.712335,1.214263046875,64,,
cost_usd,opus,1.72171,1.214263046875,64,,
cost_usd,opus,1.773592,1.214263046875,64,,
cost_usd,opus,1.7739319999999994,1.21574415625,64,,
cost_usd,opus,1.7784355,0.34159109374999996,64,,
cost_usd,opus,1.8075485,0.3545605312499999,64,,
cost_usd,opus,1.9398665,0.3545605312499999,64,,
cost_usd,opus,1.9481265,0.30451967187499995,64,,
cost_usd,opus,2.022246,0.3046674374999999,64,,
cost_usd,opus,2.0878715,1.092967015625,64,,
cost_usd,opus,2.0923845,-0.6540428125000001,64,,
cost_usd,opus,2.098698,-0.651652875,64,,
cost_usd,opus,2.1349715,-0.652208390625,64,,
cost_usd,opus,2.2202205,-0.5066216718750001,64,,
cost_usd,opus,2.310854,-0.358475,64,,
cost_usd,opus,2.330493,-0.489025984375,64,,
cost_usd,opus,2.33578,-0.489025984375,64,,
cost_usd,opus,2.349825,-0.687535625,64,,
cost_usd,opus,2.4028255,-0.60227096875,64,,
cost_usd,opus,2.419825,-0.60227096875,64,,
cost_usd,opus,2.447218,-0.461053765625,64,,
cost_usd,opus,2.517256,-0.459169859375,64,,
cost_usd,opus,2.5369265,-0.17579751562499998,64,,
cost_usd,opus,2.575862,-0.15998084375,64,,
cost_usd,opus,2.5994659999999996,-0.132943609375,64,,
cost_usd,opus,2.6078115,-0.12757521874999997,64,,
cost_usd,opus,2.639647,-0.12801004687499998,64,,
cost_usd,opus,2.6418605,-0.262449265625,64,,
cost_usd,opus,2.654116,-0.262449265625,64,,
cost_usd,opus,2.6598195,-0.226035625,64,,
cost_usd,opus,2.679462,-0.22472770312499998,64,,
cost_usd,opus,2.69488,-0.67796771875,64,,
cost_usd,opus,2.739379,-0.67663790625,64,,
cost_usd,opus,2.75139,-0.6493205156249999,64,,
cost_usd,opus,2.78982,-0.635093453125,64,,
cost_usd,opus,2.801981,-0.652808875,64,,
cost_usd,opus,2.869469,-0.652479921875,64,,
cost_usd,opus,3.016289,-0.62071203125,64,,
cost_usd,opus,3.032893,-0.610127421875,64,,
cost_usd,opus,3.0341395,-0.60833778125,64,,
cost_usd,opus,3.0631055,0.5998675937499999,64,,
cost_usd,opus,3.064251,0.6181959531249999,64,,
cost_usd,opus,3.0740215,0.6182124374999999,64,,
cost_usd,opus,3.0994075,0.7103269375,64,,
cost_usd,opus,3.1303515,0.67596928125,64,,
cost_usd,opus,3.1607135,2.5223637812499997,64,,
cost_usd,opus,3.193424,2.52842184375,64,,
cost_usd,opus,3.2209695,2.52842184375,64,,
cost_usd,opus,3.2359265,2.3816760625,64,,
cost_usd,opus,3.24619,2.3816760625,64,,
cost_usd,opus,3.2740905,2.75730325,64,,
cost_usd,opus,3.2767665,2.75730325,64,,
cost_usd,opus,3.2975235,2.951283,64,,
cost_usd,opus,3.338506,2.95168934375,64,,
cost_usd,opus,3.360926999999999,2.9628937187499997,64,,
cost_usd,opus,3.4597445,2.960735078125,64,,
cost_usd,opus,3.591681499999999,2.966783015625,64,,
cost_usd,opus,3.5954145,2.956451703125,64,,
cost_usd,opus,3.5975575,2.956606421875,64,,
cost_usd,opus,3.6494635,3.0012953906249997,64,,
cost_usd,opus,3.686686,3.0168512499999998,64,,
cost_usd,opus,3.709214,3.278319390625,64,,
cost_usd,opus,3.7136095,3.258811328125,64,,
cost_usd,opus,3.7322355,3.258811328125,64,,
cost_usd,opus,3.8397215,3.258811328125,64,,
cost_usd,opus,3.8404584999999987,3.25916559375,64,,
cost_usd,opus,3.885403,2.550090421875,64,,
cost_usd,opus,3.9359174999999995,2.55115090625,64,,
cost_usd,opus,3.9714085,2.555144703125,64,,
cost_usd,opus,3.99102025,2.561561296875,64,,
cost_usd,opus,4.070734,2.54818565625,64,,
cost_usd,opus,4.112368,2.54818565625,64,,
cost_usd,opus,4.1159735,2.466364578125,64,,
cost_usd,opus,4.120956,3.103196421875,64,,
cost_usd,opus,4.157825,3.125582625,64,,
cost_usd,opus,4.160274,3.12704790625,64,,
cost_usd,opus,4.280327,3.12919034375,64,,
cost_usd,opus,4.3175945,3.145363625,64,,
cost_usd,opus,4.317877999999999,3.1486815937499997,64,,
cost_usd,opus,4.365355,3.1481137968749997,64,,
cost_usd,opus,4.396018,3.151568265625,64,,
cost_usd,opus,4.4012365,3.154588046875,64,,
cost_usd,opus,4.411066499999998,3.164616578125,64,,
cost_usd,opus,4.430513,3.1022941718749997,64,,
cost_usd,opus,4.440897,3.10231565625,64,,
cost_usd,opus,4.4736155,3.104363140625,64,,
cost_usd,opus,4.505399,3.1367220625,64,,
cost_usd,opus,4.5215575,3.1832201093749997,64,,
cost_usd,opus,4.58131,3.1832201093749997,64,,
cost_usd,opus,4.593501,3.0858913749999997,64,,
cost_usd,opus,4.7097355,2.3893380781249998,64,,
cost_usd,opus,4.7270275,2.453078796875,64,,
cost_usd,opus,4.73052675,2.80488396875,64,,
cost_usd,opus,4.7812825,3.5508221562499998,64,,
cost_usd,opus,4.78549675,3.550850953125,64,,
cost_usd,opus,4.787128,3.5560963437499997,64,,
cost_usd,opus,4.8022155,3.522404453125,64,,
cost_usd,opus,4.81327125,3.723452890625,64,,
cost_usd,opus,4.8165395,3.7651769218749997,64,,
cost_usd,opus,4.823023,3.765088703125,64,,
cost_usd,opus,4.8324455,3.7864415,64,,
cost_usd,opus,4.9017195,3.808719359375,64,,
cost_usd,opus,4.9487135,3.8566564999999997,64,,
cost_usd,opus,4.9527245,4.65473921875,64,,
cost_usd,opus,4.9697415,4.610893546875,64,,
cost_usd,opus,4.9927095,5.819421921875,64,,
cost_usd,opus,4.996133,5.819421921875,64,,
cost_usd,opus,5.06982,5.82635290625,64,,
cost_usd,opus,5.087497499999999,5.830223375,64,,
cost_usd,opus,5.0935325,5.831948015625,64,,
cost_usd,opus,5.118016,6.666968265625,64,,
cost_usd,opus,5.1333395,6.6629499687500005,64,,
cost_usd,opus,5.1743575,6.68167825,64,,
cost_usd,opus,5.183668,6.71685271875,64,,
cost_usd,opus,5.199957,6.715874546875,64,,
cost_usd,opus,5.232892,6.715907625,64,,
cost_usd,opus,5.30115,6.717097078125,64,,
cost_usd,opus,5.325301,6.717122265625,64,,
cost_usd,opus,5.3340835,6.718867109375,64,,
cost_usd,opus,5.358884,6.720721703125,64,,
cost_usd,opus,5.409645,6.720696515625,64,,
cost_usd,opus,5.414022,6.7289065625,64,,
cost_usd,opus,5.425905,7.188992953125,64,,
cost_usd,opus,5.4299205,7.20623275,64,,
cost_usd,opus,5.448591,7.377496390625,64,,
cost_usd,opus,5.524175,8.0362135,64,,
cost_usd,opus,5.5428785,8.35341003125,64,,
cost_usd,opus,5.587242,9.053138296875,64,,
cost_usd,opus,5.598983,10.104455359375,64,,
cost_usd,opus,5.6977825,10.10447128125,64,,
cost_usd,opus,5.698355,10.10447128125,64,,
cost_usd,opus,5.704805,10.106018484375,64,,
cost_usd,opus,5.731968,10.10699890625,64,,
cost_usd,opus,5.75961775,10.185090921875,64,,
cost_usd,opus,5.8025695,10.201270375,64,,
cost_usd,opus,5.8167155,10.210917734375,64,,
cost_usd,opus,5.869864,10.2829909375,64,,
cost_usd,opus,5.8743435,10.2877191875,64,,
cost_usd,opus,5.91487825,10.40641634375,64,,
cost_usd,opus,5.92745725,10.36071325,64,,
cost_usd,opus,5.991801,10.3697630625,64,,
cost_usd,opus,5.99531675,10.380336203125,64,,
cost_usd,opus,6.02258375,10.369333296875,64,,
cost_usd,opus,6.0531615,10.301949515625,64,,
cost_usd,opus,6.0532405,10.30302075,64,,
cost_usd,opus,6.073869,10.489314421875,64,,
cost_usd,opus,6.101129,10.489314421875,64,,
cost_usd,opus,6.145913499999999,10.48998640625,64,,
cost_usd,opus,6.163621,12.038093515625,64,,
cost_usd,opus,6.17209475,12.04422784375,64,,
cost_usd,opus,6.2415115,11.1536546875,64,,
cost_usd,opus,6.281114,11.153801703125,64,,
cost_usd,opus,6.3442675,11.158160562499999,64,,
cost_usd,opus,6.4200975,11.810199125,64,,
cost_usd,opus,6.4346585,11.85026321875,64,,
cost_usd,opus,6.500525499999999,11.854484171875,64,,
cost_usd,opus,6.5383565,11.862278390625,64,,
cost_usd,opus,6.54292,12.647607453125,64,,
cost_usd,opus,6.5637485,12.834023640625,64,,
cost_usd,opus,6.6333875,12.8634069375,64,,
cost_usd,opus,6.6559925,13.04173821875,64,,
cost_usd,opus,6.72665175,13.0640494375,64,,
cost_usd,opus,6.8045345,13.06735690625,64,,
cost_usd,opus,6.8646375,13.07771275,64,,
cost_usd,opus,6.87142875,13.0826158125,64,,
cost_usd,opus,6.8966265,13.119820640625,64,,
cost_usd,opus,6.899099,13.1282428125,64,,
cost_usd,opus,6.900636,13.1282428125,64,,
cost_usd,opus,6.90938425,13.16224646875,64,,
cost_usd,opus,6.925448,13.198201953125,64,,
cost_usd,opus,6.931253,13.19870740625,64,,
cost_usd,opus,6.94236475,13.83145534375,64,,
cost_usd,opus,6.9775325,13.84944484375,64,,
cost_usd,opus,6.98186275,13.911794453125,64,,
cost_usd,opus,7.0094945,13.946278156250001,64,,
cost_usd,opus,7.0515605,13.9933686875,64,,
cost_usd,opus,7.08191675,14.092143109375,64,,
cost_usd,opus,7.155741,14.150449640625,64,,
cost_usd,opus,7.2024365,14.20618503125,64,,
cost_usd,opus,7.2310475,14.213815953125,64,,
cost_usd,opus,7.2565615,14.147286203125,64,,
cost_usd,opus,7.29990125,15.553287734375,64,,
cost_usd,opus,7.320292,15.559308859375,64,,
cost_usd,opus,7.35235425,15.58606853125,64,,
cost_usd,opus,7.367508,15.59437659375,64,,
cost_usd,opus,7.4037765,15.596482140625,64,,
cost_usd,opus,7.434010999999999,15.597500625,64,,
cost_usd,opus,7.453326,16.474599,64,,
cost_usd,opus,7.4785615,16.475042265625,64,,
cost_usd,opus,7.4967885,16.505699640625,64,,
cost_usd,opus,7.497547,16.551760453125,64,,
cost_usd,opus,7.499552,17.377457515625,64,,
cost_usd,opus,7.5068805,17.377457515625,64,,
cost_usd,opus,7.5883075,17.419726296874998,64,,
cost_usd,opus,7.588895999999999,17.421015203125,64,,
cost_usd,opus,7.6040965,17.4356038125,64,,
cost_usd,opus,7.60410125,17.84265396875,64,,
cost_usd,opus,7.61768775,19.413499671875,64,,
cost_usd,opus,7.636863999999999,19.413752171875,64,,
cost_usd,opus,7.728878,19.425503234375,64,,
cost_usd,opus,7.74593775,19.420368796875,64,,
cost_usd,opus,7.7571135,19.488873109375,64,,
cost_usd,opus,7.7941435,19.48913321875,64,,
cost_usd,opus,7.8006145,19.3694395,64,,
cost_usd,opus,7.80654675,19.390431578125,64,,
cost_usd,opus,7.897003,19.440782625,64,,
cost_usd,opus,7.91236,19.44133425,64,,
cost_usd,opus,7.918465,19.441944609375,64,,
cost_usd,opus,7.957868,19.440753625,64,,
cost_usd,opus,7.9773265,19.441392578125,64,,
cost_usd,opus,7.977704,19.591806625,64,,
cost_usd,opus,7.998054,19.59320834375,64,,
cost_usd,opus,8.000473499999998,19.593826421875,64,,
cost_usd,opus,8.01702525,19.417126015625,64,,
cost_usd,opus,8.0620695,19.432781625,64,,
cost_usd,opus,8.065595,19.462302546875,64,,
cost_usd,opus,8.06740475,19.46066809375,64,,
cost_usd,opus,8.0691065,20.3676613125,64,,
cost_usd,opus,8.100646,20.368280796875,64,,
cost_usd,opus,8.110879,20.37357596875,64,,
cost_usd,opus,8.1138945,20.507027921875,64,,
cost_usd,opus,8.1564895,20.61698278125,64,,
cost_usd,opus,8.166908,20.61698278125,64,,
cost_usd,opus,8.197661,20.61698278125,64,,
cost_usd,opus,8.335074,20.6143901875,64,,
cost_usd,opus,8.352922,20.6610883125,64,,
cost_usd,opus,8.3615285,20.2239361875,64,,
cost_usd,opus,8.3883505,20.28847421875,64,,
cost_usd,opus,8.39540625,20.302202546875,64,,
cost_usd,opus,8.400308499999998,20.3119748125,64,,
cost_usd,opus,8.453122999999998,20.313207171875,64,,
cost_usd,opus,8.4641025,20.294112796875,64,,
cost_usd,opus,8.4858725,20.30942425,64,,
cost_usd,opus,8.505136999999998,20.310061171875,64,,
cost_usd,opus,8.5077615,20.340131234375,64,,
cost_usd,opus,8.540445,20.34015421875,64,,
cost_usd,opus,8.555852999999997,20.345046,64,,
cost_usd,opus,8.6210735,20.36837546875,64,,
cost_usd,opus,8.653475,20.37251271875,64,,
cost_usd,opus,8.660203999999998,20.373624484375,64,,
cost_usd,opus,8.6764715,20.377331984375,64,,
cost_usd,opus,8.6788055,20.386640796875,64,,
cost_usd,opus,8.681341,20.395432484375,64,,
cost_usd,opus,8.70486225,20.483525953125,64,,
cost_usd,opus,8.711725499999998,20.485670359375,64,,
cost_usd,opus,8.71846725,20.51348828125,64,,
cost_usd,opus,8.736757499999998,20.565683265625,64,,
cost_usd,opus,8.759439,20.55533925,64,,
cost_usd,opus,8.77004075,20.55533925,64,,
cost_usd,opus,8.77116525,20.561918859375,64,,
cost_usd,opus,8.802963,20.561918859375,64,,
cost_usd,opus,8.814662499999997,20.5635469375,64,,
cost_usd,opus,8.83490775,20.662632046875,64,,
cost_usd,opus,8.865103999999997,20.66684546875,64,,
cost_usd,opus,8.9004195,20.703230796875,64,,
cost_usd,opus,8.915702499999997,20.706780921875,64,,
cost_usd,opus,8.916641499999997,20.7187823125,64,,
cost_usd,opus,8.9221145,20.7295445625,64,,
cost_usd,opus,8.92712475,20.7295445625,64,,
cost_usd,opus,8.9604905,20.56662621875,64,,
cost_usd,opus,8.9656375,20.624965171875,64,,
cost_usd,opus,8.974456999999997,20.62546915625,64,,
cost_usd,opus,8.9803925,20.632668234375,64,,
cost_usd,opus,8.99621,20.650992203125,64,,
cost_usd,opus,9.00337625,20.650470265625,64,,
cost_usd,opus,9.02993775,20.686864109375,64,,
cost_usd,opus,9.11540775,20.89489228125,64,,
cost_usd,opus,9.126298499999995,20.8976170625,64,,
cost_usd,opus,9.141741,20.905386,64,,
cost_usd,opus,9.160116,20.92411853125,64,,
cost_usd,opus,9.182122,20.928225234375,64,,
cost_usd,opus,9.186631499999995,20.930456296875,64,,
cost_usd,opus,9.21326775,20.932756359375,64,,
cost_usd,opus,9.21382975,20.932756359375,64,,
cost_usd,opus,9.215642,20.93404125,64,,
cost_usd,opus,9.23546825,20.854534046875,64,,
cost_usd,opus,9.2378265,20.86535528125,64,,
cost_usd,opus,9.238328999999995,20.86838909375,64,,
cost_usd,opus,9.2583075,20.722362734375,64,,
cost_usd,opus,9.278204,20.737054390625,64,,
cost_usd,opus,9.27887575,20.73848746875,64,,
cost_usd,opus,9.29245025,20.750300203125,64,,
cost_usd,opus,9.344114999999995,20.75398978125,64,,
cost_usd,opus,9.352907,21.107338828125002,64,,
cost_usd,opus,9.35491875,21.125105578125,64,,
cost_usd,opus,9.396094499999995,21.129631796875,64,,
cost_usd,opus,9.4306715,21.250238953125,64,,
cost_usd,opus,9.448130999999995,21.252289125,64,,
cost_usd,opus,9.453795,21.282103140625,64,,
cost_usd,opus,9.5025385,21.28974134375,64,,
cost_usd,opus,9.512364,21.293585015625,64,,
cost_usd,opus,9.53821725,21.313081859375,64,,
cost_usd,opus,9.554744999999995,21.316266421875,64,,
cost_usd,opus,9.565226,21.712911578125,64,,
cost_usd,opus,9.56582725,21.719618328125,64,,
cost_usd,opus,9.56944675,21.725398671875,64,,
cost_usd,opus,9.607070999999996,21.728613390625,64,,
cost_usd,opus,9.6098315,21.74028028125,64,,
cost_usd,opus,9.61934275,21.74538915625,64,,
cost_usd,opus,9.629511,21.761084109375002,64,,
cost_usd,opus,9.64598225,21.764215359375,64,,
cost_usd,opus,9.659453999999997,21.765602234375,64,,
cost_usd,opus,9.673533,21.92658084375,64,,
cost_usd,opus,9.701673,21.94289996875,64,,
cost_usd,opus,9.737036,21.998635375,64,,
cost_usd,opus,9.766610999999997,22.000353921875,64,,
cost_usd,opus,9.79022075,22.000425421875,64,,
cost_usd,opus,9.819275999999997,22.001171625,64,,
cost_usd,opus,9.8282335,22.0038621875,64,,
cost_usd,opus,9.832887,22.010890984375,64,,
cost_usd,opus,9.8397535,22.022050203125,64,,
cost_usd,opus,9.873232999999997,22.023531296875,64,,
cost_usd,opus,9.893255,21.73315209375,64,,
cost_usd,opus,9.92445575,21.733253875,64,,
cost_usd,opus,9.95443325,21.758243765625,64,,
cost_usd,opus,9.9772495,21.75795253125,64,,
cost_usd,opus,9.9791345,21.78236659375,64,,
cost_usd,opus,10.0016135,21.851288890625,64,,
cost_usd,opus,10.02066475,21.900074718750002,64,,
cost_usd,opus,10.026154,21.918278609375,64,,
cost_usd,opus,10.03179675,21.92349496875,64,,
cost_usd,opus,10.03438375,21.924945421875,64,,
cost_usd,opus,10.06160425,21.9268585625,64,,
cost_usd,opus,10.0648465,21.9268585625,64,,
cost_usd,opus,10.07978525,21.9268585625,64,,
cost_usd,opus,10.085328,21.937408546875,64,,
cost_usd,opus,10.09459325,21.947096078125,64,,
cost_usd,opus,10.10080125,21.953506859375,64,,
cost_usd,opus,10.13130675,21.962735796875002,64,,
cost_usd,opus,10.13146825,22.04950275,64,,
cost_usd,opus,10.16256775,22.056223828125,64,,
cost_usd,opus,10.17592525,22.1164983125,64,,
cost_usd,opus,10.1857115,22.09066896875,64,,
cost_usd,opus,10.18576225,22.09072128125,64,,
cost_usd,opus,10.19523,22.10065975,64,,
cost_usd,opus,10.19650325,22.103561703125,64,,
cost_usd,opus,10.2230135,22.11158646875,64,,
cost_usd,opus,10.224170499999996,22.112962046875,64,,
cost_usd,opus,10.22795475,22.115555906250002,64,,
cost_usd,opus,10.2311045,22.115555906250002,64,,
cost_usd,opus,10.25796275,22.121517453125,64,,
cost_usd,opus,10.29273675,22.124132796875,64,,
cost_usd,opus,10.2956005,22.011417375,64,,
cost_usd,opus,10.32461825,22.0241033125,64,,
cost_usd,opus,10.32462975,22.0241033125,64,,
cost_usd,opus,10.35118475,22.27940709375,64,,
cost_usd,opus,10.39255775,22.279507328125,64,,
cost_usd,opus,10.46690675,22.362636203125,64,,
cost_usd,opus,10.52878625,22.47953659375,64,,
cost_usd,opus,10.55155125,22.47995934375,64,,
cost_usd,opus,10.554531,23.158712984375,64,,
cost_usd,opus,10.557150999999996,23.158758218750002,64,,
cost_usd,opus,10.560113,23.165239890625,64,,
cost_usd,opus,10.5735595,23.16724025,64,,
cost_usd,opus,10.59246575,23.208256625,64,,
cost_usd,opus,10.62178475,23.2099354375,64,,
cost_usd,opus,10.630276,23.217377765625,64,,
cost_usd,opus,10.64162325,23.235863328125,64,,
cost_usd,opus,10.679591,23.259197125,64,,
cost_usd,opus,10.707666,23.279796609375,64,,
cost_usd,opus,10.742367,23.311678015625,64,,
cost_usd,opus,10.748501,23.317607265625,64,,
cost_usd,opus,10.78519175,23.3226701875,64,,
cost_usd,opus,10.78662325,23.32357671875,64,,
cost_usd,opus,10.7890945,23.331782265625,64,,
cost_usd,opus,10.8124795,25.0290805,64,,
cost_usd,opus,10.847298,25.041814015625,64,,
cost_usd,opus,10.85119725,25.043067265625,64,,
cost_usd,opus,10.864127,25.066856546875,64,,
cost_usd,opus,10.86500775,25.06980278125,64,,
cost_usd,opus,10.865054,25.05701659375,64,,
cost_usd,opus,10.86745375,25.057755375,64,,
cost_usd,opus,10.912499,25.08147559375,64,,
cost_usd,opus,10.99881825,25.09833890625,64,,
cost_usd,opus,11.02671625,25.123170609375,64,,
cost_usd,opus,11.06602675,25.165767390625,64,,
cost_usd,opus,11.0876725,25.203768421875,64,,
cost_usd,opus,11.1140815,25.205529765625,64,,
cost_usd,opus,11.13764325,25.205529765625,64,,
cost_usd,opus,11.1903805,25.272026140624998,64,,
cost_usd,opus,11.1923335,25.283096875,64,,
cost_usd,opus,11.198794,25.2845131875,64,,
cost_usd,opus,11.202283999999993,25.285089796875,64,,
cost_usd,opus,11.22791875,25.296679015625,64,,
cost_usd,opus,11.23384525,26.753302171875,64,,
cost_usd,opus,11.24700925,26.767520765625,64,,
cost_usd,opus,11.2744085,26.7846506875,64,,
cost_usd,opus,11.28577825,26.7899874375,64,,
cost_usd,opus,11.31450925,26.835942,64,,
cost_usd,opus,11.329136,26.843004796875,64,,
cost_usd,opus,11.3712825,26.84378628125,64,,
cost_usd,opus,11.48470975,26.84555725,64,,
cost_usd,opus,11.509978,26.8658034375,64,,
cost_usd,opus,11.553578,26.864834671875,64,,
cost_usd,opus,11.56243775,27.01058503125,64,,
cost_usd,opus,11.5667205,27.08897184375,64,,
cost_usd,opus,11.5881755,27.115493234375,64,,
cost_usd,opus,11.5921235,27.129736296875,64,,
cost_usd,opus,11.592872,27.161280125,64,,
cost_usd,opus,11.5970535,27.16132609375,64,,
cost_usd,opus,11.6202055,27.2237456875,64,,
cost_usd,opus,11.66076725,27.272261203125,64,,
cost_usd,opus,11.67076925,27.284661421875,64,,
cost_usd,opus,11.67867925,27.285488296875002,64,,
cost_usd,opus,11.708803,27.294829328125,64,,
cost_usd,opus,11.73348925,27.296059703125,64,,
cost_usd,opus,11.7463725,27.317597921875,64,,
cost_usd,opus,11.7645545,27.328400609375,64,,
cost_usd,opus,11.828377999999992,27.3314118125,64,,
cost_usd,opus,11.85488925,27.34253940625,64,,
cost_usd,opus,11.8860035,27.373562296875,64,,
cost_usd,opus,11.935215,27.376387421875002,64,,
cost_usd,opus,11.94140375,27.377770328125,64,,
cost_usd,opus,11.971672999999992,27.382850546875,64,,
cost_usd,opus,11.99931425,27.428103625,64,,
cost_usd,opus,12.03412575,27.457433515625,64,,
cost_usd,opus,12.046057499999993,27.4576935625,64,,
cost_usd,opus,12.05121,27.545654296875,64,,
cost_usd,opus,12.09523025,27.545780484375,64,,
cost_usd,opus,12.13115775,27.5777235,64,,
cost_usd,opus,12.15032275,27.5905525625,64,,
cost_usd,opus,12.17457925,27.591910828125002,64,,
cost_usd,opus,12.1855585,27.617202125,64,,
cost_usd,opus,12.1900765,27.627572703125,64,,
cost_usd,opus,12.21696825,27.630453171875,64,,
cost_usd,opus,12.22501675,27.748630703125,64,,
cost_usd,opus,12.27362175,27.74921109375,64,,
cost_usd,opus,12.2826505,27.71284746875,64,,
cost_usd,opus,12.37131475,27.739434515625,64,,
cost_usd,opus,12.41633725,27.79108740625,64,,
cost_usd,opus,12.42157425,27.79263290625,64,,
cost_usd,opus,12.438733,27.809048125,64,,
cost_usd,opus,12.4413385,27.83202828125,64,,
cost_usd,opus,12.44433025,27.833196234375,64,,
cost_usd,opus,12.47240625,27.837542078125,64,,
cost_usd,opus,12.473596,27.879868984375,64,,
cost_usd,opus,12.49249275,27.917712234375,64,,
cost_usd,opus,12.496799,27.9292328125,64,,
cost_usd,opus,12.58073075,27.9337080625,64,,
cost_usd,opus,12.59716925,27.947564234375,64,,
cost_usd,opus,12.62416725,27.97236796875,64,,
cost_usd,opus,12.628552,27.967812578125,64,,
cost_usd,opus,12.65084225,28.03942715625,64,,
cost_usd,opus,12.68946725,28.054421203125,64,,
cost_usd,opus,12.69395675,28.055682296875,64,,
cost_usd,opus,12.7078,28.060630140625,64,,
cost_usd,opus,12.72477775,28.1038235625,64,,
cost_usd,opus,12.7272545,28.119859734375,64,,
cost_usd,opus,12.7356485,28.1241808125,64,,
cost_usd,opus,12.74022225,28.124475328125,64,,
cost_usd,opus,12.776293,28.124475328125,64,,
cost_usd,opus,12.79017975,28.21087659375,64,,
cost_usd,opus,12.870398499999993,28.210887890625,64,,
cost_usd,opus,12.87416275,28.2110526875,64,,
cost_usd,opus,12.903941,28.239189921875,64,,
cost_usd,opus,12.9283635,28.26770990625,64,,
cost_usd,opus,12.93159175,28.267695578125,64,,
cost_usd,opus,12.94701425,28.315461046875,64,,
cost_usd,opus,12.99151825,28.315461046875,64,,
cost_usd,opus,13.03285425,28.3569091875,64,,
cost_usd,opus,13.052808,28.359381125,64,,
cost_usd,opus,13.0615725,28.27896090625,64,,
cost_usd,opus,13.07204525,28.32473528125,64,,
cost_usd,opus,13.134783,28.332652828125,64,,
cost_usd,opus,13.14041275,28.335681859375,64,,
cost_usd,opus,13.159749999999994,28.34606465625,64,,
cost_usd,opus,13.22053975,28.34211825,64,,
cost_usd,opus,13.26412875,28.35844546875,64,,
cost_usd,opus,13.281605,29.271428890625,64,,
cost_usd,opus,13.29318525,29.271428890625,64,,
cost_usd,opus,13.297052,29.31936453125,64,,
cost_usd,opus,13.316852,29.3344633125,64,,
cost_usd,opus,13.32024775,29.370494,64,,
cost_usd,opus,13.3431525,29.376970453125,64,,
cost_usd,opus,13.36194,29.41042171875,64,,
cost_usd,opus,13.41472775,29.424998390625,64,,
cost_usd,opus,13.486766,29.424998390625,64,,
cost_usd,opus,13.5429035,29.428737,64,,
cost_usd,opus,13.6216685,29.432193859375,64,,
cost_usd,opus,13.622002,29.572366390625,64,,
cost_usd,opus,13.62450625,29.584509171875,64,,
cost_usd,opus,13.62796225,29.585290203125002,64,,
cost_usd,opus,13.62876925,29.592124,64,,
cost_usd,opus,13.64454825,29.61929790625,64,,
cost_usd,opus,13.6505615,29.635097296875,64,,
cost_usd,opus,13.651843,29.635097296875,64,,
cost_usd,opus,13.68355275,29.653864640625,64,,
cost_usd,opus,13.68577525,29.654753140625,64,,
cost_usd,opus,13.692229,29.656777765625,64,,
cost_usd,opus,13.72016375,29.657257984375,64,,
cost_usd,opus,13.721199,29.67133859375,64,,
cost_usd,opus,13.74159825,29.67585275,64,,
cost_usd,opus,13.79970225,29.6789625,64,,
cost_usd,opus,13.800401,29.678933296875,64,,
cost_usd,opus,13.84584575,29.819467984375,64,,
cost_usd,opus,13.85656725,29.82251325,64,,
cost_usd,opus,13.87130725,29.82820190625,64,,
cost_usd,opus,13.8811275,29.836559421875,64,,
cost_usd,opus,13.91267725,29.844018515625,64,,
cost_usd,opus,13.96896825,29.848231734375,64,,
cost_usd,opus,13.9793415,29.8526930625,64,,
cost_usd,opus,14.02048975,29.8526930625,64,,
cost_usd,opus,14.0232045,29.86315221875,64,,
cost_usd,opus,14.027483,29.87928746875,64,,
cost_usd,opus,14.03327525,29.88362965625,64,,
cost_usd,opus,14.0374585,29.87594396875,64,,
cost_usd,opus,14.0639365,29.875293859375,64,,
cost_usd,opus,14.07508425,29.87621734375,64,,
cost_usd,opus,14.09275125,29.8792554375,64,,
cost_usd,opus,14.110954,29.8792554375,64,,
cost_usd,opus,14.14316275,29.8815456875,64,,
cost_usd,opus,14.144981,29.894572625,64,,
cost_usd,opus,14.14935375,29.897560578125,64,,
cost_usd,opus,14.15823725,29.958098125,64,,
cost_usd,opus,14.18284225,29.958460484375,64,,
cost_usd,opus,14.20603725,29.960731890625,64,,
cost_usd,opus,14.2317335,29.981220890625,64,,
cost_usd,opus,14.25473175,30.04256365625,64,,
cost_usd,opus,14.25747625,30.071295578125,64,,
cost_usd,opus,14.2584155,30.09909946875,64,,
cost_usd,opus,14.26290175,30.102022921875,64,,
cost_usd,opus,14.26531375,30.1023923125,64,,
cost_usd,opus,14.30485625,30.117905921875,64,,
cost_usd,opus,14.320323,30.079957375,64,,
cost_usd,opus,14.32308225,30.081669890625,64,,
cost_usd,opus,14.32344525,30.086957859375,64,,
cost_usd,opus,14.35597925,30.087724921875,64,,
cost_usd,opus,14.35820025,30.1025923125,64,,
cost_usd,opus,14.38125175,30.103917890625,64,,
cost_usd,opus,14.42774725,30.116231078125,64,,
cost_usd,opus,14.428227,30.1160923125,64,,
cost_usd,opus,14.43833375,30.118671828125,64,,
cost_usd,opus,14.458458,30.123084890624998,64,,
cost_usd,opus,14.46840775,30.123860625,64,,
cost_usd,opus,14.49549675,30.1255373125,64,,
cost_usd,opus,14.50800875,30.124311203125,64,,
cost_usd,opus,14.55284075,30.127291984375,64,,
cost_usd,opus,14.57481225,30.178585078125,64,,
cost_usd,opus,14.61747575,30.179946484375,64,,
cost_usd,opus,14.64231875,30.1874385,64,,
cost_usd,opus,14.6671105,30.188730859375,64,,
cost_usd,opus,14.66935975,30.197857546875,64,,
cost_usd,opus,14.67771475,30.199254796875,64,,
cost_usd,opus,14.68234525,30.21050034375,64,,
cost_usd,opus,14.7066495,30.25797465625,64,,
cost_usd,opus,14.718783,30.28293175,64,,
cost_usd,opus,14.72157725,30.35952134375,64,,
cost_usd,opus,14.729754,30.362233546875,64,,
cost_usd,opus,14.73535575,30.363229515625,64,,
cost_usd,opus,14.7734355,30.374709265625,64,,
cost_usd,opus,14.78882525,30.399592,64,,
cost_usd,opus,14.79307775,30.401369015625,64,,
cost_usd,opus,14.804560499999994,30.40578971875,64,,
cost_usd,opus,14.84412225,30.42438809375,64,,
cost_usd,opus,14.850349,30.428661859375,64,,
cost_usd,opus,14.85098075,30.431399,64,,
cost_usd,opus,14.90912475,30.4322516875,64,,
cost_usd,opus,14.9422765,30.497530828125,64,,
cost_usd,opus,14.9492815,30.521925046875,64,,
cost_usd,opus,14.96710275,30.522849375,64,,
cost_usd,opus,14.99016925,30.548137203125,64,,
cost_usd,opus,14.996274,30.57847825,64,,
cost_usd,opus,15.02541625,30.583573359375,64,,
cost_usd,opus,15.02578675,30.585035078125,64,,
cost_usd,opus,15.0639165,30.589813171875,64,,
cost_usd,opus,15.07320325,30.59334490625,64,,
cost_usd,opus,15.08652675,30.59534403125,64,,
cost_usd,opus,15.0929175,30.596033578125,64,,
cost_usd,opus,15.10482,30.566616734375,64,,
cost_usd,opus,15.14975375,30.568319921875,64,,
cost_usd,opus,15.158436,30.577892328125,64,,
cost_usd,opus,15.160012,30.583999171875,64,,
cost_usd,opus,15.1784305,30.638188828125,64,,
cost_usd,opus,15.18562175,30.63942084375,64,,
cost_usd,opus,15.20538725,30.64216490625,64,,
cost_usd,opus,15.2256565,30.659430109375002,64,,
cost_usd,opus,15.2450095,30.66410809375,64,,
cost_usd,opus,15.248559,30.575233609375,64,,
cost_usd,opus,15.2664215,30.58717753125,64,,
cost_usd,opus,15.27332075,30.590974078125,64,,
cost_usd,opus,15.2914145,30.616467375,64,,
cost_usd,opus,15.3060025,30.631218671875,64,,
cost_usd,opus,15.34428325,30.639126859375,64,,
cost_usd,opus,15.35557,30.6429129375,64,,
cost_usd,opus,15.36612425,30.67279703125,64,,
cost_usd,opus,15.367607999999995,30.672849796875,64,,
cost_usd,opus,15.4007785,30.676688234375,64,,
cost_usd,opus,15.45009,30.68141171875,64,,
cost_usd,opus,15.488913,30.68367371875,64,,
cost_usd,opus,15.540732,30.687978546875,64,,
cost_usd,opus,15.559829,30.689411984375,64,,
cost_usd,opus,15.56866825,30.77267553125,64,,
cost_usd,opus,15.584462,30.77267553125,64,,
cost_usd,opus,15.6055005,30.779255546875,64,,
cost_usd,opus,15.619693,30.818315890625,64,,
cost_usd,opus,15.654778,30.817571234375,64,,
cost_usd,opus,15.6593085,30.821138875,64,,
cost_usd,opus,15.6813905,30.844425578125,64,,
cost_usd,opus,15.72950625,30.844862671875,64,,
cost_usd,opus,15.7460445,30.8482665,64,,
cost_usd,opus,15.777329,30.8480090625,64,,
cost_usd,opus,15.78504425,30.85426321875,64,,
cost_usd,opus,15.78952825,30.85510871875,64,,
cost_usd,opus,15.826121,30.85510871875,64,,
cost_usd,opus,15.8290725,30.85565625,64,,
cost_usd,opus,15.8309445,30.90131865625,64,,
cost_usd,opus,15.834502,30.90193753125,64,,
cost_usd,opus,15.85022175,30.90250359375,64,,
cost_usd,opus,15.90372025,30.899174125000002,64,,
cost_usd,opus,15.90448475,30.913149375,64,,
cost_usd,opus,15.940394499999995,30.91541059375,64,,
cost_usd,opus,15.951546,30.99554503125,64,,
cost_usd,opus,15.96481125,31.006169171875,64,,
cost_usd,opus,16.02014,31.052895296875,64,,
cost_usd,opus,16.0596935,31.059321375,64,,
cost_usd,opus,16.08328675,31.077299109375,64,,
cost_usd,opus,16.104121,31.163238515625,64,,
cost_usd,opus,16.20704475,31.164942390625,64,,
cost_usd,opus,16.29427075,31.177892453125,64,,
cost_usd,opus,16.30729225,31.178881390625,64,,
cost_usd,opus,16.313398,31.186562328125,64,,
cost_usd,opus,16.313704,31.281196015625,64,,
cost_usd,opus,16.3169305,31.2839311875,64,,
cost_usd,opus,16.33274825,31.291371296875,64,,
cost_usd,opus,16.35853225,31.316689515625,64,,
cost_usd,opus,16.3713745,31.354327625,64,,
cost_usd,opus,16.38540325,31.356742109375,64,,
cost_usd,opus,16.4133775,31.361683828125,64,,
cost_usd,opus,16.41518425,31.36815075,64,,
cost_usd,opus,16.4583255,31.36815075,64,,
cost_usd,opus,16.5199325,31.378839734375,64,,
cost_usd,opus,16.52383,31.39549003125,64,,
cost_usd,opus,16.57197625,31.44650334375,64,,
cost_usd,opus,16.57602725,31.458745328125,64,,
cost_usd,opus,16.577409499999998,31.45991740625,64,,
cost_usd,opus,16.6198645,31.46114365625,64,,
cost_usd,opus,16.620048,31.47289178125,64,,
cost_usd,opus,16.6584435,31.47388671875,64,,
cost_usd,opus,16.695372,31.570987875,64,,
cost_usd,opus,16.782910500000003,31.57134590625,64,,
cost_usd,opus,16.809631,31.576682,64,,
cost_usd,opus,16.83874,31.576872421875,64,,
cost_usd,opus,16.85568875,31.615934921875,64,,
cost_usd,opus,16.8583985,31.616301609375,64,,
cost_usd,opus,16.86140875,31.617024140625,64,,
cost_usd,opus,16.8679615,31.646587421875,64,,
cost_usd,opus,16.88994775,31.646587421875,64,,
cost_usd,opus,16.899901,31.697049046875,64,,
cost_usd,opus,16.94219975,31.70856221875,64,,
cost_usd,opus,16.98707075,31.72285778125,64,,
cost_usd,opus,16.99638,31.7246515,64,,
cost_usd,opus,17.00073675,31.736247046875,64,,
cost_usd,opus,17.0641445,31.5141454375,64,,
cost_usd,opus,17.10661725,31.51726965625,64,,
cost_usd,opus,17.13463775,31.518537015625,64,,
cost_usd,opus,17.15025675,31.54289425,64,,
cost_usd,opus,17.16541225,31.5460786875,64,,
cost_usd,opus,17.19387975,31.54373771875,64,,
cost_usd,opus,17.246828500000003,31.5469185,64,,
cost_usd,opus,17.25569325,31.568334375,64,,
cost_usd,opus,17.2655505,31.573678859375,64,,
cost_usd,opus,17.2857315,31.574715546875,64,,
cost_usd,opus,17.30212275,31.51944846875,64,,
cost_usd,opus,17.38915425,31.52097871875,64,,
cost_usd,opus,17.42851925,31.540086234375,64,,
cost_usd,opus,17.512473,31.547585140625,64,,
cost_usd,opus,17.515352000000004,31.5559290625,64,,
cost_usd,opus,17.5250435,31.57844628125,64,,
cost_usd,opus,17.5395325,31.58298728125,64,,
cost_usd,opus,17.56932175,31.609421140625,64,,
cost_usd,opus,17.60128825,31.613729875,64,,
cost_usd,opus,17.6024265,31.618142343749998,64,,
cost_usd,opus,17.6519385,31.629652484375,64,,
cost_usd,opus,17.71143225,31.656451609375,64,,
cost_usd,opus,17.72027375,31.656451609375,64,,
cost_usd,opus,17.729806,31.669476328125,64,,
cost_usd,opus,17.73651475,31.704984890625,64,,
cost_usd,opus,17.74692825,31.72888021875,64,,
cost_usd,opus,17.769192500000006,31.74253803125,64,,
cost_usd,opus,17.78212225,31.753250453125,64,,
cost_usd,opus,17.811497,31.8307691875,64,,
cost_usd,opus,17.86903600000001,31.840552765625,64,,
cost_usd,opus,17.8707995,31.886032,64,,
cost_usd,opus,17.898205,32.037285671875,64,,
cost_usd,opus,17.93631275,32.047231953125,64,,
cost_usd,opus,17.984293500000007,32.052251875,64,,
cost_usd,opus,18.06140775,32.0820170625,64,,
cost_usd,opus,18.15393125,32.083589015625,64,,
cost_usd,opus,18.1801565,32.18676634375,64,,
cost_usd,opus,18.21167675,32.204739453125,64,,
cost_usd,opus,18.225693,32.206911375,64,,
cost_usd,opus,18.2673825,32.0678260625,64,,
cost_usd,opus,18.27278725,32.108554109375,64,,
cost_usd,opus,18.27502475,32.154956609375,64,,
cost_usd,opus,18.303823,32.186436203125,64,,
cost_usd,opus,18.34351875,32.229233921875,64,,
cost_usd,opus,18.39011825,32.266838234375,64,,
cost_usd,opus,18.44582425,32.322474078125,64,,
cost_usd,opus,18.44720425,32.336392484375,64,,
cost_usd,opus,18.4535345,32.354621,64,,
cost_usd,opus,18.45356575,32.37588165625,64,,
cost_usd,opus,18.45475625,32.398318375,64,,
cost_usd,opus,18.484026,32.436494640625,64,,
cost_usd,opus,18.48403625,32.445562328125,64,,
cost_usd,opus,18.5005805,32.470500109375,64,,
cost_usd,opus,18.50080425,32.4780343125,64,,
cost_usd,opus,18.5133935,32.506665515625,64,,
cost_usd,opus,18.537047,32.510727296875,64,,
cost_usd,opus,18.563787,32.513336828125,64,,
cost_usd,opus,18.59213875,32.513336828125,64,,
cost_usd,opus,18.61235425,32.528834453125,64,,
cost_usd,opus,18.666399,32.35534103125,64,,
cost_usd,opus,18.72129525,32.3599515,64,,
cost_usd,opus,18.77146925,32.375782078125,64,,
cost_usd,opus,18.85656475,32.382808,64,,
cost_usd,opus,18.9063965,32.375155671875,64,,
cost_usd,opus,18.913139,32.3835580625,64,,
cost_usd,opus,18.91810575,32.39624584375,64,,
cost_usd,opus,18.99413575,32.39642125,64,,
cost_usd,opus,19.006109,32.39714253125,64,,
cost_usd,opus,19.03596025,32.422778484375,64,,
cost_usd,opus,19.05130175,32.423922453125,64,,
cost_usd,opus,19.081459,32.4290133125,64,,
cost_usd,opus,19.13294575,33.106611359375,64,,
cost_usd,opus,19.133925,33.122303703125,64,,
cost_usd,opus,19.15599175,33.085245953124996,64,,
cost_usd,opus,19.16570775,33.08995225,64,,
cost_usd,opus,19.28414575,33.096441359375,64,,
cost_usd,opus,19.28845750000002,33.096931296875,64,,
cost_usd,opus,19.31829525,33.18488871875,64,,
cost_usd,opus,19.32284475,33.198866265625,64,,
cost_usd,opus,19.3439945,33.3723596875,64,,
cost_usd,opus,19.36077425,34.180824,64,,
cost_usd,opus,19.36840925,34.18252459375,64,,
cost_usd,opus,19.37517075,34.190006,64,,
cost_usd,opus,19.39818825,34.19588153125,64,,
cost_usd,opus,19.41179175,34.206775578125,64,,
cost_usd,opus,19.41281350000002,34.207242890625,64,,
cost_usd,opus,19.43010625,34.21162784375,64,,
cost_usd,opus,19.48966375,34.214876875,64,,
cost_usd,opus,19.50333275,34.229265296875,64,,
cost_usd,opus,19.5068195,34.24148128125,64,,
cost_usd,opus,19.53773375,34.2391596875,64,,
cost_usd,opus,19.54611425,34.23936015625,64,,
cost_usd,opus,19.57595475,34.24212521875,64,,
cost_usd,opus,19.57904275,34.252060046875,64,,
cost_usd,opus,19.592236500000023,34.2529193125,64,,
cost_usd,opus,19.60790325,34.2617875,64,,
cost_usd,opus,19.6121545,34.268624125,64,,
cost_usd,opus,19.62134375,34.275127015625,64,,
cost_usd,opus,19.634789,34.288669515625,64,,
cost_usd,opus,19.64879225,34.299777875,64,,
cost_usd,opus,19.64944725,34.3073745625,64,,
cost_usd,opus,19.65725425,34.308176375,64,,
cost_usd,opus,19.66040975,34.32336009375,64,,
cost_usd,opus,19.664391,34.34381165625,64,,
cost_usd,opus,19.76659425,34.348997890625,64,,
cost_usd,opus,19.783403000000025,34.3529965,64,,
cost_usd,opus,19.79006325,34.353478328125,64,,
cost_usd,opus,19.79199125,34.370844328125,64,,
cost_usd,opus,19.84450725,34.380722984375,64,,
cost_usd,opus,19.86937775,34.390250421875,64,,
cost_usd,opus,19.87026225,34.398105390625,64,,
cost_usd,opus,19.8736905,34.406027625,64,,
cost_usd,opus,19.92592325,34.409010375,64,,
cost_usd,opus,20.03490025,34.427559796875,64,,
cost_usd,opus,20.0454195,34.428150828125,64,,
cost_usd,opus,20.06706225,34.453105625,64,,
cost_usd,opus,20.095493,34.5268350625,64,,
cost_usd,opus,20.100326,34.5268350625,64,,
cost_usd,opus,20.105625,34.533800515625,64,,
cost_usd,opus,20.10886975,34.5338756875,64,,
cost_usd,opus,20.1245035,34.54380115625,64,,
cost_usd,opus,20.18973325,34.54550503125,64,,
cost_usd,opus,20.23322175,34.576450640625,64,,
cost_usd,opus,20.26665775,34.57662603125,64,,
cost_usd,opus,20.385122,34.577648609375,64,,
cost_usd,opus,20.40050475,34.59932490625,64,,
cost_usd,opus,20.48695475,34.604334796875,64,,
cost_usd,opus,20.58457275,34.615198078125,64,,
cost_usd,opus,20.698314,34.622836265625,64,,
cost_usd,opus,20.7050445,34.623376875,64,,
cost_usd,opus,20.734127,34.6340494375,64,,
cost_usd,opus,20.73652625,34.650652609375,64,,
cost_usd,opus,20.741991,34.664740140625,64,,
cost_usd,opus,20.76097875,34.668136875,64,,
cost_usd,opus,20.83138175,34.6766611875,64,,
cost_usd,opus,20.8733495,34.714608109375,64,,
cost_usd,opus,20.877919,34.717296515625,64,,
cost_usd,opus,20.94160125,34.717468984375,64,,
cost_usd,opus,20.946472,34.759358265624996,64,,
cost_usd,opus,20.95007675,34.764184421875,64,,
cost_usd,opus,20.9611545,34.818411921875,64,,
cost_usd,opus,21.00052275,34.82317284375,64,,
cost_usd,opus,21.00862225,34.832204640625,64,,
cost_usd,opus,21.06708525,34.832304875,64,,
cost_usd,opus,21.09371525,34.850710265625,64,,
cost_usd,opus,21.14027975,34.85334125,64,,
cost_usd,opus,21.15776925,34.8672685,64,,
cost_usd,opus,21.16603375,34.86739990625,64,,
cost_usd,opus,21.19587175,34.86955090625,64,,
cost_usd,opus,21.20340075,34.879827609375,64,,
cost_usd,opus,21.20530175,34.881310171875,64,,
cost_usd,opus,21.21077325,34.88642178125,64,,
cost_usd,opus,21.23947225,34.93104046875,64,,
cost_usd,opus,21.26228575,34.93256746875,64,,
cost_usd,opus,21.26719375,34.938251046875,64,,
cost_usd,opus,21.27350025,34.951005015625,64,,
cost_usd,opus,21.276605,34.97395475,64,,
cost_usd,opus,21.29964025,35.305060875,64,,
cost_usd,opus,21.31377725,35.306214359375,64,,
cost_usd,opus,21.33400125,35.308745109375,64,,
cost_usd,opus,21.39603925,35.30909590625,64,,
cost_usd,opus,21.44575600000003,35.3092051875,64,,
cost_usd,opus,21.45163325,35.316791890625,64,,
cost_usd,opus,21.45688675,35.31874634375,64,,
cost_usd,opus,21.48352525,35.332480890625,64,,
cost_usd,opus,21.49836925,35.336242328125,64,,
cost_usd,opus,21.5018685,35.338718671875,64,,
cost_usd,opus,21.51189025,35.4228115625,64,,
cost_usd,opus,21.51736275,35.42657009375,64,,
cost_usd,opus,21.526309,35.43273034375,64,,
cost_usd,opus,21.55399675,35.43303696875,64,,
cost_usd,opus,21.57540625,35.434017515625,64,,
cost_usd,opus,21.57834075,35.43830225,64,,
cost_usd,opus,21.62921475,35.4405901875,64,,
cost_usd,opus,21.629941,35.461412765625,64,,
cost_usd,opus,21.63100675,35.478677953125,64,,
cost_usd,opus,21.63956425,35.48201053125,64,,
cost_usd,opus,21.63976775,35.48925775,64,,
cost_usd,opus,21.650995500000032,35.491726265625,64,,
cost_usd,opus,21.68441175,35.4933605,64,,
cost_usd,opus,21.69570625,35.4933879375,64,,
cost_usd,opus,21.70408425,35.49436515625,64,,
cost_usd,opus,21.7272755,35.52300928125,64,,
cost_usd,opus,21.7657405,35.539982125,64,,
cost_usd,opus,21.76614525,35.5447429375,64,,
cost_usd,opus,21.77408025,35.546744640625,64,,
cost_usd,opus,21.77771625,35.582312078125,64,,
cost_usd,opus,21.81069625,35.582312078125,64,,
cost_usd,opus,21.8169725,35.618285203125,64,,
cost_usd,opus,21.82737775,35.619387703125,64,,
cost_usd,opus,21.85475775,35.622074328125,64,,
cost_usd,opus,21.86291825,35.622074328125,64,,
cost_usd,opus,21.88250675,35.6221056875,64,,
cost_usd,opus,21.88917125,35.623358546875,64,,
cost_usd,opus,21.89106825,35.63564178125,64,,
cost_usd,opus,21.91854875,35.6450586875,64,,
cost_usd,opus,21.92836150000003,35.651243140625,64,,
cost_usd,opus,21.94380775,35.65257190625,64,,
cost_usd,opus,21.95109725,35.656155046875,64,,
cost_usd,opus,21.9974175,35.667384640625,64,,
cost_usd,opus,21.99875675,35.6687369375,64,,
cost_usd,opus,22.01331975,35.67191915625,64,,
cost_usd,opus,22.05170775,35.672246015625,64,,
cost_usd,opus,22.06337075,35.717988703125,64,,
cost_usd,opus,22.06755550000003,35.721508671875,64,,
cost_usd,opus,22.1103995,35.72601325,64,,
cost_usd,opus,22.11752575,35.73320746875,64,,
cost_usd,opus,22.12895925,35.741704484375,64,,
cost_usd,opus,22.1603645,35.742088140625,64,,
cost_usd,opus,22.21573325,35.7490323125,64,,
cost_usd,opus,22.2217625,35.776027640625,64,,
cost_usd,opus,22.22724325,35.777258328125,64,,
cost_usd,opus,22.2369235,35.8053541875,64,,
cost_usd,opus,22.2461455,35.85254246875,64,,
cost_usd,opus,22.26653675,35.853184921875,64,,
cost_usd,opus,22.27853550000003,35.8557815625,64,,
cost_usd,opus,22.28181825,35.86185671875,64,,
cost_usd,opus,22.28397175,35.862232578125,64,,
cost_usd,opus,22.28593775,35.86701575,64,,
cost_usd,opus,22.28856275,35.889920703125,64,,
cost_usd,opus,22.3057765,35.891468578125,64,,
cost_usd,opus,22.31166575,35.906541609375,64,,
cost_usd,opus,22.35857725,35.908015984375,64,,
cost_usd,opus,22.39684725,35.908613578125,64,,
cost_usd,opus,22.41647700000003,35.91131575,64,,
cost_usd,opus,22.42763875,35.91633046875,64,,
cost_usd,opus,22.45532675,35.921069765625,64,,
cost_usd,opus,22.45625525,35.92946825,64,,
cost_usd,opus,22.484532,35.936097515625,64,,
cost_usd,opus,22.49724275,35.94369696875,64,,
cost_usd,opus,22.53503625,35.9481503125,64,,
cost_usd,opus,22.53680925,35.948526171875,64,,
cost_usd,opus,22.560176000000027,35.951036140625,64,,
cost_usd,opus,22.57084925,35.957370515625,64,,
cost_usd,opus,22.578162,36.01360478125,64,,
cost_usd,opus,22.59590325,36.019820265625,64,,
cost_usd,opus,22.60147525,36.020471734375,64,,
cost_usd,opus,22.60924025,36.023610984375,64,,
cost_usd,opus,22.61807825,36.020871125,64,,
cost_usd,opus,22.63087825,36.25485421875,64,,
cost_usd,opus,22.63548425,36.256526046875,64,,
cost_usd,opus,22.64180375,36.26096740625,64,,
cost_usd,opus,22.6508725,36.289357390625,64,,
cost_usd,opus,22.67153625,36.294072421875,64,,
cost_usd,opus,22.700017500000026,36.29627334375,64,,
cost_usd,opus,22.7019825,36.355333578125,64,,
cost_usd,opus,22.71122975,36.357272109375,64,,
cost_usd,opus,22.7551175,36.360538140625,64,,
cost_usd,opus,22.78119825,36.368619953125,64,,
cost_usd,opus,22.85339425,36.374362765625,64,,
cost_usd,opus,22.85722425,36.374362765625,64,,
cost_usd,opus,22.87041325,36.402540203125,64,,
cost_usd,opus,22.8730825,36.410522203125,64,,
cost_usd,opus,22.91052025,36.432504484375,64,,
cost_usd,opus,22.92400325,36.432823015625,64,,
cost_usd,opus,22.93858725,36.434130421875,64,,
cost_usd,opus,22.946043,36.439083734375,64,,
cost_usd,opus,23.02289525,36.4417576875,64,,
cost_usd,opus,23.03875925,36.466395140624996,64,,
cost_usd,opus,23.05138275,36.4698780625,64,,
cost_usd,opus,23.054524,36.4803883125,64,,
cost_usd,opus,23.092693,36.502047984375,64,,
cost_usd,opus,23.12057825,36.514384765625,64,,
cost_usd,opus,23.124987,36.516147421875,64,,
cost_usd,opus,23.19317575,36.51619753125,64,,
cost_usd,opus,23.2059635,36.518150703125,64,,
cost_usd,opus,23.225904,36.489506578125,64,,
cost_usd,opus,23.260412,36.489495515625,64,,
cost_usd,opus,23.27175875,36.5079988125,64,,
cost_usd,opus,23.2770185,36.520104953125,64,,
cost_usd,opus,23.29078125,36.507719375,64,,
cost_usd,opus,23.3167335,36.51542740625,64,,
cost_usd,opus,23.33492475,36.52518175,64,,
cost_usd,opus,23.3760645,36.55476865625,64,,
cost_usd,opus,23.38423675,36.572303296875,64,,
cost_usd,opus,23.3976115,36.578965,64,,
cost_usd,opus,23.41454175,36.5664518125,64,,
cost_usd,opus,23.41566025,36.59010728125,64,,
cost_usd,opus,23.4685605,36.59436240625,64,,
cost_usd,opus,23.522072,36.609655296875,64,,
cost_usd,opus,23.53014375,36.616163640625,64,,
cost_usd,opus,23.60376600000002,36.616039265625,64,,
cost_usd,opus,23.60414575,36.616536859375,64,,
cost_usd,opus,23.6068855,36.75291946875,64,,
cost_usd,opus,23.67695825,36.7533209375,64,,
cost_usd,opus,23.6913,36.7533209375,64,,
cost_usd,opus,23.72832,36.7765558125,64,,
cost_usd,opus,23.73024625,36.779076828125,64,,
cost_usd,opus,23.731754,36.779076828125,64,,
cost_usd,opus,23.76103975,36.788666203125,64,,
cost_usd,opus,23.789105,36.501330921875,64,,
cost_usd,opus,23.7908815,36.512883234375,64,,
cost_usd,opus,23.80313725,36.516495953125,64,,
cost_usd,opus,23.83218775,36.531860046875,64,,
cost_usd,opus,23.8587755,36.699845953125,64,,
cost_usd,opus,23.88461775,36.70502525,64,,
cost_usd,opus,23.93836075,36.72275084375,64,,
cost_usd,opus,23.942838,36.72335596875,64,,
cost_usd,opus,23.98351575,36.726951296875,64,,
cost_usd,opus,24.02018175,36.727031609375,64,,
cost_usd,opus,24.033203,36.727031609375,64,,
cost_usd,opus,24.03451075,36.7375279375,64,,
cost_usd,opus,24.0911705,36.737502140625,64,,
cost_usd,opus,24.0967385,36.73970703125,64,,
cost_usd,opus,24.11303325,36.748377015625,64,,
cost_usd,opus,24.115511,36.756823671875,64,,
cost_usd,opus,24.12380975,36.757150515625,64,,
cost_usd,opus,24.1296485,36.767250671875,64,,
cost_usd,opus,24.1597135,36.6846889375,64,,
cost_usd,opus,24.1737895,36.691235984375,64,,
cost_usd,opus,24.19186625,36.691317890625,64,,
cost_usd,opus,24.200152,36.691963125,64,,
cost_usd,opus,24.218881,36.4271095,64,,
cost_usd,opus,24.23106425,36.440696453125,64,,
cost_usd,opus,24.2312255,36.4492904375,64,,
cost_usd,opus,24.23406725,36.464116109375,64,,
cost_usd,opus,24.25494975,36.478509015625,64,,
cost_usd,opus,24.25671775,36.514249859375,64,,
cost_usd,opus,24.26731075,36.519446609375,64,,
cost_usd,opus,24.27748,36.5941950625,64,,
cost_usd,opus,24.30424175,36.604120546875,64,,
cost_usd,opus,24.330306,36.60618915625,64,,
cost_usd,opus,24.3388465,36.5083079375,64,,
cost_usd,opus,24.34017925,36.52027846875,64,,
cost_usd,opus,24.34283625,36.520870046875,64,,
cost_usd,opus,24.354555,36.53528403125,64,,
cost_usd,opus,24.3794185,36.53931665625,64,,
cost_usd,opus,24.3951645,36.549397859375,64,,
cost_usd,opus,24.4027765,36.48501184375,64,,
cost_usd,opus,24.41844275,36.493475890625,64,,
cost_usd,opus,24.43337675,36.49494671875,64,,
cost_usd,opus,24.4629955,37.0548629375,64,,
cost_usd,opus,24.49645525,37.057201921875,64,,
cost_usd,opus,24.50572275,37.058672734375,64,,
cost_usd,opus,24.5354655,37.065427546875,64,,
cost_usd,opus,24.5593785,37.073951015625,64,,
cost_usd,opus,24.57347875,37.074879328125,64,,
cost_usd,opus,24.67908775,37.089607453125,64,,
cost_usd,opus,24.695125,37.089607453125,64,,
cost_usd,opus,24.71093925,37.104085953125,64,,
cost_usd,opus,24.74517975,37.10436390625,64,,
cost_usd,opus,24.762681,37.107295875,64,,
cost_usd,opus,24.76494825,37.116341921875,64,,
cost_usd,opus,24.7715495,37.13180365625,64,,
cost_usd,opus,24.7741795,36.9500031875,64,,
cost_usd,opus,24.80942775,36.954917921875,64,,
cost_usd,opus,24.81141975,36.960806296875,64,,
cost_usd,opus,24.8355235,36.966088640625,64,,
cost_usd,opus,24.837546,36.950754421875,64,,
cost_usd,opus,24.8414565,36.67054446875,64,,
cost_usd,opus,24.8710615,36.6873208125,64,,
cost_usd,opus,24.89993,36.70108865625,64,,
cost_usd,opus,24.90053725,36.70369765625,64,,
cost_usd,opus,24.904512,36.819005234375,64,,
cost_usd,opus,24.907786,36.83058903125,64,,
cost_usd,opus,24.9121405,36.84938603125,64,,
cost_usd,opus,24.91946975,36.855330328125,64,,
cost_usd,opus,24.9646555,36.895318203125,64,,
cost_usd,opus,25.000977,36.90054765625,64,,
cost_usd,opus,25.097035,37.22037078125,64,,
cost_usd,opus,25.13127275,37.22101696875,64,,
cost_usd,opus,25.142429,37.221627984375,64,,
cost_usd,opus,25.20911375,37.2221194375,64,,
cost_usd,opus,25.2733655,37.247860921875,64,,
cost_usd,opus,25.28703575,37.2491441875,64,,
cost_usd,opus,25.31156275,37.25273953125,64,,
cost_usd,opus,25.31911025,37.256560859375,64,,
cost_usd,opus,25.3286545,37.26126128125,64,,
cost_usd,opus,25.358731,37.265213796875,64,,
cost_usd,opus,25.36498075,37.281156875,64,,
cost_usd,opus,25.36503875,37.282030578125,64,,
cost_usd,opus,25.38236475,37.284290578125,64,,
cost_usd,opus,25.40921625,37.285817578125,64,,
cost_usd,opus,25.4263905,37.290774609375,64,,
cost_usd,opus,25.4550525,37.299808015625,64,,
cost_usd,opus,25.52208775,37.300071953125,64,,
cost_usd,opus,25.5503455,37.067650890624996,64,,
cost_usd,opus,25.5819985,37.07254746875,64,,
cost_usd,opus,25.5895945,37.034634953125,64,,
cost_usd,opus,25.6037945,37.05117225,64,,
cost_usd,opus,25.6058115,37.072158640625,64,,
cost_usd,opus,25.613122,37.30520009375,64,,
cost_usd,opus,25.64683375,37.318357984375,64,,
cost_usd,opus,25.67853,37.357702546875,64,,
cost_usd,opus,25.68323025,37.359182453125,64,,
cost_usd,opus,25.85853725,37.36130696875,64,,
cost_usd,opus,25.86011225,37.36335471875,64,,
cost_usd,opus,25.8901775,37.363546546875,64,,
cost_usd,opus,25.89180425,37.392135765625,64,,
cost_usd,opus,25.89638425,37.387877015625,64,,
cost_usd,opus,25.90178725,37.404246046875,64,,
cost_usd,opus,25.961335,37.405420859375,64,,
cost_usd,opus,25.97544875,37.41813309375,64,,
cost_usd,opus,25.998332,37.44209846875,64,,
cost_usd,opus,26.0012525,37.457110093749996,64,,
cost_usd,opus,26.034778,37.463119015625,64,,
cost_usd,opus,26.057508,37.463802546875,64,,
cost_usd,opus,26.12155625,37.46428490625,64,,
cost_usd,opus,26.1475085,37.464765109375,64,,
cost_usd,opus,26.155579,37.4653855,64,,
cost_usd,opus,26.19238925,37.465308390625,64,,
cost_usd,opus,26.19446825,37.4723710625,64,,
cost_usd,opus,26.20371825,37.473426796874996,64,,
cost_usd,opus,26.232442,37.47412090625,64,,
cost_usd,opus,26.27317425,37.47412090625,64,,
cost_usd,opus,26.2753145,37.479121484375,64,,
cost_usd,opus,26.28342475,37.483162390625,64,,
cost_usd,opus,26.30447375,37.48927628125,64,,
cost_usd,opus,26.3942025,37.48927628125,64,,
cost_usd,opus,26.41957175,37.489333640625,64,,
cost_usd,opus,26.4196945,37.490355375,64,,
cost_usd,opus,26.44277725,37.498738046875,64,,
cost_usd,opus,26.53625875,37.50942703125,64,,
cost_usd,opus,26.54290875,37.509718265625,64,,
cost_usd,opus,26.571114,37.457506765625,64,,
cost_usd,opus,26.5803225,37.463232375,64,,
cost_usd,opus,26.60570025,37.497348234374996,64,,
cost_usd,opus,26.627691,37.49861096875,64,,
cost_usd,opus,26.63750725,37.4987656875,64,,
cost_usd,opus,26.641547,37.485043265625,64,,
cost_usd,opus,26.65660875,37.485157984375,64,,
cost_usd,opus,26.6643305,37.485917078125,64,,
cost_usd,opus,26.77638225,37.486013203125,64,,
cost_usd,opus,26.803937,37.486087078125,64,,
cost_usd,opus,26.81158575,37.49049953125,64,,
cost_usd,opus,26.812752,37.492875109375,64,,
cost_usd,opus,26.85659375,37.49324221875,64,,
cost_usd,opus,26.85721025,37.5007238125,64,,
cost_usd,opus,26.9822415,37.509537109375,64,,
cost_usd,opus,26.98739625,37.511776734375,64,,
cost_usd,opus,26.9899275,37.5141683125,64,,
cost_usd,opus,27.02661875,37.521466421875,64,,
cost_usd,opus,27.0392175,37.53134984375,64,,
cost_usd,opus,27.0809905,37.56357284375,64,,
cost_usd,opus,27.14375925,37.573004437499996,64,,
cost_usd,opus,27.195118,37.597421265625,64,,
cost_usd,opus,27.22081075,37.598874,64,,
cost_usd,opus,27.26011775,37.60099696875,64,,
cost_usd,opus,27.29282675,37.647672093749996,64,,
cost_usd,opus,27.34050075,37.674244046875,64,,
cost_usd,opus,27.39331875,37.674205453125,64,,
cost_usd,opus,27.4136875,37.684778765625,64,,
cost_usd,opus,27.42419325,37.692845125,64,,
cost_usd,opus,27.45876675,37.695564015625,64,,
cost_usd,opus,27.4656415,37.69577471875,64,,
cost_usd,opus,27.47805175,37.696437140625,64,,
cost_usd,opus,27.4923435,37.58770821875,64,,
cost_usd,opus,27.526513,37.589260296875,64,,
cost_usd,opus,27.641512,37.5911259375,64,,
cost_usd,opus,27.6863965,37.60853015625,64,,
cost_usd,opus,27.72145775,37.611819640625,64,,
cost_usd,opus,27.74552175,37.61779409375,64,,
cost_usd,opus,27.75394325,37.64887915625,64,,
cost_usd,opus,27.7719905,37.6712203125,64,,
cost_usd,opus,27.78334325,37.672482234375,64,,
cost_usd,opus,27.8917415,37.706921453125,64,,
cost_usd,opus,27.89876275,37.7118841875,64,,
cost_usd,opus,27.9320645,37.71719365625,64,,
cost_usd,opus,27.93689025,37.71952890625,64,,
cost_usd,opus,27.960156,37.71952890625,64,,
cost_usd,opus,27.97842225,37.732773125,64,,
cost_usd,opus,27.98388125,37.784981015625,64,,
cost_usd,opus,28.0905495,37.802043375,64,,
cost_usd,opus,28.1591685,37.88709378125,64,,
cost_usd,opus,28.179978,37.889912703125,64,,
cost_usd,opus,28.18901875,37.8953841875,64,,
cost_usd,opus,28.2317175,37.8910941875,64,,
cost_usd,opus,28.285003,37.912674703125,64,,
cost_usd,opus,28.2961145,37.917457875,64,,
cost_usd,opus,28.31842425,37.9199298125,64,,
cost_usd,opus,28.36677025,37.921490015625,64,,
cost_usd,opus,28.395433,37.932202953125,64,,
cost_usd,opus,28.4052415,37.939073921875,64,,
cost_usd,opus,28.43818075,37.9729136875,64,,
cost_usd,opus,28.48587025,37.9837485625,64,,
cost_usd,opus,28.493339,38.002013125,64,,
cost_usd,opus,28.504459,38.010657765625,64,,
cost_usd,opus,28.506194,38.011519234375,64,,
cost_usd,opus,28.528191,38.012024703125,64,,
cost_usd,opus,28.68067275,38.017369203125,64,,
cost_usd,opus,28.688895,38.2237459375,64,,
cost_usd,opus,28.690123,38.2375061875,64,,
cost_usd,opus,28.735443,38.251016515625,64,,
cost_usd,opus,28.74510625,38.272246140625,64,,
cost_usd,opus,28.78586725,38.274202484375,64,,
cost_usd,opus,28.78607075,38.274202484375,64,,
cost_usd,opus,28.914657,38.28583840625,64,,
cost_usd,opus,28.92964975,38.296312625,64,,
cost_usd,opus,28.93552925,38.297699953125,64,,
cost_usd,opus,28.94476375,38.297699953125,64,,
cost_usd,opus,29.000272,38.304020609375,64,,
cost_usd,opus,29.0254765,38.31576940625,64,,
cost_usd,opus,29.0638005,38.319625781250004,64,,
cost_usd,opus,29.11176875,38.339979390625,64,,
cost_usd,opus,29.14538675,38.3541839375,64,,
cost_usd,opus,29.151684,38.354249859375,64,,
cost_usd,opus,29.25820425,38.354364578125,64,,
cost_usd,opus,29.2618245,38.360894671875,64,,
cost_usd,opus,29.282889,38.360894671875,64,,
cost_usd,opus,29.32475525,38.365960828125,64,,
cost_usd,opus,29.345695,38.40403896875,64,,
cost_usd,opus,29.36314375,38.425593484375,64,,
cost_usd,opus,29.38162375,38.437646875,64,,
cost_usd,opus,29.3906915,38.4496871875,64,,
cost_usd,opus,29.416983,38.457043796875,64,,
cost_usd,opus,29.5416425,38.466533625,64,,
cost_usd,opus,29.54518025,38.4722284375,64,,
cost_usd,opus,29.606552,38.47988415625,64,,
cost_usd,opus,29.6125315,38.542053640625,64,,
cost_usd,opus,29.68677625,38.554509359375,64,,
cost_usd,opus,29.70785775,38.56937009375,64,,
cost_usd,opus,29.77571225,38.5761205,64,,
cost_usd,opus,29.7993135,38.509394203125,64,,
cost_usd,opus,29.8291585,38.5240395,64,,
cost_usd,opus,29.83410975,38.551035171875,64,,
cost_usd,opus,29.84776475,38.551416921875,64,,
cost_usd,opus,29.8717405,38.573939796875,64,,
cost_usd,opus,29.91052675,38.582061875,64,,
cost_usd,opus,29.9106655,38.582496140625,64,,
cost_usd,opus,29.92943475,38.585110921875,64,,
cost_usd,opus,29.9430285,38.586632828125,64,,
cost_usd,opus,29.9497355,38.592283015625,64,,
cost_usd,opus,29.978372,38.604961171875,64,,
cost_usd,opus,30.091762,38.60987840625,64,,
cost_usd,opus,30.1298155,38.61677278125,64,,
cost_usd,opus,30.163394,38.628150203125,64,,
cost_usd,opus,30.1650185,38.635854015625,64,,
cost_usd,opus,30.1834515,38.641597453125,64,,
cost_usd,opus,30.213081,38.651795625,64,,
cost_usd,opus,30.37253025,38.670150828125,64,,
cost_usd,opus,30.440481,38.67044634375,64,,
cost_usd,opus,30.5301735,38.692442171875,64,,
cost_usd,opus,30.535139,38.700244796875,64,,
cost_usd,opus,30.56944625,38.707024234375,64,,
cost_usd,opus,30.57582925,38.713459218749996,64,,
cost_usd,opus,30.592999,38.714091875,64,,
cost_usd,opus,30.59575375,38.72046075,64,,
cost_usd,opus,30.60030125,38.72851784375,64,,
cost_usd,opus,30.630773,38.7349793125,64,,
cost_usd,opus,30.63203275,38.745464515625,64,,
cost_usd,opus,30.849099,38.75788671875,64,,
cost_usd,opus,30.8683155,38.76291046875,64,,
cost_usd,opus,30.92059875,38.765188921875,64,,
cost_usd,opus,30.9567975,38.786245171875,64,,
cost_usd,opus,30.9598145,38.798403671875,64,,
cost_usd,opus,30.9838455,38.821764578125,64,,
cost_usd,opus,31.0141285,38.82367653125,64,,
cost_usd,opus,31.0152425,38.84029590625,64,,
cost_usd,opus,31.0408535,38.84646428125,64,,
cost_usd,opus,31.04345525,38.913276578125,64,,
cost_usd,opus,31.09063525,38.9373118125,64,,
cost_usd,opus,31.12994,38.937432671875,64,,
cost_usd,opus,31.14848725,38.943236765625,64,,
cost_usd,opus,31.15035875,38.96378275,64,,
cost_usd,opus,31.198906,38.965087249999996,64,,
cost_usd,opus,31.2094815,38.96500484375,64,,
cost_usd,opus,31.2111325,38.969326796875,64,,
cost_usd,opus,31.26220325,38.97276253125,64,,
cost_usd,opus,31.2681895,38.974211984374996,64,,
cost_usd,opus,31.30354925,38.99015496875,64,,
cost_usd,opus,31.334195,38.992666171875,64,,
cost_usd,opus,31.4131315,38.992666171875,64,,
cost_usd,opus,31.4203105,38.997505234375,64,,
cost_usd,opus,31.476888,38.999679390625,64,,
cost_usd,opus,31.489136,39.010826046875,64,,
cost_usd,opus,31.523921,39.056329625,64,,
cost_usd,opus,31.55009975,38.853669125,64,,
cost_usd,opus,31.636807,38.85400159375,64,,
cost_usd,opus,31.656037,38.860268828125,64,,
cost_usd,opus,31.6905045,38.861765140625,64,,
cost_usd,opus,31.71433425,38.862092,64,,
cost_usd,opus,31.73510975,38.87398059375,64,,
cost_usd,opus,31.738557,38.8692356875,64,,
cost_usd,opus,31.7678555,38.88404140625,64,,
cost_usd,opus,31.77814075,38.892112171875,64,,
cost_usd,opus,31.7838115,38.892699578125,64,,
cost_usd,opus,31.814482,38.89956415625,64,,
cost_usd,opus,31.8803335,38.902044796875,64,,
cost_usd,opus,31.90993025,39.121001421875,64,,
cost_usd,opus,31.93281875,39.12378865625,64,,
cost_usd,opus,31.9352905,39.128228625,64,,
cost_usd,opus,31.9846475,39.13856240625,64,,
cost_usd,opus,32.03021425,39.156379234375,64,,
cost_usd,opus,32.0486975,39.158625875,64,,
cost_usd,opus,32.1097,39.172975546875,64,,
cost_usd,opus,32.22827225,39.173564109375,64,,
cost_usd,opus,32.26029375,39.18528871875,64,,
cost_usd,opus,32.27689925,39.20023665625,64,,
cost_usd,opus,32.32216525,39.2028514375,64,,
cost_usd,opus,32.39053425,39.220121171875,64,,
cost_usd,opus,32.39824725,39.235474953125,64,,
cost_usd,opus,32.43807975,39.2442551875,64,,
cost_usd,opus,32.44580875,39.24590753125,64,,
cost_usd,opus,32.463777,39.2510225625,64,,
cost_usd,opus,32.4772155,39.2510225625,64,,
cost_usd,opus,32.5148125,39.2536234375,64,,
cost_usd,opus,32.565984,39.2536234375,64,,
cost_usd,opus,32.61386,39.27693721875,64,,
cost_usd,opus,32.662046,39.288884140625,64,,
cost_usd,opus,32.7085255,39.29402528125,64,,
cost_usd,opus,32.715132,39.294513578125,64,,
cost_usd,opus,32.797559,39.301755031249996,64,,
cost_usd,opus,32.8146215,39.318960421875,64,,
cost_usd,opus,32.85272375,39.322555765625,64,,
cost_usd,opus,32.867441,39.327423546874996,64,,
cost_usd,opus,32.867999,39.32807528125,64,,
cost_usd,opus,32.88427325,39.332876796875,64,,
cost_usd,opus,32.910608,39.33374646875,64,,
cost_usd,opus,32.925446,39.344959734375,64,,
cost_usd,opus,32.948145,39.36796959375,64,,
cost_usd,opus,33.053644,39.379918609375,64,,
cost_usd,opus,33.10170875,38.970383828125,64,,
cost_usd,opus,33.106941,38.9835025625,64,,
cost_usd,opus,33.1082,38.987035984375,64,,
cost_usd,opus,33.12121375,38.994216375,64,,
cost_usd,opus,33.1285255,38.9985238125,64,,
cost_usd,opus,33.14274625,39.239083734375,64,,
cost_usd,opus,33.1951425,39.244644234375,64,,
cost_usd,opus,33.21302975,39.2550858125,64,,
cost_usd,opus,33.21628225,39.26357765625,64,,
cost_usd,opus,33.2237975,39.264611953125,64,,
cost_usd,opus,33.22846575,39.267284203125,64,,
cost_usd,opus,33.279471,39.286913890625,64,,
cost_usd,opus,33.3005845,39.29409765625,64,,
cost_usd,opus,33.31625,39.305576296875,64,,
cost_usd,opus,33.3344935,39.305921609375,64,,
cost_usd,opus,33.34487475,39.30775321875,64,,
cost_usd,opus,33.42450475,39.310433125,64,,
cost_usd,opus,33.45633775,39.33227234375,64,,
cost_usd,opus,33.52429825,39.3317820625,64,,
cost_usd,opus,33.53253025,39.037370578125,64,,
cost_usd,opus,33.54533825,39.063299734375,64,,
cost_usd,opus,33.549314,39.084153421875,64,,
cost_usd,opus,33.564978,39.0845228125,64,,
cost_usd,opus,33.579358,39.084868109375,64,,
cost_usd,opus,33.617835,39.091024234375,64,,
cost_usd,opus,33.6247335,39.12045825,64,,
cost_usd,opus,33.62847,39.12090153125,64,,
cost_usd,opus,33.6310285,39.12090153125,64,,
cost_usd,opus,33.63352925,39.11091378125,64,,
cost_usd,opus,33.6391545,39.11138078125,64,,
cost_usd,opus,33.65785675,39.1261931875,64,,
cost_usd,opus,33.667607,39.127292984374996,64,,
cost_usd,opus,33.67160275,39.128056484375,64,,
cost_usd,opus,33.68189875,39.37818646875,64,,
cost_usd,opus,33.6852115,39.378629734375,64,,
cost_usd,opus,33.7124815,39.38239828125,64,,
cost_usd,opus,33.72126725,39.400799625,64,,
cost_usd,opus,33.72665425,39.279914624999996,64,,
cost_usd,opus,33.74831,39.283793265625,64,,
cost_usd,opus,33.767671,39.28482040625,64,,
cost_usd,opus,33.77176225,39.301589515625,64,,
cost_usd,opus,33.7810405,39.311634390625,64,,
cost_usd,opus,33.8073245,39.312557875,64,,
cost_usd,opus,33.81906375,39.65591303125,64,,
cost_usd,opus,33.85608775,39.657560984375,64,,
cost_usd,opus,33.916191,39.660153671875,64,,
cost_usd,opus,33.9223,39.6603753125,64,,
cost_usd,opus,33.96782225,39.6682196875,64,,
cost_usd,opus,33.979461,39.668330499999996,64,,
cost_usd,opus,33.99830375,39.5786986875,64,,
cost_usd,opus,34.02318425,39.585387234375,64,,
cost_usd,opus,34.04567375,39.21093859375,64,,
cost_usd,opus,34.0572285,39.211386,64,,
cost_usd,opus,34.06059175,39.21584421875,64,,
cost_usd,opus,34.06981875,39.22324553125,64,,
cost_usd,opus,34.0779595,39.2566324375,64,,
cost_usd,opus,34.09324175,39.393137890625,64,,
cost_usd,opus,34.0951285,39.402667406249996,64,,
cost_usd,opus,34.14322675,39.405947984375,64,,
cost_usd,opus,34.200934,39.434019703125,64,,
cost_usd,opus,34.2693395,39.437276203125,64,,
cost_usd,opus,34.2747875,39.4701798125,64,,
cost_usd,opus,34.281781,39.471470296875,64,,
cost_usd,opus,34.294225,39.473789609375,64,,
cost_usd,opus,34.3644915,39.4783635625,64,,
cost_usd,opus,34.438577,39.483489578125,64,,
cost_usd,opus,34.450038,39.484692875,64,,
cost_usd,opus,34.468575,39.48685384375,64,,
cost_usd,opus,34.482129,39.48770696875,64,,
cost_usd,opus,34.49799575,39.491629140625,64,,
cost_usd,opus,34.53031825,39.504065984374996,64,,
cost_usd,opus,34.55841475,39.505974734375,64,,
cost_usd,opus,34.647163,39.506479515625,64,,
cost_usd,opus,34.6511525,39.52114446875,64,,
cost_usd,opus,34.66231275,39.5335390625,64,,
cost_usd,opus,34.705514,39.5485784375,64,,
cost_usd,opus,34.7212425,39.57011665625,64,,
cost_usd,opus,34.7244,39.570450265625,64,,
cost_usd,opus,34.7296,39.57586003125,64,,
cost_usd,opus,34.797386,39.5848691875,64,,
cost_usd,opus,34.80421925,39.5903003125,64,,
cost_usd,opus,34.80631975,39.596892140625,64,,
cost_usd,opus,34.8664445,39.597442796875,64,,
cost_usd,opus,34.99038725,39.618940390625,64,,
cost_usd,opus,35.0352715,39.618940390625,64,,
cost_usd,opus,35.0425995,39.619166578125,64,,
cost_usd,opus,35.0466515,39.619166578125,64,,
cost_usd,opus,35.0925435,39.62336384375,64,,
cost_usd,opus,35.11364525,39.466680187499996,64,,
cost_usd,opus,35.1166935,39.473069703125,64,,
cost_usd,opus,35.1289025,39.483772359375,64,,
cost_usd,opus,35.135713,39.483772359375,64,,
cost_usd,opus,35.17953625,39.58428871875,64,,
cost_usd,opus,35.203204,39.593016171875,64,,
cost_usd,opus,35.24016925,39.7756213125,64,,
cost_usd,opus,35.2493505,39.7814063125,64,,
cost_usd,opus,35.26004125,39.78867,64,,
cost_usd,opus,35.29801025,39.99055040625,64,,
cost_usd,opus,35.3060275,39.993778203125,64,,
cost_usd,opus,35.32908425,39.993778203125,64,,
cost_usd,opus,35.33855775,40.0028879375,64,,
cost_usd,opus,35.3414695,40.008896859375,64,,
cost_usd,opus,35.47732425,40.008518328125,64,,
cost_usd,opus,35.49524475,40.0176998125,64,,
cost_usd,opus,35.501313,40.029585171875,64,,
cost_usd,opus,35.53440475,40.02956059375,64,,
cost_usd,opus,35.552158,40.04115753125,64,,
cost_usd,opus,35.568535,40.055825328125,64,,
cost_usd,opus,35.579712,40.064543015625,64,,
cost_usd,opus,35.5858275,40.064849640625,64,,
cost_usd,opus,35.6200065,40.0712953125,64,,
cost_usd,opus,35.664115,40.071442328125,64,,
cost_usd,opus,35.7251525,40.07170390625,64,,
cost_usd,opus,35.75494025,40.072293203125,64,,
cost_usd,opus,35.77430575,40.0814551875,64,,
cost_usd,opus,35.7819545,40.085762828125,64,,
cost_usd,opus,35.822977,40.089347390625,64,,
cost_usd,opus,35.82988,40.113867,64,,
cost_usd,opus,35.87823525,40.1164130625,64,,
cost_usd,opus,35.88506225,40.117883890625,64,,
cost_usd,opus,35.89706,40.130298359375,64,,
cost_usd,opus,35.93263175,40.138227140625,64,,
cost_usd,opus,35.94216775,39.718256203125,64,,
cost_usd,opus,35.9432025,39.72444709375,64,,
cost_usd,opus,35.96197725,39.724562015625,64,,
cost_usd,opus,36.00086975,40.146271296875,64,,
cost_usd,opus,36.02449825,40.154534359375,64,,
cost_usd,opus,36.04379825,40.154534359375,64,,
cost_usd,opus,36.0754635,40.214030796875,64,,
cost_usd,opus,36.16845325,40.21519034375,64,,
cost_usd,opus,36.1720175,40.26006715625,64,,
cost_usd,opus,36.20175125,40.27983259375,64,,
cost_usd,opus,36.26307775,40.280102859375,64,,
cost_usd,opus,36.26629925,40.2859138125,64,,
cost_usd,opus,36.27943575,40.29736428125,64,,
cost_usd,opus,36.32572675,40.2987768125,64,,
cost_usd,opus,36.359092,40.2987768125,64,,
cost_usd,opus,36.4188095,40.30638371875,64,,
cost_usd,opus,36.45025025,40.306948828125,64,,
cost_usd,opus,36.4715745,40.324605984375,64,,
cost_usd,opus,36.53546075,40.32950171875,64,,
cost_usd,opus,36.55110275,40.339055046875,64,,
cost_usd,opus,36.5782815,40.338981421875,64,,
cost_usd,opus,36.675734,40.3390553125,64,,
cost_usd,opus,36.7504625,40.345961390625,64,,
cost_usd,opus,36.83141,40.34561059375,64,,
cost_usd,opus,36.8482325,40.359610359375,64,,
cost_usd,opus,36.885463,40.359610359375,64,,
cost_usd,opus,36.91354225,40.359610359375,64,,
cost_usd,opus,36.93252775,40.366108421875,64,,
cost_usd,opus,36.93679025,40.385586953125,64,,
cost_usd,opus,36.98609375,40.385586953125,64,,
cost_usd,opus,36.995885,40.388701375000004,64,,
cost_usd,opus,37.00879925,40.392794625,64,,
cost_usd,opus,37.015528,40.39316084375,64,,
cost_usd,opus,37.0424935,40.39741959375,64,,
cost_usd,opus,37.07449875,40.398982875,64,,
cost_usd,opus,37.152112,40.3990506875,64,,
cost_usd,opus,37.1765415,40.40488025,64,,
cost_usd,opus,37.20485875,40.406402171875,64,,
cost_usd,opus,37.2110975,40.4162725625,64,,
cost_usd,opus,37.26668925,40.417423171875,64,,
cost_usd,opus,37.278202,40.418165796875,64,,
cost_usd,opus,37.33133075,40.422670375,64,,
cost_usd,opus,37.3519505,40.430687109375,64,,
cost_usd,opus,37.4007885,40.430982625,64,,
cost_usd,opus,37.43183225,40.435721921875,64,,
cost_usd,opus,37.51817525,40.44021525,64,,
cost_usd,opus,37.52008125,40.447645625,64,,
cost_usd,opus,37.537958,40.453674203125,64,,
cost_usd,opus,37.570186,40.478857625,64,,
cost_usd,opus,37.6367855,40.48800340625,64,,
cost_usd,opus,37.69196875,40.490573984375,64,,
cost_usd,opus,37.73842325,40.49146728125,64,,
cost_usd,opus,37.76364525,40.498332265625,64,,
cost_usd,opus,37.770735,40.52453346875,64,,
cost_usd,opus,37.788052,40.534090984375,64,,
cost_usd,opus,37.80014375,40.584485359375,64,,
cost_usd,opus,37.8017445,40.58807896875,64,,
cost_usd,opus,37.81959875,40.59068796875,64,,
cost_usd,opus,37.8606425,40.593360671875,64,,
cost_usd,opus,37.87259875,40.59912984375,64,,
cost_usd,opus,37.95957425,40.611021921875,64,,
cost_usd,opus,37.980689,40.611893875,64,,
cost_usd,opus,37.99936,40.611685734375,64,,
cost_usd,opus,38.0877505,40.632399625,64,,
cost_usd,opus,38.1061395,40.632674765625,64,,
cost_usd,opus,38.1753555,40.687875625,64,,
cost_usd,opus,38.19393725,40.695554453125,64,,
cost_usd,opus,38.20168075,40.69664153125,64,,
cost_usd,opus,38.2070225,40.72013778125,64,,
cost_usd,opus,38.24001225,40.74204409375,64,,
cost_usd,opus,38.25436325,40.742123734375,64,,
cost_usd,opus,38.279487,40.7436751875,64,,
cost_usd,opus,38.30133125,40.75179728125,64,,
cost_usd,opus,38.38224475,40.752232109375,64,,
cost_usd,opus,38.43552225,40.7538265,64,,
cost_usd,opus,38.4630955,40.756498734375,64,,
cost_usd,opus,38.48606775,40.77118753125,64,,
cost_usd,opus,38.48933175,40.772202140625,64,,
cost_usd,opus,38.51431475,40.774980359375,64,,
cost_usd,opus,38.590878,40.78421540625,64,,
cost_usd,opus,38.61632975,40.78930753125,64,,
cost_usd,opus,38.72152875,40.79334115625,64,,
cost_usd,opus,38.78940825,40.79339609375,64,,
cost_usd,opus,38.83093975,40.79339609375,64,,
cost_usd,opus,38.8643255,40.793619421875,64,,
cost_usd,opus,38.866165,40.800455375,64,,
cost_usd,opus,38.887166,40.812357421875,64,,
cost_usd,opus,39.02870075,40.818586265625,64,,
cost_usd,opus,39.083182,40.818586265625,64,,
cost_usd,opus,39.10739125,40.81876146875,64,,
cost_usd,opus,39.11189475,40.824250125,64,,
cost_usd,opus,39.136051,40.82748834375,64,,
cost_usd,opus,39.2339775,40.836546578125,64,,
cost_usd,opus,39.27474675,40.865602890625,64,,
cost_usd,opus,39.27825525,40.865602890625,64,,
cost_usd,opus,39.344419,40.868659828125,64,,
cost_usd,opus,39.39309075,40.87514459375,64,,
cost_usd,opus,39.468674,40.887736390625,64,,
cost_usd,opus,39.4870175,40.889546421875,64,,
cost_usd,opus,39.5019075,40.893375375,64,,
cost_usd,opus,39.5669865,40.911467484375,64,,
cost_usd,opus,39.57398325,40.912611453125,64,,
cost_usd,opus,39.57671425,40.91300315625,64,,
cost_usd,opus,39.6626035,40.92059984375,64,,
cost_usd,opus,39.6867095,40.921190875,64,,
cost_usd,opus,39.72782225,40.92546728125,64,,
cost_usd,opus,39.754466,40.939973765625,64,,
cost_usd,opus,39.77987725,40.939039765625,64,,
cost_usd,opus,39.78981175,40.951330421875,64,,
cost_usd,opus,39.79634175,40.947942953125,64,,
cost_usd,opus,39.799652,40.9522978125,64,,
cost_usd,opus,39.80446125,40.9548366875,64,,
cost_usd,opus,39.8502885,40.955353828125,64,,
cost_usd,opus,39.90140725,40.959120578125,64,,
cost_usd,opus,39.90505475,40.976426078125,64,,
cost_usd,opus,39.906892,40.993833781250004,64,,
cost_usd,opus,39.95610375,40.99368884375,64,,
cost_usd,opus,39.95877325,40.998603578125,64,,
cost_usd,opus,39.98554525,41.0249586875,64,,
cost_usd,opus,39.98979925,41.027083203125,64,,
cost_usd,opus,40.04244625,41.04002753125,64,,
cost_usd,opus,40.04807975,41.058847734375,64,,
cost_usd,opus,40.05187775,41.06145446875,64,,
cost_usd,opus,40.05953775,41.070980765625,64,,
cost_usd,opus,40.0631885,41.067824296875,64,,
cost_usd,opus,40.09635275,41.082496609375,64,,
cost_usd,opus,40.140284,41.099473421875,64,,
cost_usd,opus,40.20562275,41.100159671875,64,,
cost_usd,opus,40.28741975,41.10525478125,64,,
cost_usd,opus,40.288415,41.11636409375,64,,
cost_usd,opus,40.2940195,41.117350625,64,,
cost_usd,opus,40.310862,41.117350625,64,,
cost_usd,opus,40.33238175,41.130893625,64,,
cost_usd,opus,40.397272,41.130893625,64,,
cost_usd,opus,40.42372925,41.135885046875,64,,
cost_usd,opus,40.487907,41.142276109375,64,,
cost_usd,opus,40.55219725,41.143787,64,,
cost_usd,opus,40.580137,41.1506400625,64,,
cost_usd,opus,40.6189915,41.171612453125,64,,
cost_usd,opus,40.6860115,41.1771634375,64,,
cost_usd,opus,40.700686,41.1771634375,64,,
cost_usd,opus,40.70412975,41.178975234375,64,,
cost_usd,opus,40.76455025,41.17918753125,64,,
cost_usd,opus,40.76692775,41.180069640625,64,,
cost_usd,opus,40.79160025,41.18544646875,64,,
cost_usd,opus,40.79975725,41.1915205625,64,,
cost_usd,opus,40.80872975,41.193471625,64,,
cost_usd,opus,40.82702175,41.1957314375,64,,
cost_usd,opus,40.84055475,41.19737940625,64,,
cost_usd,opus,40.847402,41.199166015625,64,,
cost_usd,opus,40.95100925,41.2012129375,64,,
cost_usd,opus,40.9882405,41.204674484375,64,,
cost_usd,opus,41.01940375,41.204708421875,64,,
cost_usd,opus,41.0536585,41.204708421875,64,,
cost_usd,opus,41.05960175,41.215336890625004,64,,
cost_usd,opus,41.10692975,41.215336890625004,64,,
cost_usd,opus,41.107523,41.21798421875,64,,
cost_usd,opus,41.159212,41.219684375,64,,
cost_usd,opus,41.172611,41.230682203125,64,,
cost_usd,opus,41.206388,41.24219575,64,,
cost_usd,opus,41.21915425,41.2316975,64,,
cost_usd,opus,41.25984825,41.236397546875,64,,
cost_usd,opus,41.29394525,41.250466203125,64,,
cost_usd,opus,41.29976525,41.250956484375,64,,
cost_usd,opus,41.35378675,41.254571984375,64,,
cost_usd,opus,41.357278,41.2535696875,64,,
cost_usd,opus,41.36134525,41.269842859375,64,,
cost_usd,opus,41.402357,41.269842859375,64,,
cost_usd,opus,41.4858495,41.272969421875,64,,
cost_usd,opus,41.50247525,41.275794484375,64,,
cost_usd,opus,41.50372125,41.278614515625,64,,
cost_usd,opus,41.55235925,41.29495321875,64,,
cost_usd,opus,41.5757555,41.299538640625,64,,
cost_usd,opus,41.57917675,41.30035575,64,,
cost_usd,opus,41.580995,41.312216453125004,64,,
cost_usd,opus,41.5963055,41.31769890625,64,,
cost_usd,opus,41.63376325,41.318713515625,64,,
cost_usd,opus,41.64312975,41.3195375,64,,
cost_usd,opus,41.67196025,41.3195375,64,,
cost_usd,opus,41.6719725,41.325751671875,64,,
cost_usd,opus,41.6976225,41.320974578125,64,,
cost_usd,opus,41.750792,41.321890390625,64,,
cost_usd,opus,41.7691435,41.339813765625,64,,
cost_usd,opus,41.77578525,41.342708875,64,,
cost_usd,opus,41.77644475,41.357145015625,64,,
cost_usd,opus,41.8585875,41.35929746875,64,,
cost_usd,opus,41.933859,41.359835578125,64,,
cost_usd,opus,41.9645835,41.36472646875,64,,
cost_usd,opus,41.97608825,41.367778125,64,,
cost_usd,opus,41.97828625,41.369326,64,,
cost_usd,opus,42.14991025,41.3693928125,64,,
cost_usd,opus,42.16759925,41.370732921875,64,,
cost_usd,opus,42.23195325,41.372040328125,64,,
cost_usd,opus,42.28234175,41.376122453125,64,,
cost_usd,opus,42.31538775,41.3763825625,64,,
cost_usd,opus,42.32951775,41.376455046875,64,,
cost_usd,opus,42.35787975,41.390200140625,64,,
cost_usd,opus,42.38430875,41.3905903125,64,,
cost_usd,opus,42.385652,41.3905903125,64,,
cost_usd,opus,42.400604,41.39842240625,64,,
cost_usd,opus,42.40096825,41.402986078125,64,,
cost_usd,opus,42.41062875,41.404606796875,64,,
cost_usd,opus,42.4849115,41.39968371875,64,,
cost_usd,opus,42.49575525,41.39968371875,64,,
cost_usd,opus,42.49758375,41.402208656250004,64,,
cost_usd,opus,42.51826275,41.402766265625,64,,
cost_usd,opus,42.52226,41.403911515625,64,,
cost_usd,opus,42.541267,41.40651240625,64,,
cost_usd,opus,42.57959125,41.406643453125,64,,
cost_usd,opus,42.69121675,41.407023765625,64,,
cost_usd,opus,42.72077475,41.407193390625,64,,
cost_usd,opus,42.74781175,41.4074991875,64,,
cost_usd,opus,42.75854,41.428937140625,64,,
cost_usd,opus,42.78433675,41.4350404375,64,,
cost_usd,opus,42.80672875,41.435050703125,64,,
cost_usd,opus,42.8091095,41.435050703125,64,,
cost_usd,opus,42.81374975,41.446939296875,64,,
cost_usd,opus,42.840679,41.448547921875,64,,
cost_usd,opus,42.85348525,41.45652646875,64,,
cost_usd,opus,42.8610635,41.4552190625,64,,
cost_usd,opus,42.86170225,41.4574186875,64,,
cost_usd,opus,42.882468,41.457530359375,64,,
cost_usd,opus,42.88465775,41.457530359375,64,,
cost_usd,opus,42.89625825,41.4591783125,64,,
cost_usd,opus,42.94321125,41.4659358125,64,,
cost_usd,opus,43.02664825,41.470294015625,64,,
cost_usd,opus,43.05587025,41.47085934375,64,,
cost_usd,opus,43.071412,41.472754671875,64,,
cost_usd,opus,43.08756225,41.477370953125,64,,
cost_usd,opus,43.09926225,41.477606375,64,,
cost_usd,opus,43.148418,41.47861134375,64,,
cost_usd,opus,43.181461,41.4826471875,64,,
cost_usd,opus,43.21919525,41.484804578125,64,,
cost_usd,opus,43.22629125,41.48609590625,64,,
cost_usd,opus,43.2287675,41.488837125,64,,
cost_usd,opus,43.23659525,41.49153834375,64,,
cost_usd,opus,43.257467,41.491544984375,64,,
cost_usd,opus,43.2885315,41.523247796875,64,,
cost_usd,opus,43.424193,41.523247796875,64,,
cost_usd,opus,43.54441925,41.523396140625,64,,
cost_usd,opus,43.58091275,41.517307453125,64,,
cost_usd,opus,43.64641025,41.52615575,64,,
cost_usd,opus,43.66607175,41.5310385625,64,,
cost_usd,opus,43.677081,41.539632546875,64,,
cost_usd,opus,43.684017,41.549903890625,64,,
cost_usd,opus,43.68632775,41.5540371875,64,,
cost_usd,opus,43.71912575,41.554905734375,64,,
cost_usd,opus,43.7450465,41.56101371875,64,,
cost_usd,opus,43.78492125,41.56193365625,64,,
cost_usd,opus,43.8446875,41.56193365625,64,,
cost_usd,opus,43.851224,41.5666235,64,,
cost_usd,opus,43.85621625,41.56789290625,64,,
cost_usd,opus,43.8653725,41.57456878125,64,,
cost_usd,opus,43.9339895,41.576776234375,64,,
cost_usd,opus,43.950946,41.5837443125,64,,
cost_usd,opus,43.99075875,41.585615015625,64,,
cost_usd,opus,44.0194905,41.6053358125,64,,
cost_usd,opus,44.04754325,41.60939503125,64,,
cost_usd,opus,44.0881285,41.61301046875,64,,
cost_usd,opus,44.161278,41.61301046875,64,,
cost_usd,opus,44.2316065,41.61770878125,64,,
cost_usd,opus,44.27994225,41.63542,64,,
cost_usd,opus,44.29778375,41.64810778125,64,,
cost_usd,opus,44.33703725,41.654530953125,64,,
cost_usd,opus,44.4168805,41.654530953125,64,,
cost_usd,opus,44.4350325,41.67229021875,64,,
cost_usd,opus,44.57228075,41.682364234375,64,,
cost_usd,opus,44.5752575,41.684044546875,64,,
cost_usd,opus,44.61404125,41.68956940625,64,,
cost_usd,opus,44.6313195,41.685661203125,64,,
cost_usd,opus,44.637321,41.6859880625,64,,
cost_usd,opus,44.69639075,41.692627640625,64,,
cost_usd,opus,44.7025785,41.69293846875,64,,
cost_usd,opus,44.70620525,41.694351015625,64,,
cost_usd,opus,44.70758425,41.699459765625,64,,
cost_usd,opus,44.760084,41.715319734375,64,,
cost_usd,opus,44.765283,41.716644921875,64,,
cost_usd,opus,44.77919175,41.718584421875,64,,
cost_usd,opus,44.779647,41.72902446875,64,,
cost_usd,opus,44.8138315,41.730242890625,64,,
cost_usd,opus,44.92459625,41.7344888125,64,,
cost_usd,opus,44.9482105,41.73923996875,64,,
cost_usd,opus,44.996196,41.74088025,64,,
cost_usd,opus,45.124873,41.7620310625,64,,
cost_usd,opus,45.15929925,41.76867115625,64,,
cost_usd,opus,45.203883,41.776341234375,64,,
cost_usd,opus,45.20802475,41.777615,64,,
cost_usd,opus,45.2314865,41.791529421875,64,,
cost_usd,opus,45.238803,41.796777578125,64,,
cost_usd,opus,45.2600355,41.799068078125,64,,
cost_usd,opus,45.3495715,41.805716015625,64,,
cost_usd,opus,45.35344,41.808797890625,64,,
cost_usd,opus,45.4421425,41.809855203125004,64,,
cost_usd,opus,45.44488975,41.811032312500004,64,,
cost_usd,opus,45.62314675,41.81493415625,64,,
cost_usd,opus,45.62601,41.82351884375,64,,
cost_usd,opus,45.7410275,41.8365865625,64,,
cost_usd,opus,45.74311125,41.837852671875,64,,
cost_usd,opus,45.74870325,41.842184890625,64,,
cost_usd,opus,45.8054485,41.850894609375,64,,
cost_usd,opus,45.85017675,41.85412059375,64,,
cost_usd,opus,45.8563485,41.857175578125,64,,
cost_usd,opus,45.9284385,41.85972390625,64,,
cost_usd,opus,45.93508775,41.85972390625,64,,
cost_usd,opus,46.00701525,41.86160728125,64,,
cost_usd,opus,46.05559275,41.863456296875,64,,
cost_usd,opus,46.1584595,41.864276546875,64,,
cost_usd,opus,46.2020015,41.870996421875,64,,
cost_usd,opus,46.2032615,41.873055046875,64,,
cost_usd,opus,46.22738275,41.882157,64,,
cost_usd,opus,46.2607525,41.883344796875,64,,
cost_usd,opus,46.26478525,41.865633578125,64,,
cost_usd,opus,46.30704425,41.866435390625,64,,
cost_usd,opus,46.32850875,41.88208184375,64,,
cost_usd,opus,46.3829565,41.885135828125,64,,
cost_usd,opus,46.39930875,41.890015671875,64,,
cost_usd,opus,46.43462925,41.8946185625,64,,
cost_usd,opus,46.4538435,41.899513609375,64,,
cost_usd,opus,46.50319175,41.8997438125,64,,
cost_usd,opus,46.5283515,41.903652015625,64,,
cost_usd,opus,46.5645375,41.9046325625,64,,
cost_usd,opus,46.56683025,41.910732640625,64,,
cost_usd,opus,46.5765,41.91311159375,64,,
cost_usd,opus,46.615773,41.91311159375,64,,
cost_usd,opus,46.74449525,41.915465828125,64,,
cost_usd,opus,46.84682775,41.9159604375,64,,
cost_usd,opus,46.85906675,41.94483271875,64,,
cost_usd,opus,46.87137925,41.95416503125,64,,
cost_usd,opus,47.05280775,41.955776453125,64,,
cost_usd,opus,47.22115975,41.95658215625,64,,
cost_usd,opus,47.23868225,41.95787996875,64,,
cost_usd,opus,47.265489,41.97756671875,64,,
cost_usd,opus,47.396012,41.996933578125,64,,
cost_usd,opus,47.40704375,42.0052611875,64,,
cost_usd,opus,47.46359025,42.021297375,64,,
cost_usd,opus,47.49969725,42.0353405,64,,
cost_usd,opus,47.546325,42.0353405,64,,
cost_usd,opus,47.605639,42.0428165625,64,,
cost_usd,opus,47.63106275,42.11609525,64,,
cost_usd,opus,47.635432,42.1357893125,64,,
cost_usd,opus,47.69047325,42.139773359375,64,,
cost_usd,opus,47.795663,42.15461328125,64,,
cost_usd,opus,47.82337775,42.154848703125,64,,
cost_usd,opus,47.880564,42.1583110625,64,,
cost_usd,opus,47.9137855,42.16255425,64,,
cost_usd,opus,47.97932875,42.174498171875,64,,
cost_usd,opus,48.079928,42.176535703125,64,,
cost_usd,opus,48.09781425,42.17802178125,64,,
cost_usd,opus,48.1162225,42.189301890624996,64,,
cost_usd,opus,48.15107925,42.195957671875,64,,
cost_usd,opus,48.16919375,42.204576046875,64,,
cost_usd,opus,48.23869575,42.210253265625,64,,
cost_usd,opus,48.25186725,42.217704640625,64,,
cost_usd,opus,48.25488575,42.246819375,64,,
cost_usd,opus,48.2926605,42.247964625,64,,
cost_usd,opus,48.31662425,42.252730765625,64,,
cost_usd,opus,48.32126,42.252730765625,64,,
cost_usd,opus,48.4087675,42.255182125,64,,
cost_usd,opus,48.43268675,42.270831015625,64,,
cost_usd,opus,48.447499,42.274620921875,64,,
cost_usd,opus,48.53182075,42.276272046875,64,,
cost_usd,opus,48.54561875,42.28950140625,64,,
cost_usd,opus,48.56675625,42.272286625,64,,
cost_usd,opus,48.69680625,42.275739671875,64,,
cost_usd,opus,48.79019975,42.279573390624996,64,,
cost_usd,opus,48.840314,42.291844,64,,
cost_usd,opus,48.89396925,42.29901559375,64,,
cost_usd,opus,48.9183015,42.3012514375,64,,
cost_usd,opus,48.94688475,42.302130734375,64,,
cost_usd,opus,48.9954695,42.30503396875,64,,
cost_usd,opus,49.008828,42.308414859375,64,,
cost_usd,opus,49.17554775,42.31266078125,64,,
cost_usd,opus,49.2171115,42.317796453125,64,,
cost_usd,opus,49.2883465,42.33013196875,64,,
cost_usd,opus,49.36065025,42.332721609375,64,,
cost_usd,opus,49.38223975,42.33980725,64,,
cost_usd,opus,49.437307,42.34057075,64,,
cost_usd,opus,49.4707915,42.36789765625,64,,
cost_usd,opus,49.535142,42.378844078125,64,,
cost_usd,opus,49.6258155,42.39775259375,64,,
cost_usd,opus,49.6726825,42.40917159375,64,,
cost_usd,opus,49.673224,42.409841578125,64,,
cost_usd,opus,49.76160075,42.412154265625,64,,
cost_usd,opus,49.81546,42.408401765625,64,,
cost_usd,opus,49.8764725,42.40884840625,64,,
cost_usd,opus,49.89132375,42.365873046875,64,,
cost_usd,opus,49.92005375,42.373930125,64,,
cost_usd,opus,49.98469775,42.384111828125,64,,
cost_usd,opus,49.99309625,42.3906414375,64,,
cost_usd,opus,50.01965075,42.396525515625,64,,
cost_usd,opus,50.04552125,42.412515203125,64,,
cost_usd,opus,50.059994,42.43119278125,64,,
cost_usd,opus,50.06433425,42.432958453124996,64,,
cost_usd,opus,50.09117825,42.440176531249996,64,,
cost_usd,opus,50.160228,42.4424105,64,,
cost_usd,opus,50.298847,42.443591765625,64,,
cost_usd,opus,50.3057065,42.44693171875,64,,
cost_usd,opus,50.375199,42.45137046875,64,,
cost_usd,opus,50.3796455,42.4558935,64,,
cost_usd,opus,50.446423,42.456112515625,64,,
cost_usd,opus,50.59692425,42.456112515625,64,,
cost_usd,opus,50.62192525,42.46092078125,64,,
cost_usd,opus,50.6785345,42.461206875,64,,
cost_usd,opus,50.741642,42.4682826875,64,,
cost_usd,opus,50.776173,42.4686176875,64,,
cost_usd,opus,50.81522675,42.484356796875,64,,
cost_usd,opus,50.849188,42.48447665625,64,,
cost_usd,opus,50.85565975,42.486124625,64,,
cost_usd,opus,50.91532275,42.48820653125,64,,
cost_usd,opus,50.948155,42.507951390625,64,,
cost_usd,opus,50.965811,42.517803046875,64,,
cost_usd,opus,50.98936775,42.522837703125,64,,
cost_usd,opus,51.16846625,42.524103828125,64,,
cost_usd,opus,51.20677125,42.528019875,64,,
cost_usd,opus,51.21053,42.542411328125,64,,
cost_usd,opus,51.267345,42.54542621875,64,,
cost_usd,opus,51.338977,42.54627540625,64,,
cost_usd,opus,51.3836745,42.547253015625,64,,
cost_usd,opus,51.505207,42.5473646875,64,,
cost_usd,opus,51.516145,42.55241146875,64,,
cost_usd,opus,51.5592705,42.555186234375,64,,
cost_usd,opus,51.5666765,42.556784296875,64,,
cost_usd,opus,51.65008025,42.557111140625,64,,
cost_usd,opus,51.670724,42.558292421875,64,,
cost_usd,opus,51.694506,42.560302359375,64,,
cost_usd,opus,51.70630575,42.560302359375,64,,
cost_usd,opus,51.7725105,42.56079115625,64,,
cost_usd,opus,51.83310375,42.562620703125,64,,
cost_usd,opus,51.83760825,42.563942359375,64,,
cost_usd,opus,51.91885,42.56443115625,64,,
cost_usd,opus,51.9856355,42.62466259375,64,,
cost_usd,opus,52.1108865,42.62466259375,64,,
cost_usd,opus,52.133193,42.626817484375,64,,
cost_usd,opus,52.14633975,42.62865909375,64,,
cost_usd,opus,52.24507675,42.6280716875,64,,
cost_usd,opus,52.2784225,42.6325063125,64,,
cost_usd,opus,52.30450975,42.6333234375,64,,
cost_usd,opus,52.41452575,42.63589625,64,,
cost_usd,opus,52.45928975,42.640938640625,64,,
cost_usd,opus,52.473827,42.66165971875,64,,
cost_usd,opus,52.4790495,42.681363015625,64,,
cost_usd,opus,52.494367,42.683020546875,64,,
cost_usd,opus,52.49689225,42.68367425,64,,
cost_usd,opus,52.497233,42.693660390625,64,,
cost_usd,opus,52.497316,42.69611696875,64,,
cost_usd,opus,52.55157375,42.70882978125,64,,
cost_usd,opus,52.597411,42.70882978125,64,,
cost_usd,opus,52.6899745,42.710254828125,64,,
cost_usd,opus,52.71346125,42.71714671875,64,,
cost_usd,opus,52.77910675,42.717163671875,64,,
cost_usd,opus,52.79466025,42.7272736875,64,,
cost_usd,opus,52.8113,42.735977828125,64,,
cost_usd,opus,52.88541525,42.756533953125,64,,
cost_usd,opus,52.95903425,42.756860796875,64,,
cost_usd,opus,52.97235725,42.7627793125,64,,
cost_usd,opus,53.02121325,42.766321734375,64,,
cost_usd,opus,53.02711375,42.78472159375,64,,
cost_usd,opus,53.0564455,42.795195390625,64,,
cost_usd,opus,53.0962045,42.80753090625,64,,
cost_usd,opus,53.111424,42.80924171875,64,,
cost_usd,opus,53.15437875,42.81146815625,64,,
cost_usd,opus,53.26496925,42.8115699375,64,,
cost_usd,opus,53.27941425,42.81313634375,64,,
cost_usd,opus,53.29308,42.8258860625,64,,
cost_usd,opus,53.46244225,42.828325078125,64,,
cost_usd,opus,53.4664535,42.83308590625,64,,
cost_usd,opus,53.54845825,42.836956984375,64,,
cost_usd,opus,53.6498895,42.83699771875,64,,
cost_usd,opus,53.67199825,42.837233140625,64,,
cost_usd,opus,53.71318225,42.848229203125,64,,
cost_usd,opus,53.71677975,42.84888290625,64,,
cost_usd,opus,53.74506625,42.84949925,64,,
cost_usd,opus,53.78145525,42.8498445625,64,,
cost_usd,opus,53.841533,42.852936828125,64,,
cost_usd,opus,53.85819625,42.866517828125,64,,
cost_usd,opus,53.9130945,42.87033915625,64,,
cost_usd,opus,53.93466125,42.873483296875,64,,
cost_usd,opus,53.9362705,42.874041609375,64,,
cost_usd,opus,54.013859,42.880209375,64,,
cost_usd,opus,54.08358875,42.8824973125,64,,
cost_usd,opus,54.13494825,42.891273609375,64,,
cost_usd,opus,54.13991,42.8987405625,64,,
cost_usd,opus,54.212871,42.90049796875,64,,
cost_usd,opus,54.22489675,42.90797390625,64,,
cost_usd,opus,54.30558825,42.909281296875,64,,
cost_usd,opus,54.358647,42.930779625,64,,
cost_usd,opus,54.3643115,42.94643690625,64,,
cost_usd,opus,54.38161975,42.9679545625,64,,
cost_usd,opus,54.39740325,42.971721328125,64,,
cost_usd,opus,54.47431675,42.971721328125,64,,
cost_usd,opus,54.56906725,42.9761059375,64,,
cost_usd,opus,54.62082125,42.97690046875,64,,
cost_usd,opus,54.623363,42.977227421875,64,,
cost_usd,opus,54.672619,42.99334584375,64,,
cost_usd,opus,54.79600975,43.00589971875,64,,
cost_usd,opus,54.83648725,43.008808859375,64,,
cost_usd,opus,54.91487425,43.0112366875,64,,
cost_usd,opus,54.9929485,43.027106703125,64,,
cost_usd,opus,55.04609125,43.03811053125,64,,
cost_usd,opus,55.04660125,43.03811053125,64,,
cost_usd,opus,55.10262575,43.066850640625,64,,
cost_usd,opus,55.18501225,43.069721140625,64,,
cost_usd,opus,55.2207165,43.0714376875,64,,
cost_usd,opus,55.240317,43.071485625,64,,
cost_usd,opus,55.26160075,43.07436315625,64,,
cost_usd,opus,55.28576325,43.0926233125,64,,
cost_usd,opus,55.32648975,43.09696359375,64,,
cost_usd,opus,55.396265,43.09781278125,64,,
cost_usd,opus,55.4044515,43.11116775,64,,
cost_usd,opus,55.4107465,43.121243546875,64,,
cost_usd,opus,55.42730025,43.118940843749996,64,,
cost_usd,opus,55.44549475,43.118940843749996,64,,
cost_usd,opus,55.515753,43.129264296875,64,,
cost_usd,opus,55.569328,43.135597515625,64,,
cost_usd,opus,55.59199025,43.136323015625,64,,
cost_usd,opus,55.67569075,43.144148453125,64,,
cost_usd,opus,55.70223425,43.1448184375,64,,
cost_usd,opus,55.735975,43.146208015625,64,,
cost_usd,opus,55.745651,43.146208015625,64,,
cost_usd,opus,55.9724435,43.1470873125,64,,
cost_usd,opus,55.98023625,43.149489265625,64,,
cost_usd,opus,55.982284,43.1576074375,64,,
cost_usd,opus,56.0899,43.159937734375,64,,
cost_usd,opus,56.110107,43.16463778125,64,,
cost_usd,opus,56.12195525,43.16785996875,64,,
cost_usd,opus,56.14230575,43.170926625,64,,
cost_usd,opus,56.2121015,43.173991875,64,,
cost_usd,opus,56.2216075,43.184065890625,64,,
cost_usd,opus,56.22164725,43.18841896875,64,,
cost_usd,opus,56.25229625,43.190130875,64,,
cost_usd,opus,56.31147025,43.193831484374996,64,,
cost_usd,opus,56.321041,43.197864109375,64,,
cost_usd,opus,56.3627675,43.20126084375,64,,
cost_usd,opus,56.37353225,43.203270765625,64,,
cost_usd,opus,56.46362625,43.20404846875,64,,
cost_usd,opus,56.46650275,43.206398093749996,64,,
cost_usd,opus,56.4786175,43.214442749999996,64,,
cost_usd,opus,56.534369,43.214615703125,64,,
cost_usd,opus,56.6700785,43.216837921875,64,,
cost_usd,opus,56.73242775,43.220290953125,64,,
cost_usd,opus,56.8168425,43.220290953125,64,,
cost_usd,opus,56.85604975,43.223295359375,64,,
cost_usd,opus,56.9979155,43.22229421875,64,,
cost_usd,opus,57.0147485,43.224204890624996,64,,
cost_usd,opus,57.02557025,43.22950259375,64,,
cost_usd,opus,57.04723775,43.2325175,64,,
cost_usd,opus,57.145783,43.23254946875,64,,
cost_usd,opus,57.32602975,43.24051896875,64,,
cost_usd,opus,57.44915425,43.24051896875,64,,
cost_usd,opus,57.500293,43.241752515625,64,,
cost_usd,opus,57.5852065,43.2477661875,64,,
cost_usd,opus,57.60327975,43.2614621875,64,,
cost_usd,opus,57.60358425,43.264595015625,64,,
cost_usd,opus,57.6087805,43.264595015625,64,,
cost_usd,opus,57.63526575,43.26446884375,64,,
cost_usd,opus,57.73172925,43.26622409375,64,,
cost_usd,opus,57.74180875,43.277590234375,64,,
cost_usd,opus,57.75974475,43.2786311875,64,,
cost_usd,opus,58.149981,43.29109653125,64,,
cost_usd,opus,58.31961425,43.299484796875,64,,
cost_usd,opus,58.32621625,43.300659609374996,64,,
cost_usd,opus,58.33621225,43.300659609374996,64,,
cost_usd,opus,58.3454785,43.301148421875,64,,
cost_usd,opus,58.346058,43.301475375,64,,
cost_usd,opus,58.5201375,43.30616765625,64,,
cost_usd,opus,58.55105725,43.31378346875,64,,
cost_usd,opus,58.60622425,43.340075421875,64,,
cost_usd,opus,58.64718725,43.341638703125,64,,
cost_usd,opus,58.7015905,43.344228359375,64,,
cost_usd,opus,58.7099965,43.34444409375,64,,
cost_usd,opus,58.72476725,43.364633484375,64,,
cost_usd,opus,58.74350525,43.364633484375,64,,
cost_usd,opus,58.77245425,43.375518703125,64,,
cost_usd,opus,58.8026885,43.359046171875,64,,
cost_usd,opus,58.88430875,43.359046171875,64,,
cost_usd,opus,59.043263,43.35920909375,64,,
cost_usd,opus,59.0501915,43.359225078125,64,,
cost_usd,opus,59.17015275,43.36165559375,64,,
cost_usd,opus,59.29996825,43.37190390625,64,,
cost_usd,opus,59.46587825,43.377779796875004,64,,
cost_usd,opus,59.53247025,43.3874483125,64,,
cost_usd,opus,59.57350575,43.392526921875,64,,
cost_usd,opus,59.58152325,43.39428090625,64,,
cost_usd,opus,59.60390625,43.40178065625,64,,
cost_usd,opus,59.69286825,43.404247765625,64,,
cost_usd,opus,59.71245925,43.43105184375,64,,
cost_usd,opus,59.73710375,43.432155328125,64,,
cost_usd,opus,59.7384005,43.44865990625,64,,
cost_usd,opus,59.79306375,43.4662641875,64,,
cost_usd,opus,59.80170825,43.4712101875,64,,
cost_usd,opus,59.81942175,43.47316821875,64,,
cost_usd,opus,59.8426115,43.480707203125,64,,
cost_usd,opus,59.90968025,43.488831734375,64,,
cost_usd,opus,60.06862975,43.490384796875,64,,
cost_usd,opus,60.08865475,43.4968826875,64,,
cost_usd,opus,60.09713975,43.497781828125,64,,
cost_usd,opus,60.12558825,43.499253140625,64,,
cost_usd,opus,60.14855525,43.50059309375,64,,
cost_usd,opus,60.14990775,43.512634171875,64,,
cost_usd,opus,60.4348235,43.513285921875,64,,
cost_usd,opus,60.495126,43.514698453125,64,,
cost_usd,opus,60.57305425,43.519456375,64,,
cost_usd,opus,60.594326,43.52141209375,64,,
cost_usd,opus,60.72526025,43.530603265625,64,,
cost_usd,opus,60.73847325,43.545001453124996,64,,
cost_usd,opus,60.80746025,43.54733978125,64,,
cost_usd,opus,60.938124,43.50460553125,64,,
cost_usd,opus,60.99754075,43.505945484375,64,,
cost_usd,opus,61.03518475,43.5186966875,64,,
cost_usd,opus,61.21101875,43.52261271875,64,,
cost_usd,opus,61.28004325,43.550367656249996,64,,
cost_usd,opus,61.29914275,43.550590984375,64,,
cost_usd,opus,61.3263625,43.553433421875,64,,
cost_usd,opus,61.3387475,43.560282859375,64,,
cost_usd,opus,61.4124355,43.56425740625,64,,
cost_usd,opus,61.4169155,43.572222578125,64,,
cost_usd,opus,61.47751675,43.575845421875,64,,
cost_usd,opus,61.49846875,43.5798915625,64,,
cost_usd,opus,61.499396,43.586054359375,64,,
cost_usd,opus,61.57402325,43.58748321875,64,,
cost_usd,opus,61.58647825,43.591642671875,64,,
cost_usd,opus,61.72803725,43.60706625,64,,
cost_usd,opus,61.74573975,43.611885234375,64,,
cost_usd,opus,61.858429,43.620339484375,64,,
cost_usd,opus,61.86650825,43.622298125,64,,
cost_usd,opus,62.027212,43.689104578125,64,,
cost_usd,opus,62.0897735,43.6923220625,64,,
cost_usd,opus,62.10796075,43.71082534375,64,,
cost_usd,opus,62.1516,43.7251913125,64,,
cost_usd,opus,62.1618625,43.726674953125,64,,
cost_usd,opus,62.16608175,43.73107140625,64,,
cost_usd,opus,62.23133675,43.73891371875,64,,
cost_usd,opus,62.27904525,43.73891371875,64,,
cost_usd,opus,62.28276175,43.750097578125,64,,
cost_usd,opus,62.35931975,43.756456359375,64,,
cost_usd,opus,62.38059,43.757923625,64,,
cost_usd,opus,62.40034825,43.757923625,64,,
cost_usd,opus,62.4613785,43.7607486875,64,,
cost_usd,opus,62.57919075,43.76178459375,64,,
cost_usd,opus,62.591286,43.757122125,64,,
cost_usd,opus,62.66601925,43.757410156249996,64,,
cost_usd,opus,62.918226,43.76321734375,64,,
cost_usd,opus,62.94731775,43.77082425,64,,
cost_usd,opus,62.982125,43.77087021875,64,,
cost_usd,opus,63.0401455,43.771105640625,64,,
cost_usd,opus,63.08263375,43.77411246875,64,,
cost_usd,opus,63.09304775,43.78269728125,64,,
cost_usd,opus,63.16020675,43.784767078125,64,,
cost_usd,opus,63.16338825,43.798225171874996,64,,
cost_usd,opus,63.3000325,43.80421853125,64,,
cost_usd,opus,63.31665575,43.80746090625,64,,
cost_usd,opus,63.359789,43.815506796875,64,,
cost_usd,opus,63.36865425,43.815506796875,64,,
cost_usd,opus,63.407867,43.819279781249996,64,,
cost_usd,opus,63.60393175,43.83141815625,64,,
cost_usd,opus,63.71223575,43.83224053125,64,,
cost_usd,opus,63.77236125,43.83166903125,64,,
cost_usd,opus,63.89326425,43.83166903125,64,,
cost_usd,opus,64.17685975,43.83625978125,64,,
cost_usd,opus,64.31439825,43.8391968125,64,,
cost_usd,opus,64.3445245,43.849921765625,64,,
cost_usd,opus,64.388155,43.85286803125,64,,
cost_usd,opus,64.39976975,43.857250421875,64,,
cost_usd,opus,64.40782825,43.862184625,64,,
cost_usd,opus,64.48753925,43.876390406249996,64,,
cost_usd,opus,64.50601375,43.87803515625,64,,
cost_usd,opus,64.54914525,43.88772803125,64,,
cost_usd,opus,64.59702625,43.888139203125,64,,
cost_usd,opus,64.66992225,43.888715265625,64,,
cost_usd,opus,64.67450775,43.89948975,64,,
cost_usd,opus,64.82504125,43.9051298125,64,,
cost_usd,opus,64.843624,43.911064375,64,,
cost_usd,opus,65.03946425,43.912987828125,64,,
cost_usd,opus,65.08808425,43.912987828125,64,,
cost_usd,opus,65.094818,43.915259,64,,
cost_usd,opus,65.1601215,43.9295610625,64,,
cost_usd,opus,65.16518825,43.933071578125,64,,
cost_usd,opus,65.4178395,43.93626709375,64,,
cost_usd,opus,65.49430875,43.93626709375,64,,
cost_usd,opus,65.50893975,43.94005903125,64,,
cost_usd,opus,65.51877725,43.947742578125,64,,
cost_usd,opus,65.580806,43.95591734375,64,,
cost_usd,opus,65.61693175,43.9571859375,64,,
cost_usd,opus,65.73353775,43.9608191875,64,,
cost_usd,opus,65.7583975,43.97815915625,64,,
cost_usd,opus,65.87125375,43.979187125,64,,
cost_usd,opus,65.89403075,43.99467384375,64,,
cost_usd,opus,65.90538475,43.994909265625,64,,
cost_usd,opus,65.97153,44.00227575,64,,
cost_usd,opus,66.13086425,44.008403203125,64,,
cost_usd,opus,66.13363325,44.008359453125,64,,
cost_usd,opus,66.22558975,44.012766390624996,64,,
cost_usd,opus,66.40576125,44.0153493125,64,,
cost_usd,opus,66.44791225,44.027755171875,64,,
cost_usd,opus,66.55563575,44.02799059375,64,,
cost_usd,opus,66.625174,44.03665446875,64,,
cost_usd,opus,66.69936625,44.037097828125,64,,
cost_usd,opus,66.70410825,44.03704215625,64,,
cost_usd,opus,66.72309175,44.038416046875,64,,
cost_usd,opus,66.79866125,44.0390205625,64,,
cost_usd,opus,66.8539825,44.0447983125,64,,
cost_usd,opus,66.87286,44.076747046875,64,,
cost_usd,opus,66.94225075,44.080832015625,64,,
cost_usd,opus,67.06154825,44.08153828125,64,,
cost_usd,opus,67.06923225,44.089553765625,64,,
cost_usd,opus,67.08450975,44.11841628125,64,,
cost_usd,opus,67.09907825,44.142628578125,64,,
cost_usd,opus,67.17921975,44.14508,64,,
cost_usd,opus,67.26025125,44.146663296875,64,,
cost_usd,opus,67.3141165,44.153218640625,64,,
cost_usd,opus,67.33290325,44.159483593750004,64,,
cost_usd,opus,67.33847325,44.159483593750004,64,,
cost_usd,opus,67.37050175,44.16730409375,64,,
cost_usd,opus,67.40322275,44.16768878125,64,,
cost_usd,opus,67.46967875,44.16807346875,64,,
cost_usd,opus,67.511358,44.184177515625,64,,
cost_usd,opus,67.52862675,44.185915359375,64,,
cost_usd,opus,67.5484965,44.188671625,64,,
cost_usd,opus,67.69084975,44.190430203125,64,,
cost_usd,opus,67.6951425,44.190430203125,64,,
cost_usd,opus,67.70712175,44.191371890625,64,,
cost_usd,opus,67.71689875,44.192639234375,64,,
cost_usd,opus,67.76637675,44.19637621875,64,,
cost_usd,opus,67.795729,44.197527234375,64,,
cost_usd,opus,67.83091125,44.200549796875,64,,
cost_usd,opus,67.874179,44.207211609375,64,,
cost_usd,opus,68.047917,44.207560953125,64,,
cost_usd,opus,68.25278225,44.2112979375,64,,
cost_usd,opus,68.390599,44.21381325,64,,
cost_usd,opus,68.44916675,44.215869171875,64,,
cost_usd,opus,68.54518425,44.222577984375,64,,
cost_usd,opus,68.573996,44.22374846875,64,,
cost_usd,opus,68.57659325,44.225995140625,64,,
cost_usd,opus,68.577789,44.226274625,64,,
cost_usd,opus,68.6258875,44.2411916875,64,,
cost_usd,opus,68.64224425,44.2472750625,64,,
cost_usd,opus,68.6611695,44.252795265625,64,,
cost_usd,opus,68.69288625,44.25423440625,64,,
cost_usd,opus,68.75772225,44.269311171874996,64,,
cost_usd,opus,68.87622875,44.273244703125,64,,
cost_usd,opus,68.88808075,44.27819321875,64,,
cost_usd,opus,68.99173025,44.28209946875,64,,
cost_usd,opus,69.0310555,44.29140384375,64,,
cost_usd,opus,69.06902025,44.293191015625,64,,
cost_usd,opus,69.24979475,44.29896409375,64,,
cost_usd,opus,69.31273125,44.29896409375,64,,
cost_usd,opus,69.41188275,44.299403749999996,64,,
cost_usd,opus,69.428606,44.31844915625,64,,
cost_usd,opus,69.49754625,44.321746499999996,64,,
cost_usd,opus,69.697824,44.323355234375,64,,
cost_usd,opus,69.71035175,44.323826078125,64,,
cost_usd,opus,69.74083775,44.325474734375,64,,
cost_usd,opus,69.76658,44.326168703125,64,,
cost_usd,opus,69.8131895,44.32973684375,64,,
cost_usd,opus,69.82186675,44.33424028125,64,,
cost_usd,opus,69.96530875,44.33676825,64,,
cost_usd,opus,70.0841485,44.33901875,64,,
cost_usd,opus,70.09541775,44.33922434375,64,,
cost_usd,opus,70.14844525,44.3466185,64,,
cost_usd,opus,70.15970625,44.354691,64,,
cost_usd,opus,70.18189325,44.359931515625,64,,
cost_usd,opus,70.2251665,44.363843578125,64,,
cost_usd,opus,70.2570055,44.366398640625,64,,
cost_usd,opus,70.668153,44.368640171875,64,,
cost_usd,opus,70.683115,44.368870375,64,,
cost_usd,opus,70.69789475,44.372137875,64,,
cost_usd,opus,70.74167775,44.372137875,64,,
cost_usd,opus,70.75202225,44.376948046875,64,,
cost_usd,opus,70.8251495,44.37811109375,64,,
cost_usd,opus,70.86228775,44.387196328125,64,,
cost_usd,opus,70.91403575,44.387306234375,64,,
cost_usd,opus,70.931077,44.395929796875,64,,
cost_usd,opus,70.9901085,44.3950465625,64,,
cost_usd,opus,71.01053625,44.3938925,64,,
cost_usd,opus,71.07969175,44.395359765625,64,,
cost_usd,opus,71.17078175,44.401144015625,64,,
cost_usd,opus,71.206142,44.407498890625,64,,
cost_usd,opus,71.23216425,44.408543046875,64,,
cost_usd,opus,71.24214625,44.4132804375,64,,
cost_usd,opus,71.5960885,44.417163078125,64,,
cost_usd,opus,71.6555645,44.418314078125,64,,
cost_usd,opus,71.68674625,44.42638484375,64,,
cost_usd,opus,71.72352375,44.434958140625,64,,
cost_usd,opus,71.72505725,44.437543328125,64,,
cost_usd,opus,71.73412275,44.4415758125,64,,
cost_usd,opus,71.84929575,44.448250265625,64,,
cost_usd,opus,71.9560305,44.449757453125,64,,
cost_usd,opus,71.9725835,44.450474734375,64,,
cost_usd,opus,71.99271225,44.454167265625,64,,
cost_usd,opus,72.0006895,44.46366709375,64,,
cost_usd,opus,72.07323225,44.46366709375,64,,
cost_usd,opus,72.20465075,44.46775028125,64,,
cost_usd,opus,72.5006515,44.477336875,64,,
cost_usd,opus,72.62508475,44.489503640625,64,,
cost_usd,opus,72.75968825,44.494515921875,64,,
cost_usd,opus,72.8411545,44.496377015625,64,,
cost_usd,opus,72.85133275,44.497392171875,64,,
cost_usd,opus,72.871692,44.503341828125,64,,
cost_usd,opus,73.0667755,44.50831121875,64,,
cost_usd,opus,73.12929475,44.52640634375,64,,
cost_usd,opus,73.215313,44.538276765625,64,,
cost_usd,opus,73.25626475,44.544285578125,64,,
cost_usd,opus,73.33269775,44.547882140625,64,,
cost_usd,opus,73.511347,44.54902340625,64,,
cost_usd,opus,73.54612875,44.556424484375,64,,
cost_usd,opus,73.56658925,44.557,64,,
cost_usd,opus,73.5938105,44.557106265625,64,,
cost_usd,opus,73.63887,44.550234640625,64,,
cost_usd,opus,73.67319925,44.55166509375,64,,
cost_usd,opus,73.821375,44.5618538125,64,,
cost_usd,opus,73.82215925,44.56338659375,64,,
cost_usd,opus,73.8963095,44.569618203125,64,,
cost_usd,opus,74.035528,44.573231046875,64,,
cost_usd,opus,74.11660125,44.575533078125,64,,
cost_usd,opus,74.14167525,44.58005521875,64,,
cost_usd,opus,74.16138,44.58362734375,64,,
cost_usd,opus,74.3004485,44.600697359375,64,,
cost_usd,opus,74.5095225,44.600697359375,64,,
cost_usd,opus,74.55900225,44.60854815625,64,,
cost_usd,opus,74.5633745,44.61751246875,64,,
cost_usd,opus,74.59963425,44.618560515625,64,,
cost_usd,opus,74.68740175,44.62238684375,64,,
cost_usd,opus,74.749701,44.62315721875,64,,
cost_usd,opus,74.78554475,44.625413375,64,,
cost_usd,opus,74.79268475,44.626170421875,64,,
cost_usd,opus,74.81256825,44.62651571875,64,,
cost_usd,opus,74.9355885,44.63254240625,64,,
cost_usd,opus,75.019847,44.63188225,64,,
cost_usd,opus,75.15492125,44.638569578125,64,,
cost_usd,opus,75.223557,44.62990653125,64,,
cost_usd,opus,75.248865,44.077821671875,64,,
cost_usd,opus,75.286795,44.082163171875,64,,
cost_usd,opus,75.320642,44.087609,64,,
cost_usd,opus,75.41408675,44.092995234375,64,,
cost_usd,opus,75.5067935,44.093570859375,64,,
cost_usd,opus,75.508065,44.09576909375,64,,
cost_usd,opus,75.64413275,44.099332453125,64,,
cost_usd,opus,75.64935,44.66191690625,64,,
cost_usd,opus,75.69452325,44.664311171875,64,,
cost_usd,opus,75.80707525,44.664311171875,64,,
cost_usd,opus,75.86060075,44.692677625,64,,
cost_usd,opus,75.86635675,44.697079421875,64,,
cost_usd,opus,75.96478675,44.701861203125,64,,
cost_usd,opus,76.0828875,44.71037259375,64,,
cost_usd,opus,76.089308,44.716962109375,64,,
cost_usd,opus,76.1144635,44.717280890625,64,,
cost_usd,opus,76.11542225,44.71773890625,64,,
cost_usd,opus,76.38506175,44.717428671875,64,,
cost_usd,opus,76.391325,44.72705396875,64,,
cost_usd,opus,76.443789,44.880171140625,64,,
cost_usd,opus,76.52648375,44.890022796875,64,,
cost_usd,opus,76.687702,44.8902975625,64,,
cost_usd,opus,76.73247475,44.900865015625,64,,
cost_usd,opus,76.757057,44.901139796875,64,,
cost_usd,opus,76.760025,44.9039025625,64,,
cost_usd,opus,76.80427225,44.913225765625,64,,
cost_usd,opus,76.83999125,44.91357634375,64,,
cost_usd,opus,76.84259875,44.92535965625,64,,
cost_usd,opus,76.86678675,44.935604,64,,
cost_usd,opus,76.97562225,44.94151665625,64,,
cost_usd,opus,77.0633005,44.946411703125,64,,
cost_usd,opus,77.24272275,44.878868984374996,64,,
cost_usd,opus,77.2733995,44.881779203125,64,,
cost_usd,opus,77.3390355,44.882862046875,64,,
cost_usd,opus,77.4337775,44.889840328125,64,,
cost_usd,opus,77.650047,44.8941486875,64,,
cost_usd,opus,77.668938,44.89709490625,64,,
cost_usd,opus,77.80803775,44.901415421875,64,,
cost_usd,opus,77.92230675,44.909804828125,64,,
cost_usd,opus,77.98209525,44.978511109375,64,,
cost_usd,opus,77.9947115,44.983585015625,64,,
cost_usd,opus,78.03190225,44.990001609375,64,,
cost_usd,opus,78.0723095,44.993767609375,64,,
cost_usd,opus,78.15808775,44.995887203125,64,,
cost_usd,opus,78.28333375,44.995887203125,64,,
cost_usd,opus,78.2883685,44.9997890625,64,,
cost_usd,opus,78.3991295,45.0005584375,64,,
cost_usd,opus,78.5840435,45.00375396875,64,,
cost_usd,opus,78.8085255,45.011153328125,64,,
cost_usd,opus,78.81596625,45.014039859374996,64,,
cost_usd,opus,78.8575805,45.02245934375,64,,
cost_usd,opus,78.87947875,45.02603096875,64,,
cost_usd,opus,78.95559525,45.027407109375,64,,
cost_usd,opus,78.95885525,45.044905015625,64,,
cost_usd,opus,78.9964505,45.0538393125,64,,
cost_usd,opus,79.085894,45.056114015625,64,,
cost_usd,opus,79.13022875,45.067716671875,64,,
cost_usd,opus,79.33697325,45.071027140625,64,,
cost_usd,opus,79.4361285,45.07979359375,64,,
cost_usd,opus,79.6002885,45.082926421875,64,,
cost_usd,opus,79.81544425,45.085106984375,64,,
cost_usd,opus,79.8347475,45.086248234375,64,,
cost_usd,opus,79.88419425,45.086519,64,,
cost_usd,opus,79.893784,45.09794978125,64,,
cost_usd,opus,79.95374925,45.09888978125,64,,
cost_usd,opus,80.08171175,45.1095779375,64,,
cost_usd,opus,80.1031195,45.112841765625,64,,
cost_usd,opus,80.231003,45.1209939375,64,,
cost_usd,opus,80.4116255,45.1276883125,64,,
cost_usd,opus,80.461844,45.133366578125,64,,
cost_usd,opus,80.48374475,45.133971453125,64,,
cost_usd,opus,80.486204,45.140103890625,64,,
cost_usd,opus,80.517334,45.156571421875,64,,
cost_usd,opus,80.81726875,45.15806159375,64,,
cost_usd,opus,80.998781,45.164949359375,64,,
cost_usd,opus,81.1664715,45.16922909375,64,,
cost_usd,opus,81.17027825,45.17291,64,,
cost_usd,opus,81.341534,45.176311734375,64,,
cost_usd,opus,81.4710505,45.18400553125,64,,
cost_usd,opus,81.4768305,45.191871125,64,,
cost_usd,opus,81.54293475,45.19735925,64,,
cost_usd,opus,81.574583,45.2009558125,64,,
cost_usd,opus,81.7645045,45.208200484375,64,,
cost_usd,opus,81.85146025,45.214187359375,64,,
cost_usd,opus,81.9459185,45.222496859375,64,,
cost_usd,opus,81.948607,45.2249081875,64,,
cost_usd,opus,82.07313775,45.2402865,64,,
cost_usd,opus,82.14351725,45.243075828125,64,,
cost_usd,opus,82.26509275,45.237559875,64,,
cost_usd,opus,82.4055655,45.237674,64,,
cost_usd,opus,82.42901425,45.272372390625,64,,
cost_usd,opus,82.4732095,45.2766589375,64,,
cost_usd,opus,82.586528,45.29363178125,64,,
cost_usd,opus,82.6594265,45.292261171875,64,,
cost_usd,opus,83.03196925,45.294253546875,64,,
cost_usd,opus,83.08406625,45.29730671875,64,,
cost_usd,opus,83.09029675,45.302064625,64,,
cost_usd,opus,83.16592125,45.299194125,64,,
cost_usd,opus,83.20891875,45.30639390625,64,,
cost_usd,opus,83.2814875,45.30662215625,64,,
cost_usd,opus,83.3719275,45.313816375,64,,
cost_usd,opus,83.376835,45.319975734375,64,,
cost_usd,opus,83.4974375,45.322888390624996,64,,
cost_usd,opus,83.5216515,45.325238015625,64,,
cost_usd,opus,83.55031325,45.326854140625,64,,
cost_usd,opus,83.7629225,45.33056446875,64,,
cost_usd,opus,84.12187575,45.34460759375,64,,
cost_usd,opus,84.1597025,45.34537696875,64,,
cost_usd,opus,84.182657,45.348988890625,64,,
cost_usd,opus,84.2258185,45.349373578125,64,,
cost_usd,opus,84.31524875,45.349938453125,64,,
cost_usd,opus,84.37066875,45.35247315625,64,,
cost_usd,opus,84.50586575,45.35449196875,64,,
cost_usd,opus,84.63137325,45.36946440625,64,,
cost_usd,opus,84.73684975,45.378283984375,64,,
cost_usd,opus,84.8246655,45.38000053125,64,,
cost_usd,opus,84.876377,45.38000053125,64,,
cost_usd,opus,84.988471,45.38567878125,64,,
cost_usd,opus,85.08358675,45.390489578125,64,,
cost_usd,opus,85.19102,45.395372390625,64,,
cost_usd,opus,85.25328725,45.4008295,64,,
cost_usd,opus,85.34327125,45.403479203125,64,,
cost_usd,opus,85.4043465,45.411684734375,64,,
cost_usd,opus,85.59717875,45.415703625,64,,
cost_usd,opus,85.622523,45.417857453125,64,,
cost_usd,opus,85.8076575,45.427993203125,64,,
cost_usd,opus,86.034086,45.42844509375,64,,
cost_usd,opus,86.082,45.41921359375,64,,
cost_usd,opus,86.12346975,45.425437078125,64,,
cost_usd,opus,86.126052,45.42860896875,64,,
cost_usd,opus,86.235603,45.36923540625,64,,
cost_usd,opus,86.5791295,45.438573890625,64,,
cost_usd,opus,86.6299355,45.442489921875,64,,
cost_usd,opus,86.710094,45.45127696875,64,,
cost_usd,opus,86.7225975,45.399637578125,64,,
cost_usd,opus,86.759863,45.45232959375,64,,
cost_usd,opus,86.76970625,45.455526765625,64,,
cost_usd,opus,86.8148555,45.471246921875,64,,
cost_usd,opus,86.8527235,45.4451250625,64,,
cost_usd,opus,86.9450605,45.45341175,64,,
cost_usd,opus,86.9593665,45.464123796875,64,,
cost_usd,opus,87.002081,45.459947390625,64,,
cost_usd,opus,87.0865345,45.450983078125,64,,
cost_usd,opus,87.1259365,45.491043640625,64,,
cost_usd,opus,87.1711055,45.491043640625,64,,
cost_usd,opus,87.52795425,45.49981934375,64,,
cost_usd,opus,87.56040075,45.502608234374996,64,,
cost_usd,opus,87.7229595,45.50652428125,64,,
cost_usd,opus,87.8521805,45.5066605625,64,,
cost_usd,opus,87.88858775,45.508907234375,64,,
cost_usd,opus,87.89111225,45.515356203125,64,,
cost_usd,opus,87.978393,45.518968125,64,,
cost_usd,opus,87.9919345,45.520276484375,64,,
cost_usd,opus,88.1798295,45.52611928125,64,,
cost_usd,opus,88.31045425,45.5324151875,64,,
cost_usd,opus,88.58004675,45.534009109375,64,,
cost_usd,opus,88.677337,45.53557553125,64,,
cost_usd,opus,88.69848125,45.539735765625,64,,
cost_usd,opus,89.03050275,45.542596671875,64,,
cost_usd,opus,89.14671925,45.54706134375,64,,
cost_usd,opus,89.5687185,45.5535079375,64,,
cost_usd,opus,89.64115625,45.555659703125,64,,
cost_usd,opus,89.6848995,45.563194421875,64,,
cost_usd,opus,89.7870795,45.570304890625,64,,
cost_usd,opus,90.03510375,45.57048528125,64,,
cost_usd,opus,90.1703145,45.586873671875,64,,
cost_usd,opus,90.23397975,45.592317515625,64,,
cost_usd,opus,90.38777425,45.59317578125,64,,
cost_usd,opus,90.52789925,45.6119083125,64,,
cost_usd,opus,90.89089325,45.616327890625,64,,
cost_usd,opus,91.6597895,45.625790859375,64,,
cost_usd,opus,91.72198875,45.62993984375,64,,
cost_usd,opus,91.7436,45.633097390625,64,,
cost_usd,opus,91.97563525,45.636330859375,64,,
cost_usd,opus,92.11591975,45.663073875,64,,
cost_usd,opus,92.12621675,45.67240565625,64,,
cost_usd,opus,92.19797075,45.674352390625,64,,
cost_usd,opus,92.34262825,45.674214484375,64,,
cost_usd,opus,92.4660565,45.67596028125,64,,
cost_usd,opus,92.6105965,45.69549153125,64,,
cost_usd,opus,93.24056225,45.696595015625,64,,
cost_usd,opus,93.5477915,45.713089125,64,,
cost_usd,opus,93.55006025,45.72325675,64,,
cost_usd,opus,93.64679125,45.72325675,64,,
cost_usd,opus,93.65794125,45.72612175,64,,
cost_usd,opus,93.8147845,45.72902721875,64,,
cost_usd,opus,94.09123625,45.73694375,64,,
cost_usd,opus,94.39163025,45.739288828125,64,,
cost_usd,opus,94.456722,45.752747078125,64,,
cost_usd,opus,94.71972825,45.755853203125,64,,
cost_usd,opus,94.75186225,45.761392515625,64,,
cost_usd,opus,94.85831075,45.77629546875,64,,
cost_usd,opus,94.944304,45.783538078125,64,,
cost_usd,opus,95.49186975,45.790952484375,64,,
cost_usd,opus,95.50382375,45.798758640625,64,,
cost_usd,opus,95.522704,45.80512146875,64,,
cost_usd,opus,95.58536375,45.810834046875,64,,
cost_usd,opus,95.76159875,45.816718140625,64,,
cost_usd,opus,95.86148425,45.820273828125,64,,
cost_usd,opus,96.070325,45.8213595,64,,
cost_usd,opus,96.20125275,45.821175625,64,,
cost_usd,opus,96.21090775,45.822197375,64,,
cost_usd,opus,96.52124525,45.83320121875,64,,
cost_usd,opus,96.56164775,45.837903234375,64,,
cost_usd,opus,96.61266025,45.837903234375,64,,
cost_usd,opus,96.74357475,45.844067421875,64,,
cost_usd,opus,96.76569375,45.84525553125,64,,
cost_usd,opus,96.943539,45.85984646875,64,,
cost_usd,opus,96.98967575,45.86427478125,64,,
cost_usd,opus,97.5027895,45.867961234375,64,,
cost_usd,opus,97.53780375,45.875997390625,64,,
cost_usd,opus,97.56172075,45.881409109375,64,,
cost_usd,opus,97.61955825,45.892934453125,64,,
cost_usd,opus,97.63715175,45.895877078125,64,,
cost_usd,opus,97.68790225,45.89661275,64,,
cost_usd,opus,97.71801325,45.897184921875,64,,
cost_usd,opus,97.90925375,45.898853546875,64,,
cost_usd,opus,97.94091225,45.89893528125,64,,
cost_usd,opus,97.99326775,45.900875359375,64,,
cost_usd,opus,98.1567855,45.903403671875,64,,
cost_usd,opus,98.29449075,45.908153578125,64,,
cost_usd,opus,98.29678025,45.910928171875,64,,
cost_usd,opus,98.3355355,45.92070834375,64,,
cost_usd,opus,98.45410975,45.92074921875,64,,
cost_usd,opus,98.52654825,45.92184709375,64,,
cost_usd,opus,98.91910725,45.925245890625,64,,
cost_usd,opus,99.21120425,45.926594609375,64,,
cost_usd,opus,99.28206725,45.9440023125,64,,
cost_usd,opus,99.357867,45.96812390625,64,,
cost_usd,opus,99.5197135,45.97568746875,64,,
cost_usd,opus,99.61351425,45.982309328125,64,,
cost_usd,opus,99.99824075,45.9882333125,64,,
cost_usd,opus,100.1151645,45.989217859375,64,,
cost_usd,opus,100.40839925,45.995421625,64,,
cost_usd,opus,100.42281175,46.010012203125,64,,
cost_usd,opus,100.48726825,46.014058328125,64,,
cost_usd,opus,100.51205475,46.017140296875,64,,
cost_usd,opus,100.72139125,46.019388140625,64,,
cost_usd,opus,100.78649875,46.0231073125,64,,
cost_usd,opus,100.88319275,46.0258131875,64,,
cost_usd,opus,100.90734675,46.027786859375,64,,
cost_usd,opus,101.0540165,46.034395078125,64,,
cost_usd,opus,101.06038325,46.03472203125,64,,
cost_usd,opus,101.4299575,46.038853484375004,64,,
cost_usd,opus,101.67567275,46.04004890625,64,,
cost_usd,opus,101.71199575,46.040308140625,64,,
cost_usd,opus,101.72251725,46.041820328125,64,,
cost_usd,opus,101.89146875,46.044796765625,64,,
cost_usd,opus,102.00801125,46.0455634375,64,,
cost_usd,opus,102.06857275,46.0476069375,64,,
cost_usd,opus,102.20058175,46.05480328125,64,,
cost_usd,opus,102.20807975,46.055573671875,64,,
cost_usd,opus,102.27765425,46.055900640625,64,,
cost_usd,opus,102.38920025,46.05609084375,64,,
cost_usd,opus,102.64921625,46.05609084375,64,,
cost_usd,opus,102.75433125,46.063722265625,64,,
cost_usd,opus,102.904438,46.0784110625,64,,
cost_usd,opus,102.9187675,46.077988125,64,,
cost_usd,opus,102.94627625,46.08412371875,64,,
cost_usd,opus,103.205529,46.096059484375,64,,
cost_usd,opus,103.25840425,46.096304703125,64,,
cost_usd,opus,103.35696875,46.104997453125,64,,
cost_usd,opus,103.6373535,46.11217,64,,
cost_usd,opus,103.85287675,46.114254359375,64,,
cost_usd,opus,103.88272775,46.1223719375,64,,
cost_usd,opus,103.91354975,46.12510184375,64,,
cost_usd,opus,103.94962775,46.125224453125,64,,
cost_usd,opus,104.043344,46.126857234375,64,,
cost_usd,opus,104.08892375,46.129256015625,64,,
cost_usd,opus,104.411253,46.13152925,64,,
cost_usd,opus,104.4362275,46.154124234375,64,,
cost_usd,opus,104.721425,46.154124234375,64,,
cost_usd,opus,104.77066675,46.156604609375,64,,
cost_usd,opus,104.82845275,46.159081703125,64,,
cost_usd,opus,104.83458875,46.16101725,64,,
cost_usd,opus,105.19533625,46.16146821875,64,,
cost_usd,opus,105.45827275,46.168633546875,64,,
cost_usd,opus,105.83455925,46.169219828125,64,,
cost_usd,opus,106.04976725,46.173220296875,64,,
cost_usd,opus,106.1472975,46.181103,64,,
cost_usd,opus,106.1962485,46.184542890625,64,,
cost_usd,opus,106.21689175,46.18605890625,64,,
cost_usd,opus,106.3633375,46.19332259375,64,,
cost_usd,opus,106.370035,46.197174515625,64,,
cost_usd,opus,106.53448875,46.197801046875,64,,
cost_usd,opus,106.55789975,46.198780359375,64,,
cost_usd,opus,106.860645,46.199444484375,64,,
cost_usd,opus,106.925313,46.200719609375,64,,
cost_usd,opus,107.1295585,46.201994734375,64,,
cost_usd,opus,107.1906245,46.205060953125,64,,
cost_usd,opus,107.1952975,46.2082753125,64,,
cost_usd,opus,107.2366165,46.21255034375,64,,
cost_usd,opus,107.337891,46.217757078125,64,,
cost_usd,opus,107.535524,46.228011171874996,64,,
cost_usd,opus,107.6076905,46.23574159375,64,,
cost_usd,opus,107.79077925,46.253014015625,64,,
cost_usd,opus,107.922978,46.258342890625,64,,
cost_usd,opus,108.1381215,46.260786859375,64,,
cost_usd,opus,108.212696,46.26360275,64,,
cost_usd,opus,108.236515,46.269897953125,64,,
cost_usd,opus,108.2696635,46.272382640625,64,,
cost_usd,opus,108.2827335,46.273498375,64,,
cost_usd,opus,108.43290975,46.274039546875,64,,
cost_usd,opus,108.58498475,46.27608459375,64,,
cost_usd,opus,108.60931275,46.280664078125,64,,
cost_usd,opus,108.65544325,46.299014515625004,64,,
cost_usd,opus,108.68382375,46.30159896875,64,,
cost_usd,opus,108.9790315,46.30691196875,64,,
cost_usd,opus,108.97929975,46.31487796875,64,,
cost_usd,opus,109.16286675,46.3188465625,64,,
cost_usd,opus,109.1907065,46.31953725,64,,
cost_usd,opus,109.2889945,46.320360765625,64,,
cost_usd,opus,109.6755185,46.323911890625,64,,
cost_usd,opus,109.863784,46.32401815625,64,,
cost_usd,opus,109.94560725,46.32406325,64,,
cost_usd,opus,110.0562645,46.3258490625,64,,
cost_usd,opus,110.450667,46.329338203125,64,,
cost_usd,opus,110.5032975,46.332021265625,64,,
cost_usd,opus,110.6157755,46.332977609375,64,,
cost_usd,opus,110.6385815,46.339507453125,64,,
cost_usd,opus,110.78021425,46.340928671875,64,,
cost_usd,opus,110.82846775,46.342439078125,64,,
cost_usd,opus,110.92035975,46.34882184375,64,,
cost_usd,opus,110.9659065,46.34919375,64,,
cost_usd,opus,111.0604725,46.349778171875,64,,
cost_usd,opus,111.08542625,46.35296953125,64,,
cost_usd,opus,111.14796,46.3532883125,64,,
cost_usd,opus,111.43734075,46.353933984375,64,,
cost_usd,opus,111.615091,46.35675671875,64,,
cost_usd,opus,111.8110045,46.364780171875,64,,
cost_usd,opus,111.87586775,46.368387984375,64,,
cost_usd,opus,112.470999,46.371189859375,64,,
cost_usd,opus,112.87934125,46.37344475,64,,
cost_usd,opus,112.8846215,46.37896053125,64,,
cost_usd,opus,112.92699075,46.39006653125,64,,
cost_usd,opus,112.930277,46.39268765625,64,,
cost_usd,opus,113.31090725,46.396520953125,64,,
cost_usd,opus,113.3300105,46.399551390625,64,,
cost_usd,opus,113.78335775,46.401488375,64,,
cost_usd,opus,113.7972425,46.40255409375,64,,
cost_usd,opus,113.83585675,46.40525996875,64,,
cost_usd,opus,114.3686935,46.405634421875,64,,
cost_usd,opus,114.423017,46.410136125,64,,
cost_usd,opus,114.605184,46.413354546875,64,,
cost_usd,opus,114.92844375,46.42079565625,64,,
cost_usd,opus,115.105881,46.42953421875,64,,
cost_usd,opus,115.1334225,46.4375698125,64,,
cost_usd,opus,115.4195385,46.4385203125,64,,
cost_usd,opus,115.61952275,46.441736390625,64,,
cost_usd,opus,115.9056175,46.44996034375,64,,
cost_usd,opus,116.43520075,46.450541875,64,,
cost_usd,opus,116.5150945,46.455204078125,64,,
cost_usd,opus,117.0101,46.45595296875,64,,
cost_usd,opus,117.16913425,46.4588584375,64,,
cost_usd,opus,117.53496525,46.46481134375,64,,
cost_usd,opus,117.816168,46.465097390625,64,,
cost_usd,opus,117.9503155,46.466684046875,64,,
cost_usd,opus,117.953739,46.477726234375,64,,
cost_usd,opus,118.0178535,46.48356015625,64,,
cost_usd,opus,118.2182695,46.4894975625,64,,
cost_usd,opus,118.3167525,46.49102415625,64,,
cost_usd,opus,118.6958765,46.493012140625,64,,
cost_usd,opus,118.8200525,46.4943233125,64,,
cost_usd,opus,118.82954425,46.502781828125,64,,
cost_usd,opus,119.27969275,46.5044504375,64,,
cost_usd,opus,119.3289015,46.50544,64,,
cost_usd,opus,119.6111195,46.50818396875,64,,
cost_usd,opus,120.129151,46.511735109375,64,,
cost_usd,opus,120.3120875,46.51213834375,64,,
cost_usd,opus,120.36979125,46.51710771875,64,,
cost_usd,opus,120.4663345,46.520160703125,64,,
cost_usd,opus,120.49546875,46.52133325,64,,
cost_usd,opus,120.7053245,46.523973828125,64,,
cost_usd,opus,120.88557425,46.52415421875,64,,
cost_usd,opus,121.179091,46.531877359375,64,,
cost_usd,opus,121.3347785,46.5322001875,64,,
cost_usd,opus,121.400391,46.53356084375,64,,
cost_usd,opus,121.68480125,46.535770625,64,,
cost_usd,opus,121.7997515,46.5375461875,64,,
cost_usd,opus,121.8948345,46.539448359375,64,,
cost_usd,opus,121.988343,46.541176578125,64,,
cost_usd,opus,122.19707275,46.543160875,64,,
cost_usd,opus,122.55774625,46.544950421875,64,,
cost_usd,opus,122.937424,46.54606740625,64,,
cost_usd,opus,123.47795275,46.549379796875,64,,
cost_usd,opus,123.5326305,46.554080234375,64,,
cost_usd,opus,124.1323715,46.557727265625,64,,
cost_usd,opus,124.27874775,46.56872334375,64,,
cost_usd,opus,124.2844965,46.5696386875,64,,
cost_usd,opus,124.29269,46.5701229375,64,,
cost_usd,opus,124.87178,46.576154640625,64,,
cost_usd,opus,124.9324705,46.576800296875,64,,
cost_usd,opus,125.33336975,46.580055078125,64,,
cost_usd,opus,125.35409125,46.588578546875,64,,
cost_usd,opus,125.5065875,46.589608750000004,64,,
cost_usd,opus,125.799418,46.590738656250004,64,,
cost_usd,opus,125.92229225,46.5927475625,64,,
cost_usd,opus,126.0791015,46.592908984375,64,,
cost_usd,opus,126.3473225,46.59626996875,64,,
cost_usd,opus,126.67880075,46.5977790625,64,,
cost_usd,opus,127.1149455,46.5990519375,64,,
cost_usd,opus,127.28051525,46.602191515625,64,,
cost_usd,opus,127.326211,46.609787,64,,
cost_usd,opus,127.42885875,46.62263984375,64,,
cost_usd,opus,127.6269425,46.624151296875,64,,
cost_usd,opus,128.569437,46.624374703125,64,,
cost_usd,opus,128.60012275,46.631184453125,64,,
cost_usd,opus,128.88400075,46.6316165,64,,
cost_usd,opus,129.082859,46.625219734375,64,,
cost_usd,opus,129.71420975,46.666682546875,64,,
cost_usd,opus,129.9601955,46.671816984375,64,,
cost_usd,opus,130.02095025,46.6727963125,64,,
cost_usd,opus,130.30367225,46.674518328125,64,,
cost_usd,opus,130.428122,46.678486921875,64,,
cost_usd,opus,131.00998825,46.67945175,64,,
cost_usd,opus,131.12717625,46.67994140625,64,,
cost_usd,opus,131.501662,46.68309825,64,,
cost_usd,opus,131.76235225,46.68736190625,64,,
cost_usd,opus,131.8211815,46.689349890625,64,,
cost_usd,opus,131.85298475,46.696103671875,64,,
cost_usd,opus,131.93964225,46.69899815625,64,,
cost_usd,opus,132.034721,46.700260890625,64,,
cost_usd,opus,132.3296945,46.70044128125,64,,
cost_usd,opus,132.465307,46.7010228125,64,,
cost_usd,opus,132.673508,46.7032539375,64,,
cost_usd,opus,132.73205775,46.70491146875,64,,
cost_usd,opus,132.8621085,46.710528296875,64,,
cost_usd,opus,132.88302925,46.71346625,64,,
cost_usd,opus,132.99605075,46.714368609375,64,,
cost_usd,opus,133.14044775,46.72760325,64,,
cost_usd,opus,133.15801375,46.727747265625,64,,
cost_usd,opus,133.17867325,46.728044125,64,,
cost_usd,opus,134.340555,46.7315624375,64,,
cost_usd,opus,134.8707855,46.7375303125,64,,
cost_usd,opus,134.94294275,46.738410125,64,,
cost_usd,opus,135.57363425,46.7395910625,64,,
cost_usd,opus,136.18658725,46.740937078125,64,,
cost_usd,opus,136.52468075,46.742810640625,64,,
cost_usd,opus,136.799648,46.74657646875,64,,
cost_usd,opus,137.43926325,46.747298359375,64,,
cost_usd,opus,137.44261275,46.748594515625,64,,
cost_usd,opus,138.274624,46.753317765625,64,,
cost_usd,opus,138.4783695,46.754181875,64,,
cost_usd,opus,138.51231725,46.756427296875,64,,
cost_usd,opus,139.97175575,46.7592305,64,,
cost_usd,opus,140.344518,46.76044321875,64,,
cost_usd,opus,140.6575485,46.763150734375,64,,
cost_usd,opus,140.673327,46.763150734375,64,,
cost_usd,opus,140.744034,46.767151203125,64,,
cost_usd,opus,141.13394725,46.769553953125,64,,
cost_usd,opus,141.313362,46.7700148125,64,,
cost_usd,opus,141.811405,46.770360453125,64,,
cost_usd,opus,141.869362,46.77050446875,64,,
cost_usd,opus,141.9528015,46.77050446875,64,,
cost_usd,opus,142.35752875,46.77337671875,64,,
cost_usd,opus,142.715994,46.773434328125,64,,
cost_usd,opus,142.8540675,46.7743818125,64,,
cost_usd,opus,142.948764,46.774727453125,64,,
cost_usd,opus,143.5761345,46.77475625,64,,
cost_usd,opus,144.45260925,46.77545834375,64,,
cost_usd,opus,144.4569975,46.776120828125,64,,
cost_usd,opus,144.5442705,46.77707134375,64,,
cost_usd,opus,144.662575,46.7843203125,64,,
cost_usd,opus,144.7131905,46.784233890625,64,,
cost_usd,opus,145.211653,46.791470734375,64,,
cost_usd,opus,145.7449665,46.791470734375,64,,
cost_usd,opus,145.83084925,46.79325790625,64,,
cost_usd,opus,146.017029,46.796762078125,64,,
cost_usd,opus,146.6047055,46.799454125,64,,
cost_usd,opus,146.7048535,46.800867828125,64,,
cost_usd,opus,146.85024,46.80768990625,64,,
cost_usd,opus,146.95605175,46.809030296875,64,,
cost_usd,opus,147.6155665,46.811143328125,64,,
cost_usd,opus,147.995888,46.812001453125,64,,
cost_usd,opus,148.5418625,46.815376734375,64,,
cost_usd,opus,148.9067,46.8197245625,64,,
cost_usd,opus,149.3692405,46.822236140625,64,,
cost_usd,opus,149.3811085,46.826129625,64,,
cost_usd,opus,150.025355,46.82667215625,64,,
cost_usd,opus,150.590996,46.833830890625,64,,
cost_usd,opus,151.2991375,46.8351844375,64,,
cost_usd,opus,151.53353,46.835906328125,64,,
cost_usd,opus,151.7752555,46.842257171875,64,,
cost_usd,opus,152.0738775,46.84370846875,64,,
cost_usd,opus,152.1665625,46.845719046875,64,,
cost_usd,opus,152.790163,46.8461551875,64,,
cost_usd,opus,153.106446,46.848072703125,64,,
cost_usd,opus,153.46901,46.850839953125,64,,
cost_usd,opus,154.3656575,46.850937703125,64,,
cost_usd,opus,155.08158025,46.8533950625,64,,
cost_usd,opus,156.03627275,46.8533950625,64,,
cost_usd,opus,156.25276125,46.8533950625,64,,
cost_usd,opus,156.94125775,46.854288640625,64,,
cost_usd,opus,157.26052575,46.85527796875,64,,
cost_usd,opus,158.39263375,46.857001328125,64,,
cost_usd,opus,159.14325875,46.85856509375,64,,
cost_usd,opus,159.66526975,46.85856509375,64,,
cost_usd,opus,701.0,46.85856509375,64,,
elapsed_minutes,gemini,0,0.0,64,,
elapsed_minutes,gemini,5,0.8215779843750001,64,,
elapsed_minutes,gemini,10,5.375768,64,,
elapsed_minutes,gemini,15,9.775777328125,64,,
elapsed_minutes,gemini,20,11.3687431875,64,,
elapsed_minutes,gemini,25,13.089860625,64,,
elapsed_minutes,gemini,30,14.008709125,64,,
elapsed_minutes,gemini,35,14.831141609374999,64,,
elapsed_minutes,gemini,40,15.451748953125,64,,
elapsed_minutes,gemini,45,15.8629853125,64,,
elapsed_minutes,gemini,50,16.48965353125,64,,
elapsed_minutes,gemini,55,16.97579615625,64,,
elapsed_minutes,gemini,60,17.28075215625,64,,
elapsed_minutes,gemini,65,17.582682640625,64,,
elapsed_minutes,gemini,70,17.83967696875,64,,
elapsed_minutes,gemini,75,17.974063703125,64,,
elapsed_minutes,gemini,80,18.219167421875,64,,
elapsed_minutes,gemini,85,18.364211328125,64,,
elapsed_minutes,gemini,90,18.472417796875,64,,
elapsed_minutes,gemini,95,18.637797343749998,64,,
elapsed_minutes,gemini,100,18.746160328125,64,,
elapsed_minutes,gemini,105,18.868673734375,64,,
elapsed_minutes,gemini,110,19.100457546875,64,,
elapsed_minutes,gemini,115,19.230571609375,64,,
elapsed_minutes,gemini,120,19.40700609375,64,,
elapsed_minutes,gemini,125,19.480005546875,64,,
elapsed_minutes,gemini,130,19.599111828125,64,,
elapsed_minutes,gemini,135,19.705819765625,64,,
elapsed_minutes,gemini,140,19.76549446875,64,,
elapsed_minutes,gemini,145,19.863336296875,64,,
elapsed_minutes,gemini,150,20.006705812499998,64,,
elapsed_minutes,gemini,155,20.06041028125,64,,
elapsed_minutes,gemini,160,20.12687328125,64,,
elapsed_minutes,gemini,165,20.180511453125,64,,
elapsed_minutes,gemini,170,20.214575171875,64,,
elapsed_minutes,gemini,175,20.3080171875,64,,
elapsed_minutes,gemini,180,20.373576140625,64,,
elapsed_minutes,gemini,185,20.41091896875,64,,
elapsed_minutes,gemini,190,20.459293171875,64,,
elapsed_minutes,gemini,195,20.499282546875,64,,
elapsed_minutes,gemini,200,20.565899875,64,,
elapsed_minutes,gemini,205,20.61633675,64,,
elapsed_minutes,gemini,210,20.646571109375,64,,
elapsed_minutes,gemini,215,20.670122125,64,,
elapsed_minutes,gemini,220,20.69991953125,64,,
elapsed_minutes,gemini,225,20.725793203125,64,,
elapsed_minutes,gemini,230,20.75734734375,64,,
elapsed_minutes,gemini,235,20.771742265625,64,,
elapsed_minutes,gemini,240,20.808818703125,64,,
elapsed_minutes,gemini,245,20.829449140624998,64,,
elapsed_minutes,gemini,250,20.853937203125,64,,
elapsed_minutes,gemini,255,20.876020796875,64,,
elapsed_minutes,gemini,260,20.911834,64,,
elapsed_minutes,gemini,265,20.918566546875,64,,
elapsed_minutes,gemini,270,20.965363046874998,64,,
elapsed_minutes,gemini,275,20.982386296875,64,,
elapsed_minutes,gemini,280,21.002028140625,64,,
elapsed_minutes,gemini,285,21.025002859375,64,,
elapsed_minutes,gemini,290,21.060973171875,64,,
elapsed_minutes,gemini,295,21.0777778125,64,,
elapsed_minutes,gemini,300,21.10421115625,64,,
elapsed_minutes,gemini,305,21.170513015625,64,,
elapsed_minutes,gemini,310,21.18617709375,64,,
elapsed_minutes,gemini,315,21.1930420625,64,,
elapsed_minutes,gemini,320,21.2135719375,64,,
elapsed_minutes,gemini,325,21.232559640625,64,,
elapsed_minutes,gemini,330,21.247352765625,64,,
elapsed_minutes,gemini,335,21.263038484375,64,,
elapsed_minutes,gemini,340,21.27781115625,64,,
elapsed_minutes,gemini,345,21.35427953125,64,,
elapsed_minutes,gemini,350,21.35707565625,64,,
elapsed_minutes,gemini,355,21.365290578125,64,,
elapsed_minutes,gemini,360,21.39448790625,64,,
elapsed_minutes,gemini,365,21.404597890625,64,,
elapsed_minutes,gemini,370,21.417853234375,64,,
elapsed_minutes,gemini,375,21.428482765625,64,,
elapsed_minutes,gemini,380,21.4463966875,64,,
elapsed_minutes,gemini,385,21.455167890625,64,,
elapsed_minutes,gemini,390,21.47933525,64,,
elapsed_minutes,gemini,395,21.493194578125,64,,
elapsed_minutes,gemini,400,21.529906453125,64,,
elapsed_minutes,gemini,405,21.537315609375,64,,
elapsed_minutes,gemini,410,21.544694953125,64,,
elapsed_minutes,gemini,415,21.570562890625,64,,
elapsed_minutes,gemini,420,21.5882303125,64,,
elapsed_minutes,gemini,425,21.615240718749998,64,,
elapsed_minutes,gemini,430,21.6304731875,64,,
elapsed_minutes,gemini,435,21.63666665625,64,,
elapsed_minutes,gemini,440,21.64548721875,64,,
elapsed_minutes,gemini,445,21.649430281249998,64,,
elapsed_minutes,gemini,450,21.66787121875,64,,
elapsed_minutes,gemini,455,21.716087390625,64,,
elapsed_minutes,gemini,460,21.73309765625,64,,
elapsed_minutes,gemini,465,21.746960171875,64,,
elapsed_minutes,gemini,470,21.77065796875,64,,
elapsed_minutes,gemini,475,21.7918320625,64,,
elapsed_minutes,gemini,480,21.800897343749998,64,,
elapsed_minutes,gemini,485,21.815312984375,64,,
elapsed_minutes,gemini,490,21.825716375,64,,
elapsed_minutes,gemini,495,21.834424187499998,64,,
elapsed_minutes,gemini,500,21.859778109375,64,,
elapsed_minutes,gemini,505,21.91386834375,64,,
elapsed_minutes,gemini,510,21.925550234375,64,,
elapsed_minutes,gemini,515,21.926178796875,64,,
elapsed_minutes,gemini,520,21.9447934375,64,,
elapsed_minutes,gemini,525,21.983252859375,64,,
elapsed_minutes,gemini,530,21.997134015625,64,,
elapsed_minutes,gemini,535,22.00922353125,64,,
elapsed_minutes,gemini,540,22.048991359374998,64,,
elapsed_minutes,gemini,545,22.063647140625,64,,
elapsed_minutes,gemini,550,22.06950909375,64,,
elapsed_minutes,gemini,555,22.08867740625,64,,
elapsed_minutes,gemini,560,22.10135053125,64,,
elapsed_minutes,gemini,565,22.102876156249998,64,,
elapsed_minutes,gemini,570,22.103097234375,64,,
elapsed_minutes,gemini,575,22.10755975,64,,
elapsed_minutes,gemini,580,22.11714840625,64,,
elapsed_minutes,gemini,585,22.1230001875,64,,
elapsed_minutes,gemini,590,22.13014178125,64,,
elapsed_minutes,gemini,595,22.131333796875,64,,
elapsed_minutes,gemini,600,22.1381191875,64,,
elapsed_minutes,gemini,605,22.149566875,64,,
elapsed_minutes,gemini,610,22.149908734375,64,,
elapsed_minutes,gemini,615,22.176643140625,64,,
elapsed_minutes,gemini,620,22.18177725,64,,
elapsed_minutes,gemini,625,22.1821878125,64,,
elapsed_minutes,gemini,630,22.192016875,64,,
elapsed_minutes,gemini,635,22.194888375,64,,
elapsed_minutes,gemini,640,22.21145496875,64,,
elapsed_minutes,gemini,645,22.213115124999998,64,,
elapsed_minutes,gemini,650,22.21956521875,64,,
elapsed_minutes,gemini,655,22.224088484375,64,,
elapsed_minutes,gemini,660,22.224088484375,64,,
elapsed_minutes,gemini,665,22.22527521875,64,,
elapsed_minutes,gemini,670,22.22850575,64,,
elapsed_minutes,gemini,675,22.22850575,64,,
elapsed_minutes,gemini,680,22.22850575,64,,
elapsed_minutes,gemini,685,22.22850575,64,,
elapsed_minutes,gemini,690,22.22850575,64,,
elapsed_minutes,gemini,695,22.23098909375,64,,
elapsed_minutes,gemini,700,22.232478,64,,
elapsed_minutes,gemini,705,22.232478,64,,
elapsed_minutes,gemini,710,22.238862171875,64,,
elapsed_minutes,gemini,715,22.238862171875,64,,
elapsed_minutes,gemini,720,22.238862171875,64,,
elapsed_minutes,luna,0,0.0,64,,
elapsed_minutes,luna,5,3.452400125,64,,
elapsed_minutes,luna,10,5.306873625,64,,
elapsed_minutes,luna,15,5.2877499375,64,,
elapsed_minutes,luna,20,7.355588546875,64,,
elapsed_minutes,luna,25,8.66753153125,64,,
elapsed_minutes,luna,30,9.42962109375,64,,
elapsed_minutes,luna,35,10.012182890625,64,,
elapsed_minutes,luna,40,10.58198971875,64,,
elapsed_minutes,luna,45,11.10436315625,64,,
elapsed_minutes,luna,50,11.528016609375,64,,
elapsed_minutes,luna,55,11.80765596875,64,,
elapsed_minutes,luna,60,11.96396878125,64,,
elapsed_minutes,luna,65,12.303242375,64,,
elapsed_minutes,luna,70,12.429475703125,64,,
elapsed_minutes,luna,75,12.63550740625,64,,
elapsed_minutes,luna,80,12.680360625,64,,
elapsed_minutes,luna,85,12.787511375,64,,
elapsed_minutes,luna,90,12.83286746875,64,,
elapsed_minutes,luna,95,12.9052393125,64,,
elapsed_minutes,luna,100,12.93460009375,64,,
elapsed_minutes,luna,105,13.039895828125,64,,
elapsed_minutes,luna,110,13.059540171875,64,,
elapsed_minutes,luna,115,13.119154234375,64,,
elapsed_minutes,luna,120,13.15886984375,64,,
elapsed_minutes,luna,125,13.17576021875,64,,
elapsed_minutes,luna,130,13.196363671875,64,,
elapsed_minutes,luna,135,13.212933609375,64,,
elapsed_minutes,luna,140,13.21488784375,64,,
elapsed_minutes,luna,145,13.210193125,64,,
elapsed_minutes,luna,150,13.240004328125,64,,
elapsed_minutes,luna,155,13.26234596875,64,,
elapsed_minutes,luna,160,13.270583453125,64,,
elapsed_minutes,luna,165,13.2919085,64,,
elapsed_minutes,luna,170,13.299259453125,64,,
elapsed_minutes,luna,175,13.311117,64,,
elapsed_minutes,luna,180,13.311117,64,,
elapsed_minutes,luna,185,13.321700078125,64,,
elapsed_minutes,luna,190,13.324734234375,64,,
elapsed_minutes,luna,195,13.3240693125,64,,
elapsed_minutes,luna,200,13.3227764375,64,,
elapsed_minutes,luna,205,13.3227764375,64,,
elapsed_minutes,luna,210,13.325720109375,64,,
elapsed_minutes,luna,215,13.325721765625,64,,
elapsed_minutes,luna,220,13.325721765625,64,,
elapsed_minutes,luna,225,13.325721765625,64,,
elapsed_minutes,luna,230,13.325721765625,64,,
elapsed_minutes,luna,235,13.325721765625,64,,
elapsed_minutes,luna,240,13.325721765625,64,,
elapsed_minutes,luna,245,13.325721765625,64,,
elapsed_minutes,luna,250,13.325721765625,64,,
elapsed_minutes,luna,255,13.325721765625,64,,
elapsed_minutes,luna,260,13.325721765625,64,,
elapsed_minutes,luna,265,13.325721765625,64,,
elapsed_minutes,luna,270,13.325721765625,64,,
elapsed_minutes,luna,275,13.325721765625,64,,
elapsed_minutes,luna,280,13.325721765625,64,,
elapsed_minutes,luna,285,13.325721765625,64,,
elapsed_minutes,luna,290,13.325721765625,64,,
elapsed_minutes,luna,295,13.325721765625,64,,
elapsed_minutes,luna,300,13.325721765625,64,,
elapsed_minutes,luna,305,13.325721765625,64,,
elapsed_minutes,luna,310,13.325721765625,64,,
elapsed_minutes,luna,315,13.325721765625,64,,
elapsed_minutes,luna,320,13.325721765625,64,,
elapsed_minutes,luna,325,13.325721765625,64,,
elapsed_minutes,luna,330,13.325721765625,64,,
elapsed_minutes,luna,335,13.325721765625,64,,
elapsed_minutes,luna,340,13.325721765625,64,,
elapsed_minutes,luna,345,13.325721765625,64,,
elapsed_minutes,luna,350,13.325721765625,64,,
elapsed_minutes,luna,355,13.325721765625,64,,
elapsed_minutes,luna,360,13.325721765625,64,,
elapsed_minutes,luna,365,13.325721765625,64,,
elapsed_minutes,luna,370,13.325721765625,64,,
elapsed_minutes,luna,375,13.325721765625,64,,
elapsed_minutes,luna,380,13.325721765625,64,,
elapsed_minutes,luna,385,13.325721765625,64,,
elapsed_minutes,luna,390,13.325721765625,64,,
elapsed_minutes,luna,395,13.325721765625,64,,
elapsed_minutes,luna,400,13.325721765625,64,,
elapsed_minutes,luna,405,13.325721765625,64,,
elapsed_minutes,luna,410,13.325721765625,64,,
elapsed_minutes,luna,415,13.325721765625,64,,
elapsed_minutes,luna,420,13.325721765625,64,,
elapsed_minutes,luna,425,13.325721765625,64,,
elapsed_minutes,luna,430,13.326076828125,64,,
elapsed_minutes,luna,435,13.326076828125,64,,
elapsed_minutes,luna,440,13.332410484375,64,,
elapsed_minutes,luna,445,13.332410484375,64,,
elapsed_minutes,luna,450,13.332410484375,64,,
elapsed_minutes,luna,455,13.332410484375,64,,
elapsed_minutes,luna,460,13.3324033125,64,,
elapsed_minutes,luna,465,13.3324033125,64,,
elapsed_minutes,luna,470,13.3324033125,64,,
elapsed_minutes,luna,475,13.3324033125,64,,
elapsed_minutes,luna,480,13.3324033125,64,,
elapsed_minutes,luna,485,13.3324033125,64,,
elapsed_minutes,luna,490,13.3324033125,64,,
elapsed_minutes,luna,495,13.3324033125,64,,
elapsed_minutes,luna,500,13.3324033125,64,,
elapsed_minutes,luna,505,13.3324033125,64,,
elapsed_minutes,luna,510,13.3324033125,64,,
elapsed_minutes,luna,515,13.33020840625,64,,
elapsed_minutes,luna,520,13.33020840625,64,,
elapsed_minutes,luna,525,13.33020840625,64,,
elapsed_minutes,luna,530,13.33020840625,64,,
elapsed_minutes,luna,535,13.33020840625,64,,
elapsed_minutes,luna,540,13.33020840625,64,,
elapsed_minutes,luna,545,13.33020840625,64,,
elapsed_minutes,luna,550,13.33020840625,64,,
elapsed_minutes,luna,555,13.33020840625,64,,
elapsed_minutes,luna,560,13.33020840625,64,,
elapsed_minutes,luna,565,13.330793,64,,
elapsed_minutes,luna,570,13.330793,64,,
elapsed_minutes,luna,575,13.330793,64,,
elapsed_minutes,luna,580,13.330793,64,,
elapsed_minutes,luna,585,13.330793,64,,
elapsed_minutes,luna,590,13.330793,64,,
elapsed_minutes,luna,595,13.330793,64,,
elapsed_minutes,luna,600,13.330793,64,,
elapsed_minutes,luna,605,13.330793,64,,
elapsed_minutes,luna,610,13.330793,64,,
elapsed_minutes,luna,615,13.330793,64,,
elapsed_minutes,luna,620,13.330793,64,,
elapsed_minutes,luna,625,13.330793,64,,
elapsed_minutes,luna,630,13.330793,64,,
elapsed_minutes,luna,635,13.330793,64,,
elapsed_minutes,luna,640,13.330793,64,,
elapsed_minutes,luna,645,13.330793,64,,
elapsed_minutes,luna,650,13.330793,64,,
elapsed_minutes,luna,655,13.330793,64,,
elapsed_minutes,luna,660,13.330793,64,,
elapsed_minutes,luna,665,13.330793,64,,
elapsed_minutes,luna,670,13.330793,64,,
elapsed_minutes,luna,675,13.330793,64,,
elapsed_minutes,luna,680,13.330793,64,,
elapsed_minutes,luna,685,13.330793,64,,
elapsed_minutes,luna,690,13.330793,64,,
elapsed_minutes,luna,695,13.330793,64,,
elapsed_minutes,luna,700,13.330793,64,,
elapsed_minutes,luna,705,13.330793,64,,
elapsed_minutes,luna,710,13.330793,64,,
elapsed_minutes,luna,715,13.330793,64,,
elapsed_minutes,luna,720,13.330793,64,,
elapsed_minutes,muse,0,0.0,64,,
elapsed_minutes,muse,5,2.371621546875,64,,
elapsed_minutes,muse,10,3.79018040625,64,,
elapsed_minutes,muse,15,5.864989125,64,,
elapsed_minutes,muse,20,8.69125146875,64,,
elapsed_minutes,muse,25,10.26526603125,64,,
elapsed_minutes,muse,30,11.572842968749999,64,,
elapsed_minutes,muse,35,12.20412175,64,,
elapsed_minutes,muse,40,12.1041385625,64,,
elapsed_minutes,muse,45,12.942087,64,,
elapsed_minutes,muse,50,14.001820734375,64,,
elapsed_minutes,muse,55,14.119891687500001,64,,
elapsed_minutes,muse,60,14.586646890625,64,,
elapsed_minutes,muse,65,15.001412609375,64,,
elapsed_minutes,muse,70,15.12258553125,64,,
elapsed_minutes,muse,75,15.206047,64,,
elapsed_minutes,muse,80,15.70169246875,64,,
elapsed_minutes,muse,85,15.833231421875,64,,
elapsed_minutes,muse,90,15.475380875,64,,
elapsed_minutes,muse,95,15.629101984375,64,,
elapsed_minutes,muse,100,15.74310946875,64,,
elapsed_minutes,muse,105,15.895326484375,64,,
elapsed_minutes,muse,110,16.18300640625,64,,
elapsed_minutes,muse,115,16.195889015625,64,,
elapsed_minutes,muse,120,16.286157437500002,64,,
elapsed_minutes,muse,125,16.372951109375,64,,
elapsed_minutes,muse,130,16.41224115625,64,,
elapsed_minutes,muse,135,16.447434734375,64,,
elapsed_minutes,muse,140,16.551080734375,64,,
elapsed_minutes,muse,145,16.66945509375,64,,
elapsed_minutes,muse,150,16.718963546875,64,,
elapsed_minutes,muse,155,16.790214828125,64,,
elapsed_minutes,muse,160,16.841880421875,64,,
elapsed_minutes,muse,165,16.866480078125,64,,
elapsed_minutes,muse,170,17.03225715625,64,,
elapsed_minutes,muse,175,17.10872825,64,,
elapsed_minutes,muse,180,17.175052953125,64,,
elapsed_minutes,muse,185,17.217955703125,64,,
elapsed_minutes,muse,190,17.195519328125,64,,
elapsed_minutes,muse,195,17.28802690625,64,,
elapsed_minutes,muse,200,17.305855765625,64,,
elapsed_minutes,muse,205,17.323122859375,64,,
elapsed_minutes,muse,210,17.34471090625,64,,
elapsed_minutes,muse,215,17.37808915625,64,,
elapsed_minutes,muse,220,17.398961671875,64,,
elapsed_minutes,muse,225,17.39811096875,64,,
elapsed_minutes,muse,230,17.43449621875,64,,
elapsed_minutes,muse,235,17.48457628125,64,,
elapsed_minutes,muse,240,17.519147984375,64,,
elapsed_minutes,muse,245,17.551447625,64,,
elapsed_minutes,muse,250,17.570561515625,64,,
elapsed_minutes,muse,255,17.588971203125,64,,
elapsed_minutes,muse,260,17.6337533125,64,,
elapsed_minutes,muse,265,17.64154034375,64,,
elapsed_minutes,muse,270,17.656222328125,64,,
elapsed_minutes,muse,275,17.66247765625,64,,
elapsed_minutes,muse,280,17.685248453125,64,,
elapsed_minutes,muse,285,17.689944078125,64,,
elapsed_minutes,muse,290,17.7220309375,64,,
elapsed_minutes,muse,295,17.729666390625,64,,
elapsed_minutes,muse,300,17.73464,64,,
elapsed_minutes,muse,305,17.732742734375,64,,
elapsed_minutes,muse,310,17.744575015625,64,,
elapsed_minutes,muse,315,17.75745096875,64,,
elapsed_minutes,muse,320,17.531811296875,64,,
elapsed_minutes,muse,325,17.59144303125,64,,
elapsed_minutes,muse,330,17.605607046875,64,,
elapsed_minutes,muse,335,17.6092775,64,,
elapsed_minutes,muse,340,17.623106984375,64,,
elapsed_minutes,muse,345,17.627995640625,64,,
elapsed_minutes,muse,350,17.67138553125,64,,
elapsed_minutes,muse,355,17.684018265625,64,,
elapsed_minutes,muse,360,17.706615,64,,
elapsed_minutes,muse,365,17.70900915625,64,,
elapsed_minutes,muse,370,17.702366578125,64,,
elapsed_minutes,muse,375,17.734629890625,64,,
elapsed_minutes,muse,380,17.763817765625,64,,
elapsed_minutes,muse,385,17.769929,64,,
elapsed_minutes,muse,390,17.779066109374998,64,,
elapsed_minutes,muse,395,17.7859510625,64,,
elapsed_minutes,muse,400,17.79738953125,64,,
elapsed_minutes,muse,405,17.808230734375,64,,
elapsed_minutes,muse,410,17.811386765625,64,,
elapsed_minutes,muse,415,17.812401671875,64,,
elapsed_minutes,muse,420,17.81758384375,64,,
elapsed_minutes,muse,425,17.849445484375,64,,
elapsed_minutes,muse,430,17.8543955625,64,,
elapsed_minutes,muse,435,17.858310515625,64,,
elapsed_minutes,muse,440,17.861211296875,64,,
elapsed_minutes,muse,445,17.8640755,64,,
elapsed_minutes,muse,450,17.864346921875,64,,
elapsed_minutes,muse,455,17.865090375,64,,
elapsed_minutes,muse,460,17.87337390625,64,,
elapsed_minutes,muse,465,17.880220609375,64,,
elapsed_minutes,muse,470,17.890489359375,64,,
elapsed_minutes,muse,475,17.891928453125,64,,
elapsed_minutes,muse,480,17.904011171875,64,,
elapsed_minutes,muse,485,17.90616025,64,,
elapsed_minutes,muse,490,17.906979875,64,,
elapsed_minutes,muse,495,17.906979875,64,,
elapsed_minutes,muse,500,17.91381596875,64,,
elapsed_minutes,muse,505,17.91605515625,64,,
elapsed_minutes,muse,510,17.91644909375,64,,
elapsed_minutes,muse,515,17.929195875,64,,
elapsed_minutes,muse,520,17.929195875,64,,
elapsed_minutes,muse,525,17.929195875,64,,
elapsed_minutes,muse,530,17.931624359375,64,,
elapsed_minutes,muse,535,17.932757890625,64,,
elapsed_minutes,muse,540,17.933668328125,64,,
elapsed_minutes,muse,545,17.93497625,64,,
elapsed_minutes,muse,550,17.93607490625,64,,
elapsed_minutes,muse,555,17.935028265625,64,,
elapsed_minutes,muse,560,17.936789609375,64,,
elapsed_minutes,muse,565,17.940573875,64,,
elapsed_minutes,muse,570,17.941881796875,64,,
elapsed_minutes,muse,575,17.941881796875,64,,
elapsed_minutes,muse,580,17.94317228125,64,,
elapsed_minutes,muse,585,17.94317228125,64,,
elapsed_minutes,muse,590,17.94317228125,64,,
elapsed_minutes,muse,595,17.944288390625,64,,
elapsed_minutes,muse,600,17.950795703125,64,,
elapsed_minutes,muse,605,17.95344465625,64,,
elapsed_minutes,muse,610,17.953535671875,64,,
elapsed_minutes,muse,615,17.9507095625,64,,
elapsed_minutes,muse,620,17.953081265625,64,,
elapsed_minutes,muse,625,17.95695834375,64,,
elapsed_minutes,muse,630,17.95695834375,64,,
elapsed_minutes,muse,635,17.958320125,64,,
elapsed_minutes,muse,640,17.96161609375,64,,
elapsed_minutes,muse,645,17.9626973125,64,,
elapsed_minutes,muse,650,17.964388890625,64,,
elapsed_minutes,muse,655,17.96663853125,64,,
elapsed_minutes,muse,660,17.96826034375,64,,
elapsed_minutes,muse,665,17.96826034375,64,,
elapsed_minutes,muse,670,17.96826034375,64,,
elapsed_minutes,muse,675,17.96826034375,64,,
elapsed_minutes,muse,680,17.96826034375,64,,
elapsed_minutes,muse,685,17.96826034375,64,,
elapsed_minutes,muse,690,17.96826034375,64,,
elapsed_minutes,muse,695,17.96826034375,64,,
elapsed_minutes,muse,700,17.96826034375,64,,
elapsed_minutes,muse,705,17.96826034375,64,,
elapsed_minutes,muse,710,17.96826034375,64,,
elapsed_minutes,muse,715,17.96826034375,64,,
elapsed_minutes,muse,720,17.652596921875,64,,
elapsed_minutes,sol,0,0.0,64,,
elapsed_minutes,sol,5,5.3187922812499995,64,,
elapsed_minutes,sol,10,6.502039578125,64,,
elapsed_minutes,sol,15,10.32032309375,64,,
elapsed_minutes,sol,20,14.875236890625,64,,
elapsed_minutes,sol,25,17.063885203125,64,,
elapsed_minutes,sol,30,19.56096153125,64,,
elapsed_minutes,sol,35,21.161240515625,64,,
elapsed_minutes,sol,40,21.824860859375,64,,
elapsed_minutes,sol,45,22.799850046875,64,,
elapsed_minutes,sol,50,23.51690546875,64,,
elapsed_minutes,sol,55,23.697772906249998,64,,
elapsed_minutes,sol,60,24.314017859375,64,,
elapsed_minutes,sol,65,24.55041071875,64,,
elapsed_minutes,sol,70,25.184082625,64,,
elapsed_minutes,sol,75,25.74592440625,64,,
elapsed_minutes,sol,80,26.1857703125,64,,
elapsed_minutes,sol,85,26.704056265625,64,,
elapsed_minutes,sol,90,27.029932765625,64,,
elapsed_minutes,sol,95,27.34860915625,64,,
elapsed_minutes,sol,100,27.49305596875,64,,
elapsed_minutes,sol,105,28.179266359375,64,,
elapsed_minutes,sol,110,28.721337796875,64,,
elapsed_minutes,sol,115,28.959136859375,64,,
elapsed_minutes,sol,120,29.1812255625,64,,
elapsed_minutes,sol,125,28.96704521875,64,,
elapsed_minutes,sol,130,29.21484575,64,,
elapsed_minutes,sol,135,29.479756046875,64,,
elapsed_minutes,sol,140,29.725872015625,64,,
elapsed_minutes,sol,145,30.038040890625002,64,,
elapsed_minutes,sol,150,30.276628953124998,64,,
elapsed_minutes,sol,155,30.414273953125,64,,
elapsed_minutes,sol,160,30.58338059375,64,,
elapsed_minutes,sol,165,30.79633334375,64,,
elapsed_minutes,sol,170,30.919468234375,64,,
elapsed_minutes,sol,175,31.265009640625,64,,
elapsed_minutes,sol,180,31.2768645,64,,
elapsed_minutes,sol,185,31.484927484375,64,,
elapsed_minutes,sol,190,31.990815953125,64,,
elapsed_minutes,sol,195,32.0782551875,64,,
elapsed_minutes,sol,200,32.262892140625,64,,
elapsed_minutes,sol,205,32.791673765625,64,,
elapsed_minutes,sol,210,33.488454078125,64,,
elapsed_minutes,sol,215,33.5918535625,64,,
elapsed_minutes,sol,220,34.180884609375,64,,
elapsed_minutes,sol,225,34.2648966875,64,,
elapsed_minutes,sol,230,34.437554828125,64,,
elapsed_minutes,sol,235,34.498891359375,64,,
elapsed_minutes,sol,240,34.61256353125,64,,
elapsed_minutes,sol,245,34.694028796875,64,,
elapsed_minutes,sol,250,34.773857953125,64,,
elapsed_minutes,sol,255,34.888216328125,64,,
elapsed_minutes,sol,260,34.86578925,64,,
elapsed_minutes,sol,265,34.96709759375,64,,
elapsed_minutes,sol,270,35.160588125,64,,
elapsed_minutes,sol,275,35.223316234375,64,,
elapsed_minutes,sol,280,35.63043771875,64,,
elapsed_minutes,sol,285,35.710166828125,64,,
elapsed_minutes,sol,290,35.80515484375,64,,
elapsed_minutes,sol,295,35.892766046875,64,,
elapsed_minutes,sol,300,36.023276359375,64,,
elapsed_minutes,sol,305,36.190751046875,64,,
elapsed_minutes,sol,310,36.24076265625,64,,
elapsed_minutes,sol,315,36.2747698125,64,,
elapsed_minutes,sol,320,36.33491965625,64,,
elapsed_minutes,sol,325,36.361261796875,64,,
elapsed_minutes,sol,330,36.430608328125,64,,
elapsed_minutes,sol,335,36.463929390625,64,,
elapsed_minutes,sol,340,36.501984046875,64,,
elapsed_minutes,sol,345,36.5198020625,64,,
elapsed_minutes,sol,350,36.557978453125,64,,
elapsed_minutes,sol,355,36.595372984375,64,,
elapsed_minutes,sol,360,36.628056953125,64,,
elapsed_minutes,sol,365,36.652371078125,64,,
elapsed_minutes,sol,370,36.73038375,64,,
elapsed_minutes,sol,375,36.788708765625,64,,
elapsed_minutes,sol,380,36.82401478125,64,,
elapsed_minutes,sol,385,36.878239265625,64,,
elapsed_minutes,sol,390,36.896927687499996,64,,
elapsed_minutes,sol,395,36.92561028125,64,,
elapsed_minutes,sol,400,36.956687109375,64,,
elapsed_minutes,sol,405,36.981492234375,64,,
elapsed_minutes,sol,410,37.024679484375,64,,
elapsed_minutes,sol,415,37.0600269375,64,,
elapsed_minutes,sol,420,37.11705353125,64,,
elapsed_minutes,sol,425,37.136865875,64,,
elapsed_minutes,sol,430,37.246575046875,64,,
elapsed_minutes,sol,435,37.257377734375,64,,
elapsed_minutes,sol,440,37.295683625,64,,
elapsed_minutes,sol,445,37.318360546875,64,,
elapsed_minutes,sol,450,37.331418125,64,,
elapsed_minutes,sol,455,37.35328525,64,,
elapsed_minutes,sol,460,37.37833984375,64,,
elapsed_minutes,sol,465,37.378586578125,64,,
elapsed_minutes,sol,470,37.403353375,64,,
elapsed_minutes,sol,475,37.431304078125,64,,
elapsed_minutes,sol,480,37.491554125,64,,
elapsed_minutes,sol,485,37.508371875,64,,
elapsed_minutes,sol,490,37.529252640625,64,,
elapsed_minutes,sol,495,37.544451625,64,,
elapsed_minutes,sol,500,37.55906584375,64,,
elapsed_minutes,sol,505,37.565962609375,64,,
elapsed_minutes,sol,510,37.5878633125,64,,
elapsed_minutes,sol,515,37.616490875,64,,
elapsed_minutes,sol,520,37.624025328125,64,,
elapsed_minutes,sol,525,37.627818625,64,,
elapsed_minutes,sol,530,37.652436578125,64,,
elapsed_minutes,sol,535,37.665509484375,64,,
elapsed_minutes,sol,540,37.685417453125,64,,
elapsed_minutes,sol,545,37.69586703125,64,,
elapsed_minutes,sol,550,37.703101265625,64,,
elapsed_minutes,sol,555,37.714284,64,,
elapsed_minutes,sol,560,37.68971628125,64,,
elapsed_minutes,sol,565,37.69478215625,64,,
elapsed_minutes,sol,570,37.70538946875,64,,
elapsed_minutes,sol,575,37.71054634375,64,,
elapsed_minutes,sol,580,37.71922615625,64,,
elapsed_minutes,sol,585,37.72238325,64,,
elapsed_minutes,sol,590,37.726468484375,64,,
elapsed_minutes,sol,595,37.738321671875,64,,
elapsed_minutes,sol,600,37.740854171875,64,,
elapsed_minutes,sol,605,37.743972625,64,,
elapsed_minutes,sol,610,37.79607278125,64,,
elapsed_minutes,sol,615,37.79898240625,64,,
elapsed_minutes,sol,620,37.806638140625,64,,
elapsed_minutes,sol,625,37.813230078125,64,,
elapsed_minutes,sol,630,37.81331728125,64,,
elapsed_minutes,sol,635,37.828412734375,64,,
elapsed_minutes,sol,640,37.82917778125,64,,
elapsed_minutes,sol,645,37.83004459375,64,,
elapsed_minutes,sol,650,37.831325953125,64,,
elapsed_minutes,sol,655,37.832716609375,64,,
elapsed_minutes,sol,660,37.833598484375,64,,
elapsed_minutes,sol,665,37.834453984375,64,,
elapsed_minutes,sol,670,37.83644009375,64,,
elapsed_minutes,sol,675,37.83657953125,64,,
elapsed_minutes,sol,680,37.83657953125,64,,
elapsed_minutes,sol,685,37.83657953125,64,,
elapsed_minutes,sol,690,37.83657953125,64,,
elapsed_minutes,sol,695,37.83657953125,64,,
elapsed_minutes,sol,700,37.83657953125,64,,
elapsed_minutes,sol,705,37.83657953125,64,,
elapsed_minutes,sol,710,37.83657953125,64,,
elapsed_minutes,sol,715,37.83657953125,64,,
elapsed_minutes,sol,720,37.83657953125,64,,
elapsed_minutes,opus,0,0.0,64,,
elapsed_minutes,opus,5,0.9161216718749999,64,,
elapsed_minutes,opus,10,2.1038026562499996,64,,
elapsed_minutes,opus,15,4.1135905,64,,
elapsed_minutes,opus,20,8.373107546875,64,,
elapsed_minutes,opus,25,11.491922046875,64,,
elapsed_minutes,opus,30,16.763907734375,64,,
elapsed_minutes,opus,35,18.7460769375,64,,
elapsed_minutes,opus,40,20.2708121875,64,,
elapsed_minutes,opus,45,20.736661640624998,64,,
elapsed_minutes,opus,50,21.428235,64,,
elapsed_minutes,opus,55,24.9531044375,64,,
elapsed_minutes,opus,60,25.782209828125,64,,
elapsed_minutes,opus,65,27.627672812500002,64,,
elapsed_minutes,opus,70,28.585303265625,64,,
elapsed_minutes,opus,75,30.490244640625,64,,
elapsed_minutes,opus,80,30.93300259375,64,,
elapsed_minutes,opus,85,31.5508131875,64,,
elapsed_minutes,opus,90,31.916337203125,64,,
elapsed_minutes,opus,95,32.524824890625,64,,
elapsed_minutes,opus,100,32.951016296875,64,,
elapsed_minutes,opus,105,33.19505709375,64,,
elapsed_minutes,opus,110,33.583765875,64,,
elapsed_minutes,opus,115,34.01521528125,64,,
elapsed_minutes,opus,120,34.3376265625,64,,
elapsed_minutes,opus,125,34.806323984375,64,,
elapsed_minutes,opus,130,35.146437234375,64,,
elapsed_minutes,opus,135,36.5165313125,64,,
elapsed_minutes,opus,140,36.778408609375,64,,
elapsed_minutes,opus,145,36.175003375,64,,
elapsed_minutes,opus,150,36.4288379375,64,,
elapsed_minutes,opus,155,36.473439359375,64,,
elapsed_minutes,opus,160,37.546523484375,64,,
elapsed_minutes,opus,165,37.921733109375,64,,
elapsed_minutes,opus,170,38.42193609375,64,,
elapsed_minutes,opus,175,38.650291375,64,,
elapsed_minutes,opus,180,38.633004375,64,,
elapsed_minutes,opus,185,38.920513671875,64,,
elapsed_minutes,opus,190,39.314208171875,64,,
elapsed_minutes,opus,195,39.439058203125,64,,
elapsed_minutes,opus,200,39.614657203125,64,,
elapsed_minutes,opus,205,39.85763603125,64,,
elapsed_minutes,opus,210,39.949709640625,64,,
elapsed_minutes,opus,215,40.193686875,64,,
elapsed_minutes,opus,220,40.25803265625,64,,
elapsed_minutes,opus,225,40.386929765625,64,,
elapsed_minutes,opus,230,40.63892003125,64,,
elapsed_minutes,opus,235,40.61304946875,64,,
elapsed_minutes,opus,240,40.679679578125,64,,
elapsed_minutes,opus,245,40.8208705,64,,
elapsed_minutes,opus,250,40.932481109375,64,,
elapsed_minutes,opus,255,41.056814,64,,
elapsed_minutes,opus,260,41.19823303125,64,,
elapsed_minutes,opus,265,41.460777390625,64,,
elapsed_minutes,opus,270,41.4934521875,64,,
elapsed_minutes,opus,275,41.4139901875,64,,
elapsed_minutes,opus,280,41.726546078125,64,,
elapsed_minutes,opus,285,41.8595276875,64,,
elapsed_minutes,opus,290,41.89786384375,64,,
elapsed_minutes,opus,295,41.880190078125,64,,
elapsed_minutes,opus,300,41.976538140625,64,,
elapsed_minutes,opus,305,42.503820140625,64,,
elapsed_minutes,opus,310,42.207433875,64,,
elapsed_minutes,opus,315,42.23065428125,64,,
elapsed_minutes,opus,320,42.86090915625,64,,
elapsed_minutes,opus,325,42.457053296875,64,,
elapsed_minutes,opus,330,42.669214359375,64,,
elapsed_minutes,opus,335,43.23659059375,64,,
elapsed_minutes,opus,340,43.3077255625,64,,
elapsed_minutes,opus,345,43.385709750000004,64,,
elapsed_minutes,opus,350,43.54881159375,64,,
elapsed_minutes,opus,355,43.47657796875,64,,
elapsed_minutes,opus,360,43.57208525,64,,
elapsed_minutes,opus,365,43.334573203125,64,,
elapsed_minutes,opus,370,43.55519553125,64,,
elapsed_minutes,opus,375,43.645756171875,64,,
elapsed_minutes,opus,380,43.745707328125,64,,
elapsed_minutes,opus,385,44.099008140625,64,,
elapsed_minutes,opus,390,44.151654625,64,,
elapsed_minutes,opus,395,44.233785828125,64,,
elapsed_minutes,opus,400,44.294921015625,64,,
elapsed_minutes,opus,405,44.114772890625,64,,
elapsed_minutes,opus,410,44.115490734375,64,,
elapsed_minutes,opus,415,44.421682203125,64,,
elapsed_minutes,opus,420,44.470476875,64,,
elapsed_minutes,opus,425,44.462707453125,64,,
elapsed_minutes,opus,430,44.568028984375,64,,
elapsed_minutes,opus,435,44.543691109375,64,,
elapsed_minutes,opus,440,44.630477375,64,,
elapsed_minutes,opus,445,44.533872484375,64,,
elapsed_minutes,opus,450,44.8081135625,64,,
elapsed_minutes,opus,455,44.9706278125,64,,
elapsed_minutes,opus,460,45.059599375,64,,
elapsed_minutes,opus,465,45.040675234375,64,,
elapsed_minutes,opus,470,45.143043328125,64,,
elapsed_minutes,opus,475,44.9369230625,64,,
elapsed_minutes,opus,480,45.03787778125,64,,
elapsed_minutes,opus,485,45.324023609375,64,,
elapsed_minutes,opus,490,45.19268853125,64,,
elapsed_minutes,opus,495,45.41099165625,64,,
elapsed_minutes,opus,500,45.086319046875,64,,
elapsed_minutes,opus,505,45.31910128125,64,,
elapsed_minutes,opus,510,45.2202164375,64,,
elapsed_minutes,opus,515,45.10523740625,64,,
elapsed_minutes,opus,520,45.567475578125,64,,
elapsed_minutes,opus,525,45.273165125,64,,
elapsed_minutes,opus,530,45.370328984375,64,,
elapsed_minutes,opus,535,45.643120953125,64,,
elapsed_minutes,opus,540,45.47791928125,64,,
elapsed_minutes,opus,545,45.628485546875,64,,
elapsed_minutes,opus,550,45.674028640625,64,,
elapsed_minutes,opus,555,45.8428528125,64,,
elapsed_minutes,opus,560,45.529631109374996,64,,
elapsed_minutes,opus,565,46.025478453125,64,,
elapsed_minutes,opus,570,46.05663715625,64,,
elapsed_minutes,opus,575,45.775914640625,64,,
elapsed_minutes,opus,580,45.935343234375,64,,
elapsed_minutes,opus,585,45.9679666875,64,,
elapsed_minutes,opus,590,46.00146090625,64,,
elapsed_minutes,opus,595,46.06009625,64,,
elapsed_minutes,opus,600,46.098924,64,,
elapsed_minutes,opus,605,46.1892585,64,,
elapsed_minutes,opus,610,46.1871155,64,,
elapsed_minutes,opus,615,46.36385846875,64,,
elapsed_minutes,opus,620,46.07122371875,64,,
elapsed_minutes,opus,625,46.144264109375,64,,
elapsed_minutes,opus,630,46.280863484375,64,,
elapsed_minutes,opus,635,46.471459609375,64,,
elapsed_minutes,opus,640,46.696777390625,64,,
elapsed_minutes,opus,645,46.742792578125,64,,
elapsed_minutes,opus,650,46.335962875,64,,
elapsed_minutes,opus,655,46.344857875,64,,
elapsed_minutes,opus,660,46.810290796875,64,,
elapsed_minutes,opus,665,46.826622296875,64,,
elapsed_minutes,opus,670,46.83048521875,64,,
elapsed_minutes,opus,675,46.839684546875,64,,
elapsed_minutes,opus,680,46.843666796875,64,,
elapsed_minutes,opus,685,46.849234109375,64,,
elapsed_minutes,opus,690,46.8542183125,64,,
elapsed_minutes,opus,695,46.854969765625,64,,
elapsed_minutes,opus,700,46.857257703125,64,,
elapsed_minutes,opus,705,46.85856509375,64,,
elapsed_minutes,opus,710,46.85856509375,64,,
elapsed_minutes,opus,715,46.85856509375,64,,
elapsed_minutes,opus,720,46.85856509375,64,,
